0.939909,9.62375,0.00966089,0.0384339,0.0108551,0.034658,0.00448417,0.0185238,0.00472515,0.0114386,0.756203,23.9767,18.1313,0.916554,378.388,
0.805184,8.11494,0.0438521,0.0964756,0.0851455,0.183236,0.0325959,0.0761922,0.0702991,0.145937,0.604658,21.4707,12.9824,0.847069,288.693,
0.711789,8.19418,0.0372452,0.101789,0.0577854,0.237969,0.0191654,0.0617933,0.0338594,0.150661,0.592502,28.4269,16.843,0.856152,356.695,
0.826882,9.08259,0.0851598,0.0727448,0.0663204,0.115162,0.0481305,0.0437547,0.0354896,0.0592977,0.558563,30.4191,16.991,0.794528,362.953,
0.901867,8.49143,0.0499952,0.0353776,0.0741848,0.05724,0.0285952,0.0149233,0.0341231,0.026375,0.668096,22.0459,14.7288,0.870095,266.165,
0.976547,8.71623,0.0201597,0.014562,0.0412375,0.0135213,0.0197089,0.00483811,0.0349122,0.00962596,0.8,21.6641,17.3313,0.910029,312.473,
0.91871,8.81932,0.00526134,0.0258404,0.0307472,0.0607208,0.00880823,0.00946564,0.0159637,0.039324,0.781062,22.4955,17.5704,0.935081,320.399,
0.816826,8.35046,0.023013,0.0589261,0.0151113,0.131946,0.0177665,0.0318511,0.0246887,0.0759399,0.637346,25.3963,16.1862,0.939784,329.995,
0.88485,8.41508,0.0176017,0.0269956,0.0361276,0.0942265,0.0145263,0.0252604,0.0297728,0.0717509,0.749489,21.0389,15.7684,0.934156,287.025,
0.955743,7.57863,0.00446273,0.0149794,0.0294788,0.0278052,0.00587071,0.00699289,0.0241803,0.0119652,0.766965,18.8311,14.4428,0.907277,232.373,
0.855922,5.4427,0.0571711,0.0692997,0.0839748,0.121071,0.0314499,0.0562055,0.0644189,0.0874454,0.644772,12.1868,7.85771,0.9363,92.1983,
0.954326,16.1406,0.0193892,0.039863,0.0635715,0.0488027,0.013148,0.0267476,0.0493298,0.0459037,0.823529,34.7228,28.5952,0.837719,849.392,
0.90153,18.7205,0.0552123,0.11387,0.106373,0.0781146,0.0377141,0.0858687,0.07778,0.0621207,0.573802,42.4774,24.3736,0.70192,994.991,
0.863007,10.9853,0.0439327,0.0589683,0.0428098,0.107841,0.0318705,0.0444612,0.0234158,0.0662061,0.689399,26.3001,18.1313,0.790711,397.996,
0.589923,11.9125,0.016852,0.130962,0.00842342,0.37744,0.0068293,0.0753472,0.00373887,0.257272,0.485486,41.3073,20.0541,0.756071,730.494,
0.786611,11.7996,0.0288636,0.0709086,0.0758887,0.191754,0.0215798,0.0515547,0.058719,0.139796,0.619746,28.0428,17.3794,0.747867,483.52,
0.735148,12.5515,0.0503229,0.132724,0.100253,0.238436,0.0311111,0.0853115,0.062535,0.171518,0.526897,34.324,18.0852,0.681969,573.632,
0.635908,18.305,0.13288,0.17054,0.241047,0.39497,0.0965222,0.146922,0.214925,0.355947,0.580955,55.0533,31.9835,0.700242,1618.68,
0.88359,18.3679,0.0334638,0.0511227,0.0552916,0.081202,0.0244966,0.0323893,0.0271781,0.0405896,0.69031,43.4052,29.9631,0.823232,1117.23,
0.794017,13.551,0.00616315,0.0488451,0.0555243,0.165377,0.00581217,0.0374528,0.0405424,0.0994249,0.652714,34.6205,22.5973,0.848875,713.389,
0.488666,20.0267,0.160507,0.225855,0.270119,0.501882,0.0842399,0.148846,0.185301,0.356298,0.444893,75.3824,33.5371,0.608837,2058.4,
0.902509,6.54709,0.0542879,0.0685446,0.0761737,0.0801558,0.044815,0.0509873,0.063156,0.0619303,0.749415,16.3529,12.2551,0.897686,181.476,
0.701581,5.89149,0.0480645,0.0989221,0.201316,0.288541,0.0371941,0.0718512,0.141141,0.22136,0.479273,14.5148,6.95656,0.726654,112.64,
0.799827,13.0793,0.0406893,0.0386422,0.163889,0.172623,0.0389594,0.0326442,0.113858,0.123641,0.542326,32.3982,17.5704,0.720954,541.926,
0.662056,5.9869,0.109928,0.13891,0.11204,0.306748,0.0597583,0.0854461,0.0520267,0.218001,0.51292,17.6296,9.0426,0.756716,148.936,
0.595255,11.7612,0.0478294,0.0453622,0.0251133,0.384233,0.0288731,0.00270325,0.0151075,0.277528,0.437432,39.3999,17.2348,0.657029,633.29,
0.855008,11.8552,0.0748744,0.0316917,0.125324,0.10958,0.0447044,0.014659,0.0828008,0.0688054,0.619555,29.6341,18.3599,0.728193,462.66,
0.58453,10.4664,0.0427541,0.16424,0.0176248,0.381944,0.022044,0.0954514,0.00509042,0.261558,0.503439,36.469,18.3599,0.782093,573.632,
0.437272,4.32066,0.125608,0.448654,0.128654,0.535533,0.0719335,0.322037,0.0857162,0.345055,0.335201,17.2348,5.77711,0.626399,90.1124,
0.80798,7.66966,0.0187378,0.0514228,0.0293006,0.161747,0.017213,0.0319244,0.00135476,0.111464,0.65016,21.8559,14.2098,0.943215,254.067,
0.613495,7.52296,0.0925784,0.15958,0.0859934,0.345244,0.0555925,0.0990119,0.0550182,0.236141,0.499783,31.0167,15.5016,0.835069,342.093,
0.644771,5.49886,0.0218763,0.104255,0.0225542,0.320399,0.0137549,0.0611542,0.018923,0.214796,0.579741,20.0541,11.6262,0.895529,190.654,
0.813278,8.43606,0.043129,0.110358,0.0429704,0.160563,0.0276881,0.0671301,0.0341783,0.121115,0.658265,25.8118,16.991,0.833004,353.357,
0.921501,7.68811,0.0153441,0.0263218,0.0273883,0.0654026,0.0150404,0.0148649,0.0179207,0.0489628,0.766882,19.6443,15.0648,0.892373,254.067,
0.80368,7.37039,0.0202226,0.0547097,0.0702655,0.16438,0.00883299,0.0329964,0.039976,0.125753,0.684499,20.7594,14.2098,0.917937,236.962,
0.882353,8.08261,0.0166427,0.0177317,0.00956189,0.0991889,0.0129815,0.0115186,0.00976842,0.0761803,0.753764,20.9196,15.7684,0.905484,290.779,
0.732366,6.92651,0.0258628,0.0657844,0.0522355,0.23818,0.0148391,0.0415984,0.0345038,0.160317,0.677989,19.4308,13.1738,0.953622,217.354,
0.621392,8.46151,0.0913423,0.125046,0.105141,0.336352,0.0488458,0.0588196,0.061653,0.226116,0.554168,29.4859,16.3401,0.793439,374.634,
0.93369,10.1637,0.0129883,0.012504,0.0749465,0.0584272,0.0106284,0.00802755,0.0615424,0.0475061,0.839493,24.6206,20.6688,0.978384,415.101,
0.762661,5.4702,0.122406,0.00893865,0.072618,0.202427,0.0840019,0.0254528,0.0597637,0.146921,0.515325,14.1804,7.30752,0.713843,103.462,
0.844425,7.66622,0.0575706,0.019747,0.0378349,0.119734,0.0395721,0.0175366,0.0265719,0.0727213,0.695634,19.3878,13.4868,0.902986,236.128,
0.887394,9.29044,0.0575731,0.0251316,0.00810063,0.0876307,0.0376228,0.0131826,0.00627706,0.0607301,0.694643,22.3933,15.5553,0.862375,297.454,
0.920714,8.97382,0.0249552,0.0220549,0.0276241,0.0738034,0.0199343,0.0278466,0.0238624,0.0667836,0.84232,21.4707,18.0852,0.973361,328.743,
0.908607,9.23041,0.0140004,0.0118419,0.0230445,0.0680508,0.00593504,0.0114083,0.0215785,0.0395313,0.758014,24.5782,18.6306,0.882594,375.468,
0.957919,12.6343,0.00532412,0.0132894,0.00734068,0.0302711,0.00250706,0.00735052,0.006973,0.0188666,0.858085,30.1089,25.836,0.919869,648.308,
0.937704,8.94435,0.0220415,0.0100416,0.0334637,0.0495171,0.0100857,0.010123,0.023238,0.031346,0.77517,21.6641,16.7934,0.95073,315.81,
0.617647,9.90867,0.126926,0.193903,0.171374,0.310955,0.0530568,0.098128,0.0952004,0.191439,0.559905,33.593,18.8089,0.730016,458.071,
0.55041,5.9925,0.186689,0.0514013,0.281897,0.445783,0.107476,0.0287425,0.201925,0.330303,0.392232,23.2883,9.13441,0.785936,196.912,
0.961103,8.07463,0.00823123,0.0202869,0.0264997,0.0298239,0.0105758,0.0239654,0.022855,0.0262519,0.775265,20.0645,15.5553,0.945518,249.061,
0.833204,9.6469,0.0242485,0.0248881,0.0808513,0.130743,0.0159602,0.0142289,0.0481199,0.0833309,0.666667,26.0691,17.3794,0.863143,388.818,
0.702499,7.23345,0.0398371,0.146082,0.0675845,0.245937,0.0075213,0.0770476,0.018231,0.174681,0.52985,27.2582,14.4428,0.699093,269.92,
0.706602,9.7722,0.0353359,0.0656738,0.0365081,0.252807,0.0195629,0.0298023,0.0211355,0.169286,0.622271,29.3583,18.2688,0.852421,458.905,
0.516572,7.04499,0.06702,0.22483,0.0704214,0.450555,0.0329629,0.130616,0.0375238,0.309603,0.445203,31.2511,13.9131,0.838118,325.406,
0.831366,8.41538,0.047571,0.0164159,0.265643,0.132891,0.0247629,0.0310803,0.187284,0.0859341,0.56469,18.8643,10.6525,0.819265,210.679,
0.724472,6.31717,0.0528076,0.0690502,0.107533,0.247313,0.0452728,0.0501189,0.0704549,0.183962,0.493197,17.5704,8.66566,0.773878,142.678,
0.813111,7.30877,0.105153,0.115526,0.17471,0.136261,0.0632271,0.0647705,0.107347,0.0753396,0.626099,20.4252,12.7882,0.856083,216.103,
0.490289,6.99878,0.14543,0.176633,0.135139,0.498566,0.0796383,0.0961878,0.084697,0.358798,0.423082,30.6853,12.9824,0.840054,339.173,
0.87172,7.2725,0.0182247,0.013912,0.0558199,0.0985556,0.0112806,0.0218948,0.040724,0.0571318,0.726708,17.8647,12.9824,0.913094,218.189,
0.875168,10.2025,0.0205082,0.0630587,0.102283,0.100061,0.0160572,0.0502762,0.0627384,0.0661952,0.747673,24.0028,17.9463,0.928981,372.548,
0.780544,7.01848,0.0479864,0.104411,0.118548,0.17023,0.0273991,0.0497546,0.0808286,0.107218,0.629966,20.6082,12.9824,0.825947,208.593,
0.699034,6.86104,0.0876326,0.073191,0.117121,0.267731,0.0583072,0.0501376,0.0707412,0.190002,0.574367,22.9363,13.1738,0.841038,246.14,
0.558094,11.3557,0.0307066,0.141543,0.0280826,0.426294,0.0156647,0.0871829,0.0187332,0.308335,0.491928,43.309,21.3049,0.79082,806.422,
0.816076,6.85632,0.0420629,0.0430221,0.143147,0.156957,0.0229171,0.0409954,0.0938371,0.113649,0.631962,16.3529,10.3344,0.794166,152.69,
0.864929,9.90602,0.0310294,0.0509292,0.0655947,0.109113,0.0142741,0.0391104,0.0326867,0.0783484,0.683069,25.7227,17.5704,0.851937,387.149,
0.851494,8.92145,0.061527,0.165893,0.16903,0.118358,0.0310388,0.098395,0.0915989,0.0733557,0.522505,25.8118,13.4868,0.767821,308.718,
0.718996,12.5757,0.0535196,0.0273689,0.0170957,0.242522,0.0280703,0.0288893,0.00980413,0.161789,0.622067,35.2415,21.9226,0.767251,672.922,
0.667191,8.17584,0.0513562,0.0649487,0.0637548,0.306812,0.026525,0.0375317,0.0511623,0.216072,0.608424,25.4783,15.5016,0.820571,350.854,
0.892522,13.225,0.0619585,0.134829,0.163307,0.0848304,0.0480003,0.0901881,0.102157,0.0558659,0.619731,31.5435,19.5485,0.688611,535.251,
0.67539,8.26243,0.0485099,0.0846387,0.0789953,0.287195,0.0282527,0.0563901,0.0577187,0.187827,0.472215,24.6206,11.6262,0.802005,274.509,
0.763888,9.65479,0.0419176,0.0341148,0.00721306,0.203621,0.0286547,0.0364624,0.0146772,0.138984,0.609369,24.722,15.0648,0.762089,344.596,
0.91717,10.7876,0.0155718,0.00661281,0.0485862,0.0742569,0.00752764,0.0112881,0.0345503,0.061947,0.755528,28.0428,21.1871,0.940372,474.341,
0.82202,6.3728,0.0685741,0.0727833,0.152514,0.159238,0.0365168,0.0582383,0.106345,0.126699,0.529297,20.7091,10.9613,0.771921,186.9,
0.962845,11.0639,0.0065977,0.0139508,0.0141028,0.031348,0.00455561,0.00846258,0.0102297,0.0247991,0.834909,24.7558,20.6688,0.89208,425.948,
0.802054,7.10437,0.0588892,0.123106,0.0966259,0.141464,0.0465997,0.0631527,0.0651402,0.0834722,0.549442,23.5111,12.918,0.803415,248.643,
0.292196,4.39945,0.199835,0.476016,0.123244,0.756558,0.11033,0.330978,0.0577712,0.591414,0.271607,28.5368,7.7508,0.641897,184.814,
0.871966,10.5718,0.0318245,0.0529722,0.0225504,0.118086,0.0177521,0.0272858,0.0166054,0.0976352,0.65195,28.1615,18.3599,0.855974,397.162,
0.741482,8.50432,0.0883248,0.0235104,0.0677649,0.230781,0.0577742,0.0206692,0.0486658,0.164196,0.641076,24.3479,15.6089,0.855494,330.412,
0.431766,7.96203,0.0535287,0.359974,0.0619714,0.507799,0.0186692,0.21154,0.0501647,0.307132,0.314566,49.2792,15.5016,0.604635,455.568,
0.692637,7.74961,0.0633649,0.122315,0.0771826,0.260145,0.0384514,0.0682755,0.0688439,0.176848,0.580955,25.157,14.615,0.891116,277.012,
0.987793,9.03392,0.020898,0.00799046,0.00170951,0.00953367,0.0160866,0.00385927,0.00271284,0.00536045,0.796663,20.6385,16.4419,0.93341,299.54,
0.875416,11.7987,0.0033366,0.0909382,0.111163,0.104597,0.0112609,0.0512653,0.0658711,0.0790467,0.722658,27.0508,19.5485,0.790435,465.163,
0.712682,15.6568,0.100211,0.109327,0.135815,0.223541,0.0578805,0.0624816,0.0990818,0.116617,0.593623,46.1626,27.4032,0.745425,1040.46,
0.662358,5.99361,0.0929953,0.0679426,0.180731,0.317155,0.0614466,0.0510351,0.135915,0.2283,0.462223,16.7685,7.7508,0.731509,130.579,
0.817962,12.9985,0.0132356,0.0585051,0.0492123,0.152547,0.00587165,0.0348164,0.0327289,0.106084,0.667724,32.4304,21.6545,0.765201,606.172,
0.790901,5.37341,0.179687,0.0432181,0.287346,0.189116,0.133515,0.0372083,0.187429,0.146707,0.508987,12.6899,6.459,0.783315,83.8545,
0.929787,10.1741,0.0394117,0.0919746,0.120733,0.0456811,0.0191829,0.0610212,0.0691659,0.0222464,0.677541,24.4164,16.5431,0.812323,363.787,
0.655309,7.66607,0.0580341,0.0847088,0.104376,0.319069,0.0445322,0.0569503,0.0801382,0.231116,0.597188,24.1846,14.4428,0.872445,303.295,
0.957018,12.2027,0.033181,0.0405413,0.062981,0.0296551,0.02048,0.0231116,0.0379272,0.0162255,0.758502,25.9407,19.6761,0.834897,472.255,
0.533656,15.6812,0.0137476,0.0709777,0.110103,0.4642,0.00396986,0.031031,0.0813883,0.340035,0.504561,53.7651,27.1278,0.669303,1270.75,
0.8923,8.91453,0.024099,0.0165902,0.109747,0.0873091,0.00953468,0.0141806,0.0670132,0.0650509,0.633275,21.9701,13.9131,0.798683,300.375,
0.989884,10.8372,0.0179046,0.0186934,0.0373905,0.0134141,0.0116169,0.00752698,0.0229583,0.0175205,0.767617,24.2707,18.6306,0.80528,390.487,
0.929871,9.53415,0.0398784,0.044635,0.132537,0.0530292,0.0253546,0.0202814,0.0875697,0.0325162,0.64991,21.4998,13.973,0.769828,277.429,
0.735933,8.53517,0.0213362,0.0517324,0.0667538,0.243805,0.0151269,0.0360059,0.0494618,0.184946,0.664898,23.4756,15.6089,0.888839,325.823,
0.905695,7.84431,0.026939,0.0316162,0.0839128,0.0720376,0.0246508,0.0231844,0.0475893,0.0452641,0.697849,20.0229,13.973,0.836827,254.901,
0.796247,6.28649,0.0442185,0.114966,0.15534,0.172463,0.0377834,0.0684378,0.0986427,0.122677,0.575051,16.1991,9.3153,0.848843,131.831,
0.920877,8.27993,0.0420583,0.0267939,0.0968139,0.0644303,0.0207788,0.00943529,0.0625755,0.0458148,0.707107,18.8089,13.2999,0.869463,237.796,
0.724032,9.65862,0.0611667,0.0329727,0.0361942,0.235031,0.036874,0.0331921,0.0264557,0.152435,0.572806,26.3001,15.0648,0.787499,363.787,
0.845071,9.43603,0.0496615,0.0288287,0.0739228,0.125457,0.0266255,0.0193689,0.0461671,0.0799615,0.667175,23.3955,15.6089,0.894697,322.903,
0.785904,11.3357,0.0276548,0.0850998,0.012206,0.173841,0.0212726,0.0511764,0.00239024,0.111858,0.639142,30.0465,19.204,0.792466,460.157,
0.856258,10.7248,0.0323032,0.103034,0.0222276,0.111329,0.0216267,0.0656535,0.0175843,0.0715738,0.661131,26.5763,17.5704,0.799628,405.506,
0.93424,9.85949,0.0153307,0.0519175,0.0756915,0.0526638,0.0126336,0.0297812,0.0518698,0.0383056,0.73942,24.2707,17.9463,0.844689,361.701,
0.729712,8.49865,0.0185574,0.0746631,0.0316884,0.238526,0.0164538,0.046014,0.0217309,0.167135,0.572931,23.968,13.732,0.739852,285.356,
0.639333,7.8885,0.0575556,0.0834667,0.0410782,0.330409,0.0304074,0.0403792,0.0112189,0.23077,0.540282,27.0508,14.615,0.830183,338.756,
0.770315,12.9881,0.181088,0.164514,0.245052,0.178388,0.112984,0.108413,0.164912,0.106893,0.541755,33.8898,18.3599,0.684422,543.177,
0.947167,8.72933,0.018995,0.0215291,0.0449183,0.0405339,0.0173156,0.0103581,0.0215226,0.0285946,0.740164,21.0884,15.6089,0.851417,273.675,
0.972079,10.2799,0.0309387,0.0342524,0.0292552,0.0172561,0.0225059,0.0276009,0.018521,0.00698817,0.784465,24.3137,19.0732,0.896404,407.174,
0.622291,8.02905,0.207872,0.134912,0.259481,0.326964,0.120055,0.0786311,0.179185,0.20845,0.455406,31.3311,14.2684,0.774378,318.731,
0.685487,16.5156,0.085577,0.133674,0.0903921,0.284888,0.0427906,0.10375,0.0573572,0.200359,0.563386,48.3692,27.2506,0.721627,1081.35,
0.956577,9.6147,0.0701716,0.0534975,0.0827968,0.0401249,0.0487183,0.0363227,0.0477343,0.0335382,0.666667,21.3147,14.2098,0.818139,283.687,
0.874727,11.3733,0.109567,0.0452664,0.15968,0.10205,0.07146,0.0295384,0.107493,0.0726298,0.639068,26.3556,16.843,0.692485,396.745,
0.932667,7.44075,0.0414521,0.0779538,0.188637,0.0630225,0.0307544,0.0530702,0.122446,0.0415309,0.730538,17.7711,12.9824,0.933855,204.422,
0.591052,7.57328,0.119896,0.201359,0.151835,0.388182,0.0907827,0.141118,0.10771,0.278946,0.619604,24.3137,15.0648,0.903833,283.687,
0.832921,12.3911,0.0529483,0.128083,0.181331,0.144648,0.0217871,0.0835813,0.111433,0.103134,0.601122,33.5682,20.1786,0.747272,567.791,
0.76697,9.31814,0.15072,0.0737087,0.204955,0.165322,0.0852285,0.024284,0.117426,0.087671,0.536519,26.9194,14.4428,0.732995,312.473,
0.620079,6.13918,0.104141,0.14713,0.16329,0.33861,0.0488051,0.0714372,0.101391,0.228959,0.540514,21.5095,11.6262,0.828188,199.832,
0.892615,6.27296,0.0312035,0.0333037,0.0392067,0.0878502,0.0161925,0.0279867,0.0243461,0.0588498,0.713263,16.1991,11.5542,0.882587,176.47,
0.681299,6.70529,0.0542333,0.11267,0.107428,0.282886,0.0414314,0.0718924,0.0659404,0.194506,0.518056,21.3049,11.0371,0.855081,215.686,
0.48682,6.31164,0.0234575,0.234718,0.0375136,0.492688,0.00875575,0.138401,0.0277313,0.340928,0.447546,29.008,12.9824,0.823403,292.448,
0.688529,8.09538,0.0514923,0.0509295,0.124678,0.277194,0.0302358,0.0367731,0.0837532,0.187207,0.540664,25.8441,13.973,0.800088,330.412,
0.914159,7.77166,0.0512326,0.0525396,0.100113,0.0735715,0.0321773,0.0431981,0.0539384,0.0508285,0.676422,18.8089,12.7228,0.848113,228.201,
0.702805,8.7774,0.0460915,0.0205513,0.00808426,0.263165,0.0252452,0.0109313,0.00328272,0.177643,0.607793,26.6311,16.1862,0.902867,412.181,
0.70421,7.92201,0.0342994,0.112611,0.098568,0.255609,0.0180598,0.0756126,0.0640731,0.169291,0.612438,25.4865,15.6089,0.898569,318.731,
0.926202,9.83578,0.016874,0.0220573,0.041191,0.0476474,0.0130308,0.0076437,0.0263163,0.0213026,0.79696,24.3137,19.377,0.933666,397.996,
0.732248,10.5326,0.0241695,0.0277803,0.0197833,0.221216,0.0124495,0.0189732,0.0134756,0.138177,0.618156,33.0421,20.4252,0.822737,567.374,
0.9753,10.1887,0.035914,0.00829024,0.0352855,0.0286376,0.0226223,0.00222737,0.0203639,0.0280636,0.766965,22.909,17.5704,0.847008,363.37,
0.628252,7.27206,0.0651849,0.0976156,0.108294,0.337887,0.0330139,0.0458258,0.0718568,0.232607,0.523981,26.5527,13.9131,0.80909,295.368,
0.868093,12.2868,0.0109951,0.0242787,0.00575952,0.100754,0.00350957,0.0193757,0.00388884,0.0615313,0.746407,30.2747,22.5973,0.903506,592.405,
0.918048,7.69615,0.0201628,0.0283118,0.0343413,0.0584069,0.0103726,0.0081406,0.0177131,0.0366018,0.726912,17.7711,12.918,0.790831,208.176,
0.93436,8.56853,0.0100535,0.0360553,0.0878156,0.0554152,0.00933577,0.0272837,0.060251,0.0447153,0.717958,20.1164,14.4428,0.932756,255.318,
0.811949,8.85628,0.0736998,0.0383939,0.0628531,0.153644,0.0483992,0.0173128,0.0453024,0.101511,0.66438,23.4133,15.5553,0.84949,314.142,
0.683052,15.0226,0.00734451,0.0266876,0.0221375,0.288879,0.00214118,0.025585,0.0443812,0.202236,0.558849,42.4971,23.7495,0.768028,952.855,
0.528332,6.08043,0.065525,0.137042,0.170852,0.461553,0.0315866,0.0703804,0.115616,0.341377,0.42116,21.4707,9.0426,0.777792,184.814,
0.883689,7.00403,0.0345035,0.0362243,0.0995922,0.0906648,0.0277171,0.0337564,0.0702821,0.059231,0.700124,18.9965,13.2999,0.93365,215.268,
0.813284,8.11215,0.0659434,0.00589232,0.123487,0.167311,0.0436479,0.0126352,0.0824532,0.129194,0.743158,20.2714,15.0648,0.925276,276.178,
0.618067,8.19047,0.0970404,0.0827635,0.201776,0.351254,0.0588701,0.0476681,0.120717,0.242228,0.51386,25.2645,12.9824,0.755706,306.215,
0.860299,8.4561,0.0214794,0.0294165,0.0688078,0.114837,0.0106779,0.0271835,0.0505386,0.077239,0.691333,21.3049,14.7288,0.850064,284.521,
0.735325,8.38552,0.0935089,0.0533317,0.0906576,0.228266,0.0572613,0.0487416,0.0819997,0.150511,0.561656,25.7146,14.4428,0.747667,328.326,
0.543531,5.84669,0.106883,0.160219,0.122059,0.447224,0.0707529,0.106839,0.0841233,0.315756,0.471857,20.8497,9.83806,0.77508,201.501,
0.464621,5.11583,0.0429889,0.20079,0.0325108,0.532682,0.0230833,0.122858,0.0230893,0.376575,0.399837,22.6157,9.0426,0.674507,183.979,
0.968949,9.43582,0.0317676,0.00696523,0.0239665,0.0278408,0.0160719,0.00191921,0.0123736,0.0256555,0.73197,21.3245,15.6089,0.860203,296.203,
0.669101,5.83786,0.0815758,0.116413,0.103022,0.280081,0.0474225,0.0635413,0.0575026,0.188242,0.494776,19.0075,9.40445,0.817006,155.611,
0.932471,8.71461,0.0230601,0.0457852,0.00313154,0.0558943,0.0208529,0.0302444,0.00488523,0.0414353,0.721854,20.8697,15.0648,0.896339,292.031,
0.772817,8.18736,0.0300786,0.0542173,0.0405878,0.185562,0.0158401,0.0285888,0.0357141,0.124022,0.638704,21.4998,13.732,0.838481,255.736,
0.774358,6.44717,0.0191005,0.0489634,0.0562261,0.19963,0.00918907,0.0320098,0.0313277,0.147389,0.69098,17.7358,12.2551,0.941668,196.495,
0.881997,9.36473,0.0211056,0.039625,0.0612497,0.0906506,0.010195,0.0238665,0.0376227,0.0610086,0.704022,24.9572,17.5704,0.889473,359.615,
0.858306,11.8343,0.0552263,0.0250618,0.0748605,0.106598,0.0266024,0.0133288,0.040772,0.0658845,0.736286,29.7745,21.9226,0.809641,544.429,
0.75763,8.34174,0.0467343,0.0891829,0.0989064,0.198892,0.0150955,0.0527676,0.0629654,0.129072,0.677577,24.1155,16.3401,0.888765,312.89,
0.874115,9.02596,0.0737741,0.0811651,0.0774598,0.0905569,0.0408977,0.0377294,0.0481273,0.0537328,0.660009,22.909,15.1201,0.785957,287.025,
0.792999,10.5314,0.0368779,0.0432494,0.00944857,0.173609,0.0183477,0.0195252,0.00983801,0.111532,0.605707,29.008,17.5704,0.789221,429.702,
0.917958,8.99815,0.0122984,0.0693629,0.0487236,0.074504,0.0120855,0.0386679,0.0309948,0.0631549,0.733879,23.4845,17.2348,0.818229,349.185,
0.957159,7.48273,0.0445498,0.114257,0.104158,0.022069,0.0347745,0.0741831,0.060418,0.00630788,0.67082,16.3401,10.9613,0.891578,156.028,
0.976118,10.1801,0.0155272,0.0146703,0.039167,0.0220939,0.0141895,0.0168494,0.028601,0.0201381,0.817122,23.3419,19.0732,0.879906,380.474,
0.982434,9.12542,0.0584688,0.105653,0.102598,0.030869,0.0280873,0.0565135,0.0539382,0.0287072,0.587973,24.8567,14.615,0.71824,292.031,
0.897912,9.07451,0.0616186,0.0426607,0.02725,0.072038,0.0418613,0.0212412,0.0148887,0.0439487,0.720814,21.6545,15.6089,0.862168,285.356,
0.922253,6.73899,0.0413245,0.0383221,0.057207,0.0658215,0.0182148,0.0324335,0.0177058,0.0488547,0.692366,14.5722,10.0893,0.786,134.751,
0.949589,9.96678,0.0141197,0.0289292,0.0364889,0.0395647,0.00904132,0.0280204,0.0236508,0.027631,0.812277,22.9363,18.6306,0.911085,381.726,
0.621397,11.9826,0.0454098,0.0281804,0.0921375,0.358949,0.0378742,0.0223,0.0586701,0.260107,0.536665,37.4455,20.0957,0.820137,707.966,
0.96412,9.25169,0.00500019,0.0188493,0.0304968,0.0331615,0.000967276,0.0170337,0.0232654,0.0293825,0.84737,22.1968,18.8089,0.941547,352.106,
0.939645,7.95612,0.0185865,0.059181,0.0547844,0.0492176,0.0168896,0.0547081,0.0385712,0.0478238,0.682059,20.9196,14.2684,0.849976,261.576,
0.595801,9.0045,0.0477594,0.173836,0.0738159,0.345153,0.0269144,0.0936345,0.0524994,0.211316,0.487935,37.0648,18.0852,0.806951,474.341,
0.884262,7.83473,0.0309383,0.0601582,0.174526,0.08229,0.0208286,0.0367641,0.11323,0.0438695,0.685994,16.843,11.5542,0.852981,166.875,
0.940916,8.48739,0.00870654,0.0112945,0.0131798,0.0484847,0.00198057,0.0152895,0.0151029,0.0345992,0.775926,20.1164,15.6089,0.917983,278.681,
0.542164,9.10425,0.142484,0.195479,0.215642,0.38741,0.0817747,0.101506,0.113936,0.218606,0.5368,33.5184,17.9927,0.731472,472.673,
0.89013,7.4807,0.016569,0.0202142,0.0268074,0.0882453,0.00757953,0.0229988,0.0190781,0.0581226,0.749775,19.6443,14.7288,0.934564,256.153,
0.903431,9.39974,0.0177282,0.0278136,0.0370429,0.0750795,0.00874895,0.0211671,0.0230068,0.049311,0.8024,23.9332,19.204,0.96989,377.971,
0.703896,8.54963,0.0263604,0.0651333,0.0281677,0.244703,0.0175722,0.029411,0.0156814,0.151249,0.609245,27.6457,16.843,0.882163,403.42,
0.748749,9.23543,0.118485,0.118637,0.132097,0.199459,0.0647758,0.0559962,0.0750817,0.127535,0.685994,25.2645,17.3313,0.836286,342.928,
0.927969,12.3438,0.0273955,0.0372026,0.0276457,0.0566687,0.0158506,0.0197864,0.022088,0.0354652,0.715058,29.13,20.8296,0.767856,505.213,
0.557111,7.28033,0.144755,0.180709,0.189105,0.405012,0.0814354,0.109905,0.120219,0.272594,0.485464,27.7812,13.4868,0.803855,286.607,
0.966487,10.7352,0.0266464,0.0157017,0.0146453,0.0218111,0.0171251,0.0092324,0.0112261,0.0105159,0.813248,24.0375,19.5485,0.923429,413.015,
0.811976,9.07782,0.0317082,0.0544361,0.0515472,0.159063,0.0183224,0.0359261,0.0427707,0.111004,0.707107,23.7495,16.7934,0.896252,343.762,
0.670694,9.80199,0.166038,0.201559,0.267688,0.287893,0.0994055,0.118515,0.174079,0.196003,0.5,33.5868,16.7934,0.744341,440.132,
0.862174,12.5874,0.0376856,0.0231315,0.0411867,0.103973,0.018617,0.018501,0.0250024,0.0622169,0.698119,33.5122,23.3955,0.817892,669.585,
0.473911,9.32322,0.167912,0.163976,0.135235,0.546404,0.115533,0.107515,0.073438,0.407538,0.371127,34.2814,12.7228,0.527187,408.426,
0.965332,12.1381,0.00278979,0.00609773,0.041905,0.0248882,0.00424342,0.00491657,0.0235522,0.0230741,0.82131,28.4856,23.3955,0.888207,575.301,
0.897505,12.4113,0.0217885,0.0324124,0.0373787,0.088555,0.0152169,0.0225571,0.0198787,0.0663678,0.798584,29.7395,23.7495,0.909894,608.676,
0.712416,8.88628,0.0613164,0.0492379,0.111552,0.262012,0.0339367,0.034065,0.0713199,0.1883,0.600812,26.157,15.7154,0.775935,367.124,
0.522565,6.57664,0.123701,0.185581,0.107012,0.439222,0.0678708,0.0990985,0.0710738,0.286837,0.409184,26.9736,11.0371,0.733024,246.557,
0.742591,8.8674,0.0251242,0.0614343,0.0618877,0.220405,0.0165228,0.0190079,0.0318368,0.146975,0.593491,26.3001,15.6089,0.733761,357.529,
0.890846,15.3491,0.00813627,0.0374092,0.0308142,0.0918806,0.00532273,0.0208436,0.0228951,0.0666018,0.763957,39.0382,29.8235,0.854727,974.548,
0.835796,8.63351,0.0136576,0.0876594,0.0556013,0.142304,0.00782425,0.0687759,0.0221704,0.107163,0.722511,22.6157,16.3401,0.931491,318.314,
0.924153,8.13838,0.00564219,0.0131435,0.060502,0.0651125,0.0107355,0.0049629,0.0382899,0.0505155,0.773142,20.1889,15.6089,0.947126,261.993,
0.882614,5.72772,0.00863636,0.0511282,0.101995,0.0662118,0.00631698,0.0197083,0.0693576,0.0246668,0.632456,18.3826,11.6262,0.822953,174.801,
0.882916,9.68849,0.0163142,0.0525474,0.0490076,0.0970469,0.0133077,0.0325269,0.0322875,0.0689332,0.749775,24.8483,18.6306,0.895266,384.646,
0.768365,5.47019,0.0473197,0.023584,0.098226,0.199832,0.0256043,0.0028801,0.0680765,0.134522,0.626461,14.8697,9.3153,0.900653,132.248,
0.902705,8.95398,0.00972682,0.0112417,0.00504717,0.0824914,0.00915497,0.00880816,0.00932946,0.0577337,0.828385,21.6641,17.9463,0.952849,330.829,
0.882122,8.08904,0.0198575,0.0421637,0.0308876,0.0989113,0.016426,0.0276071,0.00940007,0.0747004,0.787839,19.6761,15.5016,0.955076,259.49,
0.721682,11.5105,0.271496,0.246784,0.407764,0.262328,0.175464,0.163609,0.264708,0.20428,0.469358,25.9649,12.1868,0.63336,358.781,
0.521319,6.46597,0.240536,0.140574,0.237526,0.441897,0.119651,0.070109,0.133996,0.288378,0.355722,30.8142,10.9613,0.59032,256.987,
0.829903,6.04367,0.0426369,0.0144717,0.0223911,0.144066,0.0332935,0.0162384,0.0209371,0.100761,0.756481,16.9048,12.7882,0.948219,188.151,
0.810865,7.65957,0.0731976,0.0253673,0.104097,0.13758,0.0407207,0.0179329,0.0518515,0.0772314,0.633766,22.4212,14.2098,0.848342,260.742,
0.50017,7.33841,0.328039,0.0988231,0.237952,0.514917,0.208845,0.0584249,0.131896,0.39822,0.377291,24.2105,9.13441,0.624014,233.625,
0.50444,6.15917,0.176214,0.22076,0.194717,0.422269,0.075291,0.11314,0.0870673,0.25958,0.427056,28.5368,12.1868,0.737165,253.65,
0.885453,7.34554,0.0253066,0.119928,0.102436,0.079948,0.0237424,0.0898424,0.0873911,0.0443624,0.7358,16.1862,11.9098,0.906012,160.2,
0.591169,6.65113,0.0735578,0.155927,0.105268,0.357588,0.0311642,0.0857,0.0672487,0.228509,0.465551,27.8861,12.9824,0.79244,279.932,
0.946065,8.40288,0.028679,0.0909215,0.0643361,0.0530303,0.0121911,0.0711636,0.0431398,0.0440387,0.753874,21.4707,16.1862,0.870052,295.785,
0.475902,7.5873,0.0231917,0.311403,0.0754959,0.513815,0.023906,0.21734,0.0810272,0.383277,0.43379,35.7353,15.5016,0.76217,405.506,
0.713111,6.5536,0.0304555,0.0684712,0.0861577,0.260351,0.0247096,0.0382654,0.0626006,0.183106,0.63033,17.6296,11.1125,0.849096,208.176,
0.486916,5.78904,0.154053,0.259789,0.136796,0.490068,0.097498,0.152198,0.0970885,0.33632,0.453082,23.5111,10.6525,0.799336,193.157,
0.582912,5.25234,0.100197,0.0869493,0.0576063,0.424634,0.0458353,0.0749514,0.0383923,0.315126,0.475971,21.7122,10.3344,0.781973,199.832,
0.724119,9.51186,0.0308052,0.0430451,0.0176202,0.271001,0.0210924,0.0267562,0.0299098,0.223155,0.660796,27.1585,17.9463,0.867722,428.034,
0.925977,10.5223,0.0235709,0.0345422,0.0328605,0.0614292,0.0105708,0.0250596,0.0187799,0.0443985,0.791374,27.8936,22.0743,0.975817,488.109,
0.909643,7.35142,0.0123118,0.0123692,0.0359448,0.0663012,0.00604979,0.022579,0.0276697,0.0392853,0.79334,17.9114,14.2098,0.964186,215.686,
0.664175,8.84259,0.0836844,0.0721023,0.154106,0.281043,0.0508107,0.0378788,0.0983386,0.165033,0.586114,26.6311,15.6089,0.791984,348.768,
0.775229,7.59326,0.0287994,0.075536,0.0476889,0.20121,0.0145531,0.0482722,0.0264318,0.146492,0.711299,19.6443,13.973,0.853235,263.245,
0.870641,8.83183,0.0280998,0.0187459,0.0127876,0.115606,0.0186261,0.0129669,0.0171373,0.0869052,0.805782,22.2718,17.9463,0.96599,345.848,
0.974432,7.70881,0.00542024,0.012017,0.0342595,0.0273204,0.004125,0.0197484,0.0213858,0.027099,0.852265,18.1887,15.5016,0.985625,241.968,
0.901022,8.58374,0.0177158,0.0480399,0.077473,0.0700472,0.00894321,0.0307203,0.055336,0.0384111,0.799343,19.5271,15.6089,0.986427,261.159,
0.915964,8.42456,0.0594059,0.0515469,0.041015,0.0645835,0.0421448,0.041323,0.0319029,0.0473364,0.749634,20.6789,15.5016,0.944594,267,
0.83571,9.75721,0.0828983,0.0288902,0.0183375,0.136548,0.0538422,0.0230007,0.0174859,0.0921247,0.706233,25.997,18.3599,0.863939,410.512,
0.764489,8.48424,0.059738,0.0713652,0.106472,0.220562,0.0399861,0.0516092,0.0761632,0.170369,0.678695,22.1968,15.0648,0.817342,300.375,
0.92563,10.2322,0.0147417,0.0229177,0.0588356,0.0610189,0.00838916,0.0126237,0.0419731,0.0472242,0.798087,22.8908,18.2688,0.923534,361.701,
0.840936,8.78374,0.0253154,0.0225296,0.113266,0.131987,0.0222936,0.0156145,0.0730027,0.0897847,0.674619,21.6641,14.615,0.838273,295.368,
0.837183,5.63488,0.0257097,0.0813951,0.028977,0.141241,0.0088559,0.0637477,0.0278315,0.104188,0.627593,13.8078,8.66566,0.884495,112.64,
0.619906,6.84634,0.0472166,0.0524991,0.128645,0.364213,0.0269363,0.0421454,0.0845661,0.267573,0.562911,21.1575,11.9098,0.927167,207.342,
0.965065,9.54818,0.0439529,0.0764316,0.0438168,0.0112069,0.0245965,0.0532864,0.0212041,0.00436266,0.747322,23.5111,17.5704,0.87596,350.437,
0.91059,8.54468,0.0229706,0.0534329,0.0491862,0.0878667,0.0236488,0.0469116,0.0403184,0.0826375,0.771802,23.2524,17.9463,0.969018,326.24,
0.788714,7.21434,0.0266273,0.0534824,0.0595708,0.196206,0.0177635,0.0339432,0.0385926,0.154601,0.685994,18.8311,12.918,0.893375,215.686,
0.921412,9.87002,0.0397946,0.0620017,0.137773,0.061537,0.026407,0.0405846,0.0860366,0.0384298,0.684257,24.0289,16.4419,0.847174,350.437,
0.874821,7.77116,0.00481299,0.00800076,0.0333975,0.103073,0.0043102,0.00146213,0.0244142,0.0733571,0.779073,19.8975,15.5016,0.884007,267.417,
0.921599,9.66907,0.0408196,0.027816,0.018932,0.0540938,0.0158519,0.0199519,0.0117882,0.0254941,0.685994,24.1155,16.5431,0.873999,342.51,
0.820766,8.53578,0.0104577,0.0125772,0.0245694,0.148017,0.00220994,0.0211877,0.0217806,0.0960518,0.75073,23.4044,17.5704,0.911279,346.682,
0.784224,8.968,0.0391535,0.0136693,0.03668,0.180244,0.0231218,0.0121654,0.0320226,0.121398,0.598703,22.9363,13.732,0.794944,292.448,
0.940757,9.2103,0.0427844,0.0534814,0.108704,0.0594425,0.0235138,0.0271932,0.0781392,0.0522007,0.693366,24.8567,17.2348,0.842351,347.099,
0.832924,8.75862,0.0340667,0.021379,0.0257459,0.14697,0.0232359,0.0177288,0.0278559,0.103917,0.763271,23.5731,17.9927,0.930397,366.29,
0.918538,8.64848,0.00274121,0.0144782,0.0176604,0.0670114,0.00141505,0.0167032,0.0114522,0.0497877,0.761926,21.7122,16.5431,0.893357,302.878,
0.851158,8.54115,0.0599086,0.121638,0.0716354,0.126897,0.032306,0.0862715,0.050206,0.0978255,0.677091,24.1328,16.3401,0.851513,315.393,
0.73665,8.31462,0.0506749,0.0582539,0.0581571,0.200172,0.0211849,0.0316852,0.0297784,0.11297,0.580284,27.8936,16.1862,0.796337,345.848,
0.580301,7.47782,0.19022,0.220895,0.22534,0.320363,0.0837773,0.0976829,0.105058,0.170869,0.534242,28.1985,15.0648,0.737506,299.54,
0.97212,10.3576,0.0177618,0.0291221,0.0420737,0.0141203,0.0145005,0.0191539,0.0157198,0.00210723,0.7396,22.0932,16.3401,0.801064,337.087,
0.744865,8.16351,0.0326813,0.0421471,0.118499,0.229513,0.0203814,0.0172735,0.0797797,0.175022,0.693167,23.5731,16.3401,0.835352,355.026,
0.908546,9.07679,0.0198286,0.0369981,0.0288608,0.0803395,0.0132851,0.0246947,0.0166988,0.0606742,0.833497,21.587,17.9927,0.957098,340.424,
0.928531,9.4501,0.0027352,0.0210602,0.013921,0.0550454,0.00616567,0.0171996,0.0069649,0.0349385,0.746104,24.1155,17.9927,0.874111,355.86,
0.933936,8.95511,0.0117781,0.0243134,0.0205644,0.0500605,0.0122946,0.0162974,0.00895133,0.028815,0.784465,21.9701,17.2348,0.851693,303.295,
0.836488,9.4985,0.0128997,0.0128203,0.0592922,0.128066,0.00770586,0.0174181,0.0363787,0.0802574,0.737643,23.8196,17.5704,0.923315,375.885,
0.93517,9.36278,0.0281056,0.0237905,0.0383408,0.0533973,0.0166114,0.0176831,0.0319655,0.0406749,0.709001,23.333,16.5431,0.827116,336.67,
0.974872,9.41132,0.0498609,0.0453628,0.0583711,0.022192,0.0372716,0.0334015,0.0406945,0.0182305,0.780904,23.5111,18.3599,0.862683,361.284,
0.979983,14.4566,0.00551738,0.0231746,0.0260994,0.045297,0.00352221,0.0236363,0.0177825,0.0619657,0.804501,34.6626,27.8861,0.910942,784.728,
0.797587,9.87964,0.0677718,0.0518548,0.0586871,0.152194,0.0310779,0.0220127,0.0294894,0.0961501,0.619303,29.8655,18.4958,0.786921,427.616,
0.855486,7.45224,0.0100689,0.0265396,0.0226449,0.110007,0.0104664,0.017627,0.0294221,0.0689131,0.653091,17.9114,11.6977,0.839736,180.642,
0.741157,7.63319,0.046376,0.0661312,0.0991053,0.219375,0.029251,0.0466256,0.0719957,0.138724,0.61808,19.269,11.9098,0.851988,199.415,
0.962156,8.34769,0.0150587,0.0323249,0.0345574,0.0303448,0.00608166,0.0242397,0.0282277,0.0225298,0.771564,20.2302,15.6089,0.956892,266.582,
0.918186,8.28711,0.0136061,0.00752482,0.0536224,0.0747701,0.00588152,0.0209527,0.0298254,0.0610079,0.742781,20.2817,15.0648,0.892396,265.748,
0.946627,8.25039,0.0195163,0.0171549,0.0248687,0.0353975,0.00999147,0.00316081,0.0141033,0.0164505,0.793291,19.6761,15.6089,0.833461,275.343,
0.925792,7.60676,0.0188618,0.0118343,0.0336514,0.0632156,0.0137384,0.0161341,0.0239724,0.0516439,0.753575,20.0645,15.1201,0.90463,254.067,
0.884841,8.8402,0.113509,0.118248,0.0383641,0.116617,0.0759394,0.0683269,0.0218709,0.0999888,0.556786,19.6867,10.9613,0.757615,240.3,
0.74596,11.1371,0.0409635,0.0266924,0.0424966,0.238059,0.0292074,0.015302,0.0294851,0.180569,0.641627,30.467,19.5485,0.81126,515.643,
0.849787,8.7748,0.00745143,0.0446471,0.0166337,0.120605,0.00174075,0.0353454,0.0111498,0.0763453,0.700696,24.0375,16.843,0.831237,327.074,
0.558788,5.86234,0.152345,0.136822,0.184379,0.424719,0.0915144,0.0955594,0.116238,0.30713,0.395199,19.6124,7.7508,0.730383,151.856,
0.83762,7.28507,0.012004,0.0309455,0.0339789,0.124121,0.0163839,0.0127068,0.0180541,0.0828833,0.652697,21.0389,13.732,0.885316,239.465,
0.835682,12.215,0.0256806,0.0253967,0.0230351,0.12179,0.0173705,0.0162256,0.0131746,0.0701901,0.6921,31.6755,21.9226,0.842165,581.976,
0.811402,6.60829,0.0564061,0.154645,0.238577,0.178195,0.032514,0.0953646,0.153828,0.138389,0.543149,13.8681,7.53242,0.637364,117.229,
0.76552,13.5067,0.0359033,0.109819,0.147288,0.235915,0.0349753,0.0908579,0.114001,0.20684,0.301709,30.8751,9.3153,0.497841,463.495,
0.726649,21.2387,0.195413,0.132938,0.105586,0.218072,0.126816,0.0859119,0.0718757,0.130538,0.547582,63.6957,34.8786,0.602782,1672.5,
0.866899,11.8035,0.0462558,0.0308774,0.0338678,0.0922602,0.0307365,0.012042,0.0211065,0.0475102,0.667388,31.0301,20.7091,0.769311,513.974,
0.383738,7.61716,0.205615,0.313072,0.202326,0.622284,0.121323,0.173263,0.126231,0.459787,0.31241,45.672,14.2684,0.607712,476.01,
0.930584,10.933,0.00765146,0.0387715,0.0542881,0.0479809,0.00481607,0.0285661,0.0385108,0.0262122,0.718536,25.5519,18.3599,0.850106,420.524,
0.541716,13.5084,0.0157264,0.0894773,0.067332,0.463178,0.00976317,0.0564299,0.0506363,0.351362,0.474019,47.0444,22.2999,0.694795,969.125,
0.95585,12.0786,0.0307241,0.0346872,0.00894801,0.0283027,0.0213184,0.0248206,0.00928667,0.0128587,0.739049,28.6681,21.1871,0.836999,543.594,
0.912755,11.6671,0.0132192,0.0231964,0.0188475,0.0674641,0.00828123,0.0122547,0.00826146,0.0427495,0.691051,28.5952,19.7607,0.760659,518.563,
0.739849,8.68948,0.102063,0.0781739,0.106932,0.186407,0.0468325,0.0233936,0.0419683,0.106808,0.601897,27.9832,16.843,0.827637,368.793,
0.95098,10.3695,0.0352606,0.0656975,0.0518321,0.0354039,0.0201784,0.0341855,0.0298464,0.0195971,0.741308,25.1321,18.6306,0.820822,416.77,
0.937647,8.0445,0.0166672,0.00720909,0.0528728,0.042211,0.0117219,0.0153878,0.0327185,0.0208603,0.775926,20.1164,15.6089,0.92205,280.767,
0.827446,8.59274,0.117218,0.109323,0.11399,0.125986,0.0751373,0.0692714,0.0504178,0.0665707,0.597262,25.2232,15.0648,0.744419,304.129,
0.892199,8.43752,0.0307568,0.0111222,0.0215683,0.0764509,0.0219728,0.014664,0.00672557,0.041558,0.776831,20.2302,15.7154,0.986931,267.834,
0.973007,9.40114,0.0229343,0.0637102,0.0390141,0.0227902,0.0170989,0.0376192,0.024184,0.0199842,0.764499,22.225,16.991,0.900162,326.24,
0.692637,8.20204,0.0574708,0.0682498,0.136376,0.255398,0.0269351,0.0345187,0.0726217,0.164652,0.61641,25.3222,15.6089,0.929704,344.596,
0.904621,11.6373,0.0708233,0.0429113,0.0150358,0.0796209,0.0477449,0.0271749,0.0130114,0.0537875,0.697681,25.7227,17.9463,0.80314,435.543,
0.762343,5.59552,0.00683034,0.0624903,0.0998458,0.204113,0.00536957,0.0496317,0.059673,0.143377,0.616086,16.9048,10.4148,0.854538,145.598,
0.909003,8.93215,0.0492832,0.029332,0.0686982,0.0754359,0.0365259,0.0120431,0.046357,0.0514657,0.737057,21.9606,16.1862,0.934943,300.375,
0.765246,5.78183,0.137691,0.0612206,0.265106,0.203557,0.0763727,0.0510469,0.167527,0.158131,0.46135,15.0787,6.95656,0.712583,109.303,
0.729947,16.9305,0.0697976,0.0959448,0.30457,0.268159,0.0470458,0.0550654,0.207274,0.215216,0.405505,42.502,17.2348,0.508614,814.766,
0.770935,11.6808,0.116783,0.147268,0.113939,0.213751,0.0781394,0.108571,0.0827222,0.16452,0.529595,29.7745,15.7684,0.681379,450.562,
0.481091,7.80131,0.171674,0.208129,0.135614,0.494664,0.0994371,0.123252,0.0950493,0.325339,0.393073,35.548,13.973,0.700178,452.231,
0.976461,13.5963,0.0199935,0.0177937,0.0534482,0.0155394,0.0153463,0.0071364,0.0347733,0.00659351,0.790423,30.0465,23.7495,0.865319,609.51,
0.848075,11.6904,0.0675636,0.0231475,0.102814,0.119757,0.0458718,0.0173483,0.0679131,0.0768898,0.665145,27.0508,17.9927,0.754428,417.604,
0.770782,8.4233,0.145964,0.144851,0.19108,0.178884,0.0917789,0.0861839,0.111718,0.102006,0.543462,21.3928,11.6262,0.711765,217.354,
0.723349,10.1969,0.055641,0.0373694,0.106958,0.248909,0.0357279,0.0198518,0.082392,0.176262,0.544016,26.8651,14.615,0.741925,375.885,
0.627901,6.90921,0.0813223,0.0885797,0.199195,0.365407,0.0508917,0.0632499,0.133151,0.267999,0.396517,18.9965,7.53242,0.640405,176.887,
0.951414,8.58087,0.0111305,0.0140721,0.00559728,0.0319048,0.00710587,0.000807411,0.00192667,0.0197514,0.725178,22.5326,16.3401,0.782049,312.473,
0.984746,8.58318,0.0130426,0.017261,0.0205504,0.0141232,0.00957104,0.0192091,0.0176807,0.0157556,0.842134,19.6443,16.5431,0.986514,287.442,
0.777704,7.90563,0.00602855,0.111676,0.0305691,0.189324,0.014785,0.075045,0.0218353,0.130213,0.635999,21.9701,13.973,0.869076,248.643,
0.698204,7.93471,0.0186667,0.0911449,0.0435,0.248396,0.0168045,0.0444945,0.0291009,0.156619,0.546077,28.4856,15.5553,0.841866,321.651,
0.908628,9.22405,0.00694897,0.0328052,0.00815205,0.0638527,0.00565921,0.021629,0.00997154,0.0380284,0.713646,24.6206,17.5704,0.988109,322.903,
0.953861,8.00233,0.0254833,0.024393,0.0573863,0.0491371,0.0255323,0.0197505,0.0352401,0.046053,0.830876,20.2714,16.843,0.986354,294.117,
0.805591,7.18598,0.0243371,0.0615249,0.0744272,0.152917,0.0107431,0.0454716,0.0411138,0.095545,0.660269,19.269,12.7228,0.965977,210.679,
0.543154,6.45725,0.208143,0.170446,0.101743,0.420866,0.118763,0.100461,0.0615861,0.284697,0.438295,27.9608,12.2551,0.759546,276.595,
0.95476,8.61691,0.0123216,0.0269919,0.0236761,0.030409,0.00724174,0.0179887,0.0186756,0.0193437,0.800415,22.4212,17.9463,0.881555,347.517,
0.632471,6.82616,0.155883,0.101553,0.165437,0.354078,0.109114,0.0773681,0.116042,0.264192,0.572598,20.1786,11.5542,0.869181,206.09,
0.864118,8.17212,0.0143064,0.00645324,0.0481812,0.105546,0.00908541,0.00515623,0.020621,0.0723857,0.721474,21.8559,15.7684,0.941815,304.129,
0.953565,7.82256,0.0466317,0.0341735,0.00444831,0.0221936,0.0306637,0.028286,0.00643242,0.00307703,0.736596,20.527,15.1201,0.948949,269.085,
0.752208,7.07358,0.0145852,0.0531158,0.0756125,0.198064,0.0113204,0.046936,0.0366762,0.120029,0.552967,23.1265,12.7882,0.824052,243.22,
0.780346,5.07789,0.0677728,0.02759,0.207994,0.192869,0.0360925,0.0345179,0.131456,0.132946,0.5547,11.6441,6.459,0.796666,80.0999,
0.880883,7.16252,0.0401455,0.0490704,0.0434523,0.112965,0.035176,0.0393656,0.0474562,0.0959238,0.824621,18.2688,15.0648,0.903649,247.809,
0.708401,7.86643,0.0756307,0.132065,0.061612,0.231319,0.0359789,0.0797852,0.0360891,0.137151,0.545717,28.6025,15.6089,0.770675,316.228,
0.929546,7.67184,0.0383792,0.0934889,0.0950012,0.0544047,0.0329348,0.051902,0.0439483,0.0458235,0.677813,19.8975,13.4868,0.925895,217.772,
0.991302,12.1512,0.0266367,0.027897,0.0451449,0.0066859,0.0222037,0.0203491,0.0342763,0.00577966,0.760117,25.2645,19.204,0.773637,422.193,
0.926737,11.2073,0.00865003,0.0336639,0.0286188,0.0587804,0.00699628,0.0257721,0.0120761,0.0400477,0.690025,26.6076,18.3599,0.772925,441.384,
0.899345,7.66845,0.0609996,0.0608001,0.107831,0.115358,0.0288183,0.0744188,0.0592237,0.111645,0.465361,16.1862,7.53242,0.652396,146.85,
0.515201,7.09306,0.13036,0.204271,0.136227,0.458558,0.066301,0.115438,0.0847721,0.320826,0.455961,31.6755,14.4428,0.772924,335.001,
0.958011,9.91804,0.0345006,0.0594972,0.0528783,0.0228612,0.0229166,0.0465428,0.0350649,0.00870949,0.741196,21.558,15.9787,0.854851,299.123,
0.807556,8.21612,0.0247248,0.110589,0.06787,0.148721,0.0183586,0.0850869,0.0623851,0.0897308,0.667947,23.2883,15.5553,0.887931,287.442,
0.981711,8.1845,0.00122327,0.00517595,0.0204826,0.0106389,0.00387559,0.0116799,0.0150476,0.00624341,0.830455,20.2817,16.843,0.965038,289.945,
0.957952,8.03355,0.00687171,0.00636432,0.0394005,0.0296827,0.00572252,0.0111233,0.0262138,0.0179992,0.831339,18.7756,15.6089,0.865179,263.662,
0.681243,9.72093,0.0594002,0.0613651,0.106762,0.263516,0.0349238,0.0354162,0.0640849,0.157737,0.613217,29.2658,17.9463,0.934578,437.212,
0.760988,9.31582,0.0966693,0.12447,0.123748,0.200493,0.0626324,0.0824297,0.0829556,0.135577,0.654459,26.4819,17.3313,0.910632,346.265,
0.892342,7.62666,0.0118634,0.0519848,0.021131,0.0899198,0.00477127,0.0411831,0.0241054,0.0615219,0.757367,18.1313,13.732,0.951934,211.097,
0.98185,9.44001,0.0108332,0.00601297,0.023783,0.00299644,0.00641451,0.00310455,0.0125462,0.0144921,0.77746,21.6641,16.843,0.935162,313.724,
0.77143,6.09112,0.0141466,0.0341938,0.0700325,0.199262,0.0167337,0.0121523,0.046984,0.136851,0.635736,16.7561,10.6525,0.860214,160.2,
0.949647,8.66301,0.00765138,0.0122835,0.041454,0.0328667,0.00642126,0.0188259,0.0274038,0.0203884,0.769605,20.2817,15.6089,0.93608,275.343,
0.944182,8.3636,0.0105602,0.0216797,0.0398616,0.0485792,0.00224373,0.0143147,0.0247585,0.0362878,0.795107,20.6789,16.4419,0.939757,289.945,
0.896015,8.18021,0.0153993,0.0371113,0.0475007,0.0880443,0.0119028,0.0296023,0.0323417,0.0643917,0.733421,21.4998,15.7684,0.876349,281.184,
0.754457,7.39676,0.042495,0.0718114,0.041121,0.226657,0.0329667,0.0552909,0.0248626,0.16875,0.680697,21.4707,14.615,0.937749,269.92,
0.936894,7.47858,0.0186011,0.0101837,0.0400318,0.048419,0.0192852,0.00825683,0.0245988,0.0314361,0.724816,17.9114,12.9824,0.901653,219.023,
0.805128,5.64651,0.106693,0.190595,0.174893,0.136906,0.0717028,0.112728,0.108078,0.0681135,0.560723,13.8229,7.7508,0.805554,93.867,
0.858133,10.2568,0.011529,0.0373956,0.0582157,0.127303,0.00812758,0.0228649,0.0432438,0.100217,0.794157,26.2286,20.8296,0.930387,457.654,
0.960449,9.17791,0.0145792,0.0124813,0.0257197,0.0352421,0.0103599,0.0145513,0.0111076,0.0265619,0.818796,22.7537,18.6306,0.885311,350.02,
0.90612,7.52745,0.00660478,0.115781,0.0628635,0.0673683,0.00406948,0.0731492,0.037105,0.0404281,0.624695,17.0522,10.6525,0.856599,163.537,
0.912014,8.80497,0.011792,0.018344,0.0366998,0.0723116,0.00480235,0.0122361,0.0229135,0.052616,0.726985,21.4707,15.6089,0.861413,284.939,
0.942716,9.67296,0.0235886,0.0174472,0.0345718,0.0383899,0.00914606,0.0147648,0.0128894,0.0227817,0.755346,23.2614,17.5704,0.872863,348.351,
0.725683,12.2318,0.198436,0.0829216,0.152577,0.222659,0.134651,0.0557009,0.0994707,0.131847,0.505133,33.3437,16.843,0.651802,526.49,
0.484682,8.9487,0.0785183,0.290872,0.0387607,0.482715,0.0569524,0.177746,0.0321715,0.320609,0.372104,37.5512,13.973,0.658732,438.046,
0.571665,11.9375,0.0724716,0.133324,0.0809869,0.39565,0.0477532,0.0636951,0.0536936,0.277079,0.456769,44.7166,20.4252,0.717807,765.538,
0.648143,9.99393,0.163562,0.141069,0.233565,0.312657,0.0913296,0.0922108,0.147922,0.21371,0.509571,33.3437,16.991,0.702877,467.666,
0.768735,5.74551,0.096157,0.193543,0.0688532,0.185272,0.06084,0.150356,0.0461511,0.107062,0.563557,13.9431,7.85771,0.712281,100.125,
0.764952,9.68532,0.0611188,0.021872,0.0165129,0.199892,0.0362257,0.0128569,0.016927,0.13714,0.634587,26.0691,16.5431,0.8499,365.456,
0.828089,13.6913,0.0415015,0.00812859,0.0449148,0.146924,0.0255719,0.00623511,0.0300133,0.104295,0.643835,33.2121,21.3831,0.698251,617.854,
0.460231,5.15932,0.0495598,0.335114,0.0980639,0.51983,0.0275856,0.207477,0.0831925,0.358942,0.434102,21.6641,9.40445,0.781783,156.862,
0.620989,8.8869,0.0951995,0.0875069,0.117205,0.354218,0.0556407,0.0636157,0.0686175,0.251107,0.541673,26.9813,14.615,0.828197,369.21,
0.538773,12.2049,0.0371037,0.175883,0.0337808,0.447032,0.0168036,0.109255,0.028162,0.322663,0.45209,46.1626,20.8697,0.708433,874.841,
0.77031,16.2461,0.0239075,0.0348147,0.0315575,0.187104,0.0113086,0.0136348,0.0188869,0.116851,0.639595,45.1622,28.8855,0.796043,1108.47,
0.46643,7.54132,0.105019,0.266466,0.144654,0.518086,0.0568492,0.158748,0.104042,0.361158,0.423999,32.814,13.9131,0.781668,365.456,
0.699991,4.80917,0.0965512,0.078751,0.0775664,0.272328,0.0588596,0.0411298,0.0639409,0.185004,0.476056,12.1354,5.77711,0.762086,77.5967,
0.927799,14.6238,0.0039237,0.0270472,0.05695,0.0458713,0.00211149,0.0222077,0.0313963,0.0191896,0.802783,33.9451,27.2506,0.848837,798.913,
0.946818,12.7072,0.0477469,0.0325141,0.0370303,0.0426799,0.0257367,0.0217017,0.0297804,0.0310075,0.766041,26.9813,20.6688,0.883917,480.182,
0.434706,10.0295,0.478661,0.172473,0.396124,0.61194,0.359013,0.106976,0.294337,0.493639,0.264029,37.2612,9.83806,0.427345,358.363,
0.743033,28.0374,0.0931301,0.154087,0.204967,0.282671,0.0639232,0.131698,0.149668,0.283636,0.393714,70.8285,27.8861,0.477182,2406.33,
0.877572,12.9486,0.0174118,0.0171223,0.0624983,0.0898187,0.00753027,0.00739293,0.0347968,0.0506475,0.721988,30.3642,21.9226,0.815921,567.374,
0.817957,8.30919,0.0984883,0.136057,0.142345,0.141416,0.0617958,0.0882929,0.0766278,0.0974427,0.672398,23.0542,15.5016,0.856084,276.178,
0.85718,8.05053,0.027701,0.0417521,0.0870403,0.106578,0.0218114,0.0224871,0.0529031,0.0649364,0.694543,19.7713,13.732,0.877422,269.92,
0.692196,6.49099,0.0419994,0.024128,0.0315856,0.279824,0.0283684,0.0331269,0.0250544,0.195977,0.591669,17.0522,10.0893,0.890291,160.2,
0.77735,11.4819,0.0509015,0.0475088,0.0234523,0.181702,0.0294937,0.02548,0.0116761,0.117701,0.667478,34.6205,23.1084,0.866344,628.283,
0.466486,7.19768,0.135072,0.222903,0.0872827,0.529564,0.0821912,0.132277,0.076848,0.381174,0.411587,31.0704,12.7882,0.762599,310.804,
0.585153,7.2511,0.0573971,0.144958,0.0591434,0.370844,0.025898,0.0844671,0.035161,0.239364,0.497257,27.6155,13.732,0.849931,308.301,
0.936823,8.82813,0.085565,0.0838956,0.0624256,0.0595169,0.0573471,0.0458575,0.0407311,0.0475658,0.703512,20.2817,14.2684,0.873829,256.57,
0.617569,8.08856,0.101478,0.173752,0.100177,0.341392,0.0503261,0.102452,0.0575822,0.231391,0.53804,29.2087,15.7154,0.820571,350.854,
0.551859,13.3782,0.351829,0.192352,0.518462,0.391121,0.222309,0.0935572,0.388634,0.253593,0.336355,46.406,15.6089,0.560901,574.883,
0.760568,5.98344,0.0356079,0.0308304,0.0312904,0.201403,0.0213032,0.00440289,0.0159827,0.13569,0.651001,16.9541,11.0371,0.944813,161.868,
0.645222,14.2685,0.207492,0.152124,0.402851,0.336445,0.11602,0.0922678,0.292841,0.269516,0.462941,45.4247,21.029,0.638134,728.825,
0.896393,11.436,0.0840536,0.252293,0.296994,0.118781,0.0538634,0.17824,0.224621,0.109137,0.551765,27.4032,15.1201,0.7457,385.063,
0.959496,7.86381,0.038756,0.0167192,0.0347942,0.0340476,0.0209913,0.0223467,0.0196428,0.033311,0.738241,18.2688,13.4868,0.913097,212.765,
0.800603,8.16377,0.109084,0.111434,0.162797,0.141946,0.0614114,0.0661167,0.0939731,0.0763605,0.568481,23.3955,13.2999,0.749083,240.717,
0.953975,12.7431,0.0184225,0.0124322,0.0328966,0.0294175,0.0156244,0.00621646,0.0197645,0.0191364,0.855115,30.3642,25.9649,0.96005,657.904,
0.832265,9.16987,0.0394057,0.075499,0.0797837,0.137182,0.0265636,0.055863,0.05732,0.0929103,0.676408,22.2718,15.0648,0.906987,285.356,
0.782525,11.3562,0.0362196,0.125491,0.0770052,0.171819,0.0146013,0.0769379,0.0450042,0.109951,0.608276,36.5376,22.225,0.902502,573.632,
0.949353,7.69071,0.051298,0.0265138,0.0721965,0.0456952,0.0317635,0.013809,0.0516202,0.0390543,0.70877,16.3018,11.5542,0.841912,186.065,
0.844032,9.08252,0.00927396,0.0294156,0.0762309,0.116891,0.0122231,0.0238506,0.0521962,0.0669953,0.685994,26.2286,17.9927,0.802699,388.401,
0.923217,9.54258,0.0156825,0.0311261,0.00774706,0.054757,0.0139663,0.0175645,0.00636062,0.0362626,0.761332,24.1155,18.3599,0.919095,372.965,
0.940503,9.73701,0.0104626,0.0143108,0.0779033,0.0585757,0.0112726,0.0118233,0.0464172,0.0463921,0.736738,21.9701,16.1862,0.912357,320.399,
0.794568,7.15549,0.0351214,0.0670527,0.0991034,0.181876,0.0270294,0.065739,0.0805156,0.134661,0.702728,18.3826,12.918,0.89835,212.348,
0.734062,7.89296,0.04047,0.133782,0.0715821,0.231957,0.0380301,0.0996114,0.0423648,0.159502,0.556466,21.4026,11.9098,0.80412,228.618,
0.945424,9.52527,0.0245046,0.080168,0.0553522,0.0438916,0.0175958,0.0561341,0.0311437,0.0309054,0.73259,19.9498,14.615,0.833461,275.343,
0.867992,13.3515,0.0135948,0.0266017,0.019502,0.109265,0.0124621,0.0179523,0.0144654,0.0760683,0.777993,32.0681,24.9488,0.858666,708.8,
0.876983,9.00816,0.0461639,0.0150566,0.0671512,0.0910544,0.0293111,0.00737699,0.0340201,0.0539423,0.636801,22.6802,14.4428,0.793763,286.19,
0.852049,12.7052,0.0349996,0.0432746,0.0491855,0.119447,0.019509,0.0274996,0.032178,0.0793388,0.700835,31.4971,22.0743,0.751266,587.816,
0.907138,9.37488,0.0631873,0.037501,0.0467983,0.0736329,0.0421211,0.0311546,0.0358873,0.0519342,0.702728,20.9594,14.7288,0.836501,277.012,
0.906555,13.3998,0.060749,0.0636144,0.0378861,0.0701873,0.0409085,0.0429848,0.0248878,0.0442135,0.656049,32.295,21.1871,0.640622,574.883,
0.81772,7.65051,0.0167471,0.0432486,0.0297735,0.144444,0.00821833,0.0224361,0.019289,0.090201,0.641898,21.3928,13.732,0.827148,239.465,
0.805381,9.23369,0.0546666,0.102667,0.133422,0.148905,0.0289142,0.0612586,0.090599,0.0931765,0.638965,24.5951,15.7154,0.84762,337.921,
0.824615,10.3069,0.00925415,0.0166696,0.0351639,0.141629,0.00298346,0.0134582,0.0242135,0.0943059,0.659783,27.4108,18.0852,0.81092,442.635,
0.88696,9.48065,0.000581207,0.0253896,0.0150865,0.0883793,0.000953331,0.0163348,0.0127498,0.0536289,0.774814,22.2437,17.2348,0.923348,333.749,
0.813271,9.18557,0.048737,0.0382653,0.103882,0.151197,0.0303035,0.0297338,0.0783046,0.0977018,0.681296,22.1121,15.0648,0.803161,297.454,
0.794011,8.03856,0.0389617,0.053227,0.113487,0.174778,0.0232944,0.0332859,0.082936,0.120325,0.694668,21.0389,14.615,0.915746,265.331,
0.970077,9.94861,0.013554,0.00597664,0.0421716,0.0160981,0.0109798,0.00813706,0.0298575,0.00524682,0.735391,22.836,16.7934,0.86893,339.173,
0.963504,10.4898,0.00377612,0.0589171,0.0114555,0.0299563,0.00387668,0.0374615,0.00314797,0.0233301,0.746697,23.0813,17.2348,0.885589,363.787,
0.801394,8.58624,0.0232577,0.0967923,0.0496629,0.176119,0.0203647,0.0750439,0.0356116,0.127967,0.609878,23.3955,14.2684,0.822102,297.454,
0.853786,11.167,0.0125502,0.0185207,0.020273,0.118767,0.00887872,0.0188489,0.0127263,0.0812074,0.697622,28.806,20.0957,0.782737,492.698,
0.819864,9.00218,0.0739032,0.00853453,0.0658257,0.15179,0.0391858,0.0062112,0.0358314,0.106669,0.63957,21.4707,13.732,0.802006,269.085,
0.924749,9.18217,0.00508903,0.0077463,0.0169711,0.0659445,0.00573293,0.00913497,0.0181602,0.0561098,0.761042,21.4707,16.3401,0.908444,298.706,
0.935517,9.31355,0.0134533,0.0298834,0.0269485,0.0486433,0.0108902,0.0219682,0.028409,0.0339872,0.690119,23.1535,15.9787,0.820713,308.301,
0.831378,9.99878,0.17461,0.293182,0.201681,0.178472,0.095472,0.181072,0.111684,0.14389,0.478349,27.8037,13.2999,0.672341,340.842,
0.920394,8.26181,0.0492752,0.0747144,0.0757637,0.0552622,0.0201097,0.0520342,0.0381219,0.0343256,0.679775,21.4998,14.615,0.8967,279.932,
0.923004,9.3899,0.0153154,0.012023,0.038258,0.0625658,0.00925506,0.00874296,0.0282524,0.0428831,0.810037,24.1328,19.5485,0.961291,410.512,
0.851055,11.2612,0.0161019,0.0966781,0.198677,0.135702,0.00950318,0.0643958,0.129494,0.0977935,0.672171,28.3755,19.0732,0.840889,493.115,
0.838968,7.55411,0.0419111,0.0621195,0.124649,0.153924,0.0365736,0.0555513,0.102452,0.129167,0.777934,20.0645,15.6089,0.977866,263.662,
0.770692,10.8654,0.0565057,0.0883478,0.128994,0.209634,0.0337013,0.0571422,0.0755789,0.16114,0.64,32.295,20.6688,0.839697,538.588,
0.908517,10.5567,0.0205485,0.0414541,0.0224336,0.0620965,0.0173549,0.0306525,0.0228994,0.0354213,0.790569,26.3477,20.8296,0.957038,447.224,
0.420241,6.36192,0.0905265,0.239678,0.106186,0.609878,0.0610413,0.15737,0.064633,0.472356,0.423324,27.464,11.6262,0.794644,297.871,
0.721653,7.71975,0.0542185,0.0830216,0.153873,0.249733,0.0324328,0.0532815,0.102286,0.167829,0.541065,24.3479,13.1738,0.815827,293.7,
0.77252,9.22424,0.0702788,0.0181308,0.133608,0.190922,0.0366127,0.0111785,0.0728144,0.13569,0.647034,28.3755,18.3599,0.856195,440.132,
0.982609,9.46283,0.0168152,0.0200385,0.0296245,0.00960654,0.0130826,0.00366359,0.0166505,0.00319929,0.78296,23.333,18.2688,0.915465,370.462,
0.899498,8.1287,0.00443854,0.0214863,0.0257718,0.0717833,0.00281079,0.0187849,0.0188831,0.039292,0.69843,23.3955,16.3401,0.885946,311.221,
0.958418,8.51345,0.0182539,0.00680209,0.0227849,0.0332587,0.011075,0.00563076,0.0206222,0.020689,0.830455,20.2817,16.843,0.990701,289.528,
0.874383,8.54638,0.00852248,0.0178608,0.0557132,0.102693,0.00473747,0.0208299,0.0337427,0.0729741,0.793322,22.6802,17.9927,0.982434,341.259,
0.795589,7.61735,0.0136607,0.0170918,0.0391919,0.17451,0.0109994,0.0152558,0.0223169,0.117743,0.696047,23.4756,16.3401,0.919353,324.571,
0.87772,15.1671,0.0160996,0.0527791,0.11098,0.0896641,0.00913471,0.0351169,0.0619112,0.0590284,0.628227,47.4726,29.8235,0.746764,1023.78,
0.935355,7.57921,0.0350869,0.0287854,0.0320351,0.045668,0.022899,0.0271123,0.0256971,0.0233814,0.79603,19.4736,15.5016,0.998386,234.876,
0.845039,9.25406,0.00477964,0.0564985,0.0201598,0.116704,0.00372836,0.0334616,0.0176462,0.0677916,0.695789,26.3872,18.3599,0.911727,396.745,
0.956168,9.66297,0.0208647,0.00985599,0.0238687,0.026914,0.0188678,0.00218132,0.0209535,0.0103209,0.838274,22.909,19.204,0.952469,373.799,
0.942719,10.8882,0.0112976,0.0224211,0.00646753,0.0359236,0.012369,0.0167011,0.00978866,0.0183952,0.805877,27.2506,21.9606,0.906201,501.041,
0.922784,9.34596,0.0205712,0.0571072,0.0496617,0.0544781,0.0131411,0.0442279,0.0363891,0.0337427,0.752983,21.9701,16.5431,0.895548,304.129,
0.886231,8.92927,0.0230369,0.0496472,0.0326403,0.0849191,0.0128521,0.0326857,0.0328401,0.0492249,0.737309,22.2999,16.4419,0.898217,312.056,
0.973185,11.39,0.0465493,0.0158961,0.0707492,0.0170697,0.0287718,0.00586105,0.0377477,0.00994326,0.646261,27.8412,17.9927,0.723711,432.623,
0.913181,8.13581,0.0754264,0.0732445,0.0832401,0.0671193,0.0451791,0.0524206,0.0605373,0.0467144,0.64153,18.9965,12.1868,0.776122,206.507,
0.914193,11.3485,0.0358649,0.0103342,0.0928605,0.0670945,0.0300857,0.00484679,0.0602309,0.0449918,0.731235,25.4783,18.6306,0.851105,421.359,
0.972148,9.0586,0.00567765,0.0211753,0.0710004,0.0182684,0.00683774,0.0220308,0.0478686,0.0120074,0.773142,20.1889,15.6089,0.927656,271.171,
0.752105,12.6214,0.0828712,0.0917605,0.131248,0.243699,0.0563205,0.0673955,0.086334,0.20465,0.636758,31.7544,20.2199,0.673939,617.436,
0.79471,9.13742,0.0909399,0.121182,0.127789,0.155928,0.0575551,0.0746003,0.0827795,0.096162,0.534129,23.8196,12.7228,0.731912,275.343,
0.933865,7.27783,0.0103892,0.0290031,0.0288609,0.0523587,0.0161966,0.0234635,0.0192416,0.0354434,0.779294,16.9048,13.1738,0.955742,190.654,
0.934674,9.74354,0.0193976,0.0159489,0.011374,0.0516121,0.0138613,0.012581,0.00545682,0.0349217,0.845082,22.0459,18.6306,0.953258,359.615,
0.874336,11.9155,0.0919345,0.0657733,0.15137,0.0881414,0.0457812,0.0358,0.0858352,0.0552082,0.537603,33.982,18.2688,0.609749,513.14,
0.661717,13.3232,0.147533,0.261051,0.184344,0.255631,0.0708056,0.158117,0.0983316,0.140389,0.440633,43.5827,19.204,0.497676,715.893,
0.875817,9.04229,0.038521,0.0443733,0.0500838,0.0984354,0.0307805,0.0290817,0.0382291,0.0645558,0.71285,22.0459,15.7154,0.865262,299.123,
0.476197,6.8489,0.10498,0.201529,0.0914163,0.514224,0.0715952,0.132991,0.0538308,0.355995,0.382352,28.6681,10.9613,0.674702,282.853,
0.886559,11.0706,0.0344486,0.0169244,0.0396465,0.0889864,0.0204313,0.0263857,0.0329526,0.0550003,0.673313,25.8118,17.3794,0.793469,420.107,
0.659918,6.43476,0.0510007,0.151482,0.110083,0.282085,0.0273691,0.0840861,0.0716314,0.17916,0.541745,22.4955,12.1868,0.775874,215.686,
0.620135,5.81615,0.104969,0.0282058,0.206917,0.357,0.0616336,0.00871996,0.130618,0.257412,0.435143,16.7934,7.30752,0.74869,131.831,
0.822157,7.53338,0.061842,0.064799,0.0275374,0.144428,0.0405187,0.0396532,0.0187879,0.0931847,0.591858,18.7756,11.1125,0.839736,180.642,
0.738713,21.8731,0.120963,0.218736,0.134049,0.219789,0.0626164,0.130504,0.0823153,0.148594,0.522173,69.4455,36.2626,0.641992,2072.58,
0.903911,11.2189,0.0791689,0.058641,0.0379088,0.0681268,0.0475046,0.0351166,0.0319646,0.0404191,0.600482,29.8864,17.9463,0.675027,449.727,
0.867824,14.1756,0.0294174,0.0466347,0.0630278,0.104763,0.0160814,0.0298417,0.0362749,0.0646651,0.74767,33.3687,24.9488,0.778926,732.997,
0.817485,13.7197,0.0728023,0.0338529,0.048371,0.153496,0.049123,0.0212129,0.0423895,0.108655,0.584823,33.717,19.7185,0.657904,600.332,
0.498552,6.43712,0.031144,0.137997,0.0819093,0.525561,0.0328003,0.0984349,0.0770254,0.413037,0.357137,21.7026,7.7508,0.581748,181.893,
0.679467,13.3717,0.0516908,0.0416974,0.0754303,0.306227,0.0290349,0.027537,0.0422705,0.232918,0.534596,39.0382,20.8697,0.684757,762.2,
0.893639,15.001,0.0446958,0.0302777,0.0269702,0.080873,0.0272912,0.0155698,0.0174889,0.0497953,0.76237,35.2593,26.8806,0.822833,785.563,
0.477898,7.70052,0.188569,0.248466,0.215002,0.474674,0.0856501,0.121997,0.114697,0.31698,0.431534,39.3734,16.991,0.743272,445.556,
0.640215,13.6045,0.0307641,0.0635208,0.0952881,0.342491,0.0176617,0.0384945,0.0686029,0.249981,0.571634,43.4101,24.8147,0.766042,948.683,
0.797275,11.0535,0.07487,0.0497896,0.0584956,0.174015,0.0454732,0.0283788,0.043991,0.121586,0.61031,28.3976,17.3313,0.779523,420.941,
0.613669,10.1194,0.11754,0.182884,0.119487,0.341115,0.0646452,0.102524,0.064541,0.225487,0.528053,36.7766,19.42,0.796069,551.938,
0.417622,10.8279,0.0747013,0.221259,0.0160069,0.628373,0.056258,0.145781,0.0140253,0.509641,0.381291,46.0812,17.5704,0.637841,757.611,
0.443645,7.67286,0.0999062,0.280556,0.0593315,0.510191,0.0495159,0.137648,0.0132664,0.333812,0.362473,44.0824,15.9787,0.761519,484.354,
0.422913,9.80797,0.0882369,0.227862,0.121123,0.627369,0.0585265,0.149923,0.112845,0.529469,0.442668,43.0869,19.0732,0.766016,695.868,
0.475893,7.58158,0.0775857,0.225052,0.0782367,0.508041,0.0333081,0.127845,0.0478086,0.367961,0.396728,36.839,14.615,0.772717,421.359,
0.717603,7.78112,0.0755342,0.111622,0.0205716,0.248795,0.0594422,0.0670533,0.0298808,0.177007,0.587351,23.6879,13.9131,0.753484,252.815,
0.880654,9.13337,0.0405319,0.0353123,0.0482447,0.0990588,0.0257545,0.0236635,0.0295248,0.075009,0.743178,24.2105,17.9927,0.910632,346.265,
0.889178,8.50703,0.0126202,0.0237115,0.0131457,0.0900481,0.00814319,0.0159446,0.0164495,0.0616811,0.790761,22.7537,17.9927,1.00461,339.59,
0.579981,7.09418,0.0211796,0.0993389,0.081034,0.366875,0.0192809,0.0316562,0.0418669,0.234885,0.399349,32.0226,12.7882,0.705803,274.092,
0.895728,8.85607,0.024738,0.0721919,0.0891089,0.0751831,0.0162029,0.0465751,0.0623212,0.0416641,0.756569,22.1968,16.7934,0.944854,305.798,
0.846878,10.9641,0.116845,0.181419,0.100181,0.104272,0.0629463,0.100761,0.0494933,0.0656784,0.576644,29.2087,16.843,0.814105,459.74,
0.823428,8.46323,0.0110166,0.0359695,0.0319532,0.145395,0.00792789,0.0195224,0.0169419,0.102721,0.700404,19.9498,13.973,0.866705,236.545,
0.481764,10.5987,0.11045,0.213821,0.147705,0.519492,0.0612085,0.135243,0.0805106,0.38279,0.447214,42.058,18.8089,0.743572,677.929,
0.753707,9.28885,0.0734183,0.0478992,0.0755948,0.206199,0.0395484,0.0199178,0.0409625,0.136766,0.651206,26.9813,17.5704,0.842009,386.315,
0.827611,10.3197,0.0150089,0.0325029,0.0419688,0.1437,0.00939506,0.0286,0.0238135,0.0942682,0.710742,25.4455,18.0852,0.866613,441.801,
0.805542,5.79468,0.0293838,0.0272775,0.105965,0.150872,0.0150774,0.00735744,0.0781483,0.088045,0.647506,17.162,11.1125,0.88512,177.304,
0.832077,11.4538,0.0132915,0.0204925,0.055161,0.140124,0.0078541,0.00828147,0.0356096,0.0966938,0.706904,26.9813,19.0732,0.786186,460.991,
0.783236,8.39374,0.0174714,0.0496815,0.01862,0.191114,0.00836896,0.0303484,0.0178293,0.137431,0.711498,25.2232,17.9463,0.924087,369.21,
0.313697,6.17382,0.26898,0.450822,0.176303,0.687489,0.143909,0.261909,0.0904434,0.470931,0.302318,38.4568,11.6262,0.643596,337.504,
0.716772,9.76605,0.0880912,0.022281,0.168361,0.230051,0.0542362,0.0117218,0.109533,0.137202,0.568225,28.4856,16.1862,0.864977,411.346,
0.72649,8.00338,0.0521485,0.0397467,0.032245,0.222552,0.0198477,0.0299297,0.011972,0.140832,0.542805,26.6076,14.4428,0.799366,289.528,
0.924968,9.6817,0.0140098,0.0113762,0.0131665,0.0591356,0.0119339,0.00505875,0.00605589,0.0427133,0.810037,24.1328,19.5485,0.945822,399.248,
0.965653,8.07984,0.0206525,0.0090101,0.036591,0.0274869,0.0151089,0.00321858,0.0256562,0.0345359,0.755136,19.9498,15.0648,0.943552,260.325,
0.886076,8.39091,0.0297046,0.0667616,0.0641038,0.0976815,0.0223156,0.0486978,0.0470916,0.0703794,0.700918,22.4212,15.7154,0.872445,303.295,
0.718217,10.1158,0.232383,0.245753,0.166878,0.189101,0.139156,0.150773,0.0892134,0.0919075,0.478456,35.0992,16.7934,0.715604,424.696,
0.928134,7.99049,0.0496718,0.0790822,0.0602845,0.0553148,0.0383644,0.0536111,0.0404036,0.0344032,0.703477,22.1121,15.5553,0.871929,290.779,
0.329072,5.13931,0.15339,0.417696,0.148978,0.649944,0.0634465,0.228631,0.0851628,0.449559,0.25793,40.0666,10.3344,0.592412,266.582,
0.986852,10.6134,0.00438077,0.0116474,0.010934,0.00898885,0.00878653,0.0128556,0.00757974,0.00822688,0.86906,23.968,20.8296,0.965265,413.432,
0.480115,7.38635,0.181224,0.169655,0.223892,0.495318,0.0902333,0.0848447,0.140381,0.336045,0.376802,34.9622,13.1738,0.599369,386.732,
0.683813,9.268,0.0303832,0.147068,0.0700313,0.270933,0.015381,0.0822005,0.0506624,0.173377,0.456821,37.194,16.991,0.70887,455.151,
0.782624,9.52302,0.0903719,0.0439334,0.17042,0.184231,0.045891,0.0333718,0.0936496,0.125853,0.534427,34.1839,18.2688,0.706711,434.291,
0.62207,9.33856,0.0587652,0.134049,0.24098,0.343088,0.033945,0.090246,0.171918,0.227611,0.561253,29.9213,16.7934,0.855666,410.929,
0.613983,6.50564,0.150393,0.18873,0.197705,0.285942,0.0647703,0.104666,0.112589,0.148608,0.5075,25.1984,12.7882,0.772498,233.207,
0.968271,8.66139,0.0288209,0.0328779,0.0542723,0.00447283,0.0192408,0.0200593,0.0357302,0.017706,0.698578,24.3222,16.991,0.873877,316.645,
0.916269,8.52435,0.0352841,0.0348134,0.0378354,0.070016,0.0238771,0.0333668,0.0140863,0.055652,0.770497,21.4707,16.5431,0.940554,290.362,
0.482376,5.85417,0.214369,0.299478,0.157827,0.454535,0.118084,0.172224,0.091983,0.282174,0.408631,29.8235,12.1868,0.706655,246.14,
0.657444,7.43317,0.0514787,0.0929168,0.108295,0.322507,0.0304355,0.0492347,0.0735022,0.240978,0.558409,25.5519,14.2684,0.852394,303.712,
0.947739,7.74757,0.0115143,0.0253087,0.00423109,0.0385977,0.00832894,0.0235493,0.00116507,0.0257701,0.775926,20.1164,15.6089,0.988625,243.22,
0.792771,9.12283,0.0577446,0.0279582,0.0440161,0.171021,0.0350455,0.0174902,0.0218176,0.113735,0.630515,24.7558,15.6089,0.816916,323.737,
0.717149,7.42455,0.0459303,0.145362,0.0516572,0.234481,0.0241566,0.0928782,0.0318314,0.143031,0.557928,20.7091,11.5542,0.810296,206.925,
0.927368,10.2794,0.0202078,0.0212854,0.0562915,0.0572566,0.015256,0.0133362,0.0414101,0.0449723,0.71852,27.502,19.7607,0.869462,422.193,
0.775425,9.06185,0.027539,0.00808889,0.0780509,0.189562,0.0106912,0.0093147,0.0551377,0.124324,0.630076,27.8861,17.5704,0.861161,394.242,
0.887824,8.0246,0.022645,0.0440691,0.0427965,0.0863206,0.0201724,0.037026,0.0348737,0.0515319,0.770497,21.4707,16.5431,0.978017,296.62,
0.840062,8.56339,0.0221277,0.0378271,0.0990407,0.131057,0.0128594,0.0194272,0.0728094,0.0882893,0.744208,21.4707,15.9787,0.911883,307.049,
0.63672,9.49629,0.0989213,0.161233,0.129396,0.271254,0.0458793,0.0792844,0.0497806,0.138986,0.551143,32.814,18.0852,0.80806,482.685,
0.937515,8.87053,0.0152523,0.0157336,0.0110824,0.0500946,0.0153636,0.0180549,0.00250242,0.0405322,0.840424,21.3538,17.9463,1.00499,317.896,
0.954276,10.4946,0.0255805,0.0113271,0.0215434,0.0337256,0.0166392,0.00487051,0.0174894,0.0236735,0.787839,26.4898,20.8697,0.87321,462.66,
0.696391,11.2267,0.0504258,0.0650405,0.162745,0.269802,0.0342089,0.0389124,0.111128,0.184186,0.635415,33.3437,21.1871,0.866287,654.983,
0.890156,7.44498,0.00555512,0.0384226,0.0337693,0.0916301,0.00538165,0.0303281,0.0209335,0.0690451,0.750504,19.4736,14.615,0.929133,253.65,
0.746017,9.49769,0.0317744,0.0336981,0.04037,0.223578,0.0209905,0.0178365,0.0187374,0.156005,0.597697,30.0257,17.9463,0.828939,416.77,
0.817627,6.91418,0.0299616,0.0644903,0.105816,0.162705,0.0196951,0.0477895,0.085484,0.120098,0.729045,17.4513,12.7228,0.905175,204.422,
0.873486,9.74522,0.0194362,0.0301426,0.0816528,0.108138,0.010873,0.0210285,0.0553351,0.0817622,0.771704,25.5519,19.7185,0.893102,434.291,
0.928637,8.67797,0.0119722,0.0137965,0.0490629,0.0560856,0.0117273,0.010994,0.0313096,0.0410914,0.822108,21.9986,18.0852,0.921306,332.498,
0.616511,7.64812,0.0240454,0.148771,0.0285141,0.332336,0.0109067,0.078922,0.019367,0.213861,0.490148,30.8481,15.1201,0.828357,343.762,
0.924694,12.5496,0.0169159,0.0196859,0.0283725,0.0558652,0.00886727,0.0165249,0.0188155,0.034088,0.8,30.467,24.3736,0.932705,625.78,
0.935119,10.4448,0.0209906,0.0265821,0.0748885,0.0525972,0.0142645,0.0183129,0.0483245,0.0330282,0.737254,23.5731,17.3794,0.885878,370.879,
0.95997,8.75683,0.01567,0.0241295,0.00546304,0.0331191,0.00917413,0.0198783,0.00132494,0.023989,0.818004,21.2461,17.3794,0.947034,313.724,
0.945497,9.05614,0.021065,0.0302234,0.0364421,0.0502363,0.0147393,0.0200792,0.0208553,0.0420895,0.789819,19.8975,15.7154,0.899296,287.442,
0.917866,9.40764,0.020242,0.00230002,0.0406007,0.0746205,0.0234487,0.00772625,0.0309537,0.0599103,0.802932,24.1328,19.377,0.929649,395.076,
0.844522,8.50424,0.008124,0.0417173,0.030126,0.125047,0.00596061,0.0276109,0.0270348,0.0839331,0.748851,22.6894,16.991,0.925723,321.651,
0.949313,10.3117,0.00613055,0.0111756,0.0149066,0.0425952,0.00452093,0.00968832,0.0136957,0.0331096,0.805833,26.2922,21.1871,0.902631,465.58,
0.956304,12.6113,0.0503344,0.0138643,0.0584365,0.0249737,0.0305323,0.0171907,0.0482179,0.022435,0.779095,29.5212,22.9998,0.899822,570.712,
0.657741,8.15572,0.0924039,0.108456,0.135178,0.289054,0.0471778,0.0614259,0.0787591,0.184723,0.494678,29.7745,14.7288,0.832613,334.167,
0.3973,9.2977,0.0335085,0.250053,0.067926,0.648274,0.020914,0.159478,0.0495585,0.515139,0.414355,46.7642,19.377,0.755728,781.391,
0.902658,8.51101,0.0136243,0.0319641,0.0558079,0.0764862,0.0116771,0.0280687,0.0303749,0.0477036,0.745069,23.2614,17.3313,0.848357,332.081,
0.800412,9.63888,0.0436117,0.0646298,0.159831,0.145956,0.0209713,0.0439127,0.093863,0.0836754,0.591169,31.057,18.3599,0.775558,430.537,
0.93883,9.96139,0.0432227,0.0111775,0.0351425,0.0464556,0.0290142,0.00128307,0.0241621,0.0325235,0.794394,26.0691,20.7091,0.899247,431.788,
0.578625,9.96787,0.107588,0.166873,0.14471,0.349726,0.0539726,0.0817527,0.0953747,0.21123,0.410214,49.1903,20.1786,0.546296,619.94,
0.490939,7.46689,0.304214,0.348555,0.322574,0.473345,0.159435,0.207527,0.211688,0.327166,0.331604,35.9158,11.9098,0.586083,299.957,
0.744584,11.5045,0.164799,0.079459,0.30741,0.219338,0.0936804,0.0480711,0.18825,0.156245,0.405309,48.231,19.5485,0.585812,585.313,
0.857596,8.83789,0.00351988,0.0459276,0.020368,0.104314,0.00583898,0.0249878,0.0195297,0.0539558,0.734966,24.8567,18.2688,0.926919,378.388,
0.690505,5.53972,0.0540269,0.0744018,0.0646803,0.272065,0.0396102,0.0387514,0.0555224,0.183063,0.541491,21.4707,11.6262,0.796219,196.495,
0.698317,6.33915,0.025444,0.0357201,0.103443,0.276375,0.0156198,0.0155792,0.0740355,0.20284,0.603949,20.1786,12.1868,0.887446,218.606,
0.68425,12.832,0.0356387,0.10508,0.0702615,0.256717,0.0180675,0.0589282,0.041328,0.156989,0.513566,50.932,26.157,0.819106,926.155,
0.506289,6.86417,0.223474,0.20565,0.224097,0.464978,0.114622,0.113019,0.104309,0.332756,0.390381,31.2178,12.1868,0.644126,276.178,
0.646803,9.17142,0.0861184,0.213727,0.135057,0.312424,0.0385748,0.106114,0.0739817,0.213147,0.405969,38.7109,15.7154,0.631372,425.531,
0.871064,7.35506,0.051468,0.0450263,0.148111,0.105887,0.0258846,0.00973965,0.0773221,0.0790335,0.594964,20.598,12.2551,0.819265,210.679,
0.745757,6.40682,0.0437649,0.0538223,0.0662901,0.208296,0.0265915,0.0294716,0.0579813,0.139363,0.594803,21.4998,12.7882,0.919512,209.845,
0.843088,7.82383,0.0163256,0.106498,0.0733851,0.124201,0.00885843,0.0721018,0.0478586,0.0783456,0.654855,21.2461,13.9131,0.898184,245.306,
0.675147,6.79343,0.0617345,0.110565,0.0545206,0.272628,0.0279716,0.0648313,0.0428697,0.169426,0.575051,22.909,13.1738,0.884947,244.889,
0.72028,8.08433,0.0489898,0.0540901,0.0386443,0.239464,0.0272799,0.0327857,0.0287833,0.154643,0.59037,24.7558,14.615,0.826876,306.215,
0.571343,5.97106,0.107798,0.1337,0.152102,0.37214,0.048111,0.0649107,0.0774966,0.232132,0.373661,29.7395,11.1125,0.618556,234.459,
0.451447,7.29632,0.108291,0.253783,0.0725908,0.534701,0.0592832,0.139885,0.0335955,0.37731,0.392834,34.9563,13.732,0.74742,380.474,
0.919758,7.47206,0.0250115,0.00499061,0.0406348,0.0629653,0.0197625,0.00882492,0.0259059,0.0460101,0.802936,18.8311,15.1201,0.948725,244.471,
0.941862,8.84488,0.0406417,0.0242555,0.0364323,0.0698694,0.0244118,0.013989,0.0194593,0.0769959,0.818161,20.2199,16.5431,0.948208,287.859,
0.907852,8.44362,0.0688112,0.0863214,0.0885754,0.0671666,0.0466706,0.0429697,0.0531063,0.0414719,0.632456,20.1164,12.7228,0.783375,233.625,
0.945741,7.54464,0.0395321,0.025306,0.0310272,0.0395744,0.0207613,0.017999,0.0235441,0.0309793,0.694539,17.5466,12.1868,0.845368,187.317,
0.965727,8.53153,0.0145645,0.0236062,0.0223604,0.0301892,0.00687103,0.0181627,0.0192544,0.0237701,0.779146,20.0333,15.6089,0.925276,276.178,
0.762462,10.1291,0.00595098,0.0752061,0.0722106,0.211413,0.00737147,0.0461239,0.0505339,0.152152,0.66962,27.4184,18.3599,0.82454,433.874,
0.885496,8.58904,0.0373183,0.0438313,0.0600067,0.0822762,0.0233153,0.0287294,0.0341064,0.0483949,0.738672,20.3945,15.0648,0.9098,274.509,
0.620285,6.5931,0.0378358,0.136821,0.0869378,0.345304,0.0259915,0.0682438,0.0606066,0.237741,0.485071,20.7996,10.0893,0.749552,195.243,
0.415077,6.57714,0.0431068,0.292711,0.066633,0.596211,0.0410942,0.178594,0.0606718,0.444189,0.350459,31.7084,11.1125,0.721444,320.399,
0.932254,10.9291,0.0103195,0.0241112,0.0398387,0.0581362,0.00756238,0.0174294,0.0265329,0.0466034,0.810718,24.3222,19.7185,0.939245,433.04,
0.940794,11.2738,0.0654092,0.112511,0.0692996,0.0409572,0.0439429,0.063568,0.0523638,0.0238426,0.632846,25.9809,16.4419,0.761819,362.118,
0.436451,3.80462,0.32917,0.367224,0.318332,0.557386,0.226967,0.274368,0.224312,0.389563,0.342997,15.0648,5.1672,0.588156,62.9952,
0.902827,16.7906,0.0756582,0.0560461,0.0249934,0.0726093,0.0448477,0.0321731,0.0195159,0.0464265,0.638323,39.8631,25.4455,0.632919,909.467,
0.515712,10.873,0.0156333,0.0734714,0.0429207,0.509592,0.0156183,0.0366281,0.042356,0.414809,0.450145,38.6084,17.3794,0.695769,628.701,
0.988264,12.4055,0.0374482,0.0327653,0.090941,0.00976103,0.0242708,0.0204601,0.058404,0.0136239,0.711796,29.0942,20.7091,0.776675,507.716,
0.943203,12.3637,0.0367434,0.0384763,0.0407188,0.050528,0.0226648,0.0224657,0.0251496,0.0438837,0.755185,29.13,21.9986,0.846764,579.055,
0.663415,11.2851,0.0405109,0.121578,0.136052,0.299732,0.0189235,0.0832124,0.0894609,0.20266,0.564457,32.5267,18.3599,0.768236,505.63,
0.799794,8.25049,0.0660134,0.0669299,0.0759059,0.163701,0.0397973,0.0392493,0.0439841,0.107044,0.596285,23.333,13.9131,0.82202,252.815,
0.787149,10.0271,0.0819189,0.082293,0.233657,0.187011,0.0541617,0.0642132,0.150668,0.129806,0.50122,24.4505,12.2551,0.729486,315.393,
0.515645,7.09887,0.0839489,0.236944,0.098617,0.470513,0.0443751,0.150354,0.064681,0.335797,0.466061,28.5368,13.2999,0.778774,327.492,
0.782629,11.5185,0.0513192,0.118063,0.107959,0.186652,0.0383583,0.069318,0.0714159,0.129099,0.581233,30.9561,17.9927,0.775799,513.974,
0.72999,12.7266,0.0451994,0.0861841,0.0293702,0.232762,0.0248378,0.044712,0.0141906,0.156793,0.622145,40.7941,25.3798,0.755499,789.735,
0.790174,10.2551,0.0175719,0.0284937,0.0746853,0.173161,0.0127961,0.0207209,0.0564384,0.112873,0.610137,25.8441,15.7684,0.790244,372.131,
0.743586,13.5587,0.0281028,0.0484107,0.0716292,0.220829,0.0124246,0.0245578,0.0426645,0.151967,0.62954,39.8421,25.0822,0.804147,801.416,
0.768893,9.63284,0.109734,0.105804,0.290832,0.216517,0.0755026,0.0767788,0.20149,0.162778,0.51465,24.8483,12.7882,0.784525,343.345,
0.778759,15.8503,0.0481499,0.0302267,0.217886,0.210488,0.0267228,0.0264436,0.154611,0.170345,0.630772,43.3956,27.3728,0.754392,1061.74,
0.917918,11.0414,0.0275758,0.0134083,0.0402176,0.0725311,0.0150185,0.004382,0.0255475,0.0584055,0.7768,26.6076,20.6688,0.869844,467.249,
0.733862,18.6368,0.0234701,0.0479762,0.0690979,0.228368,0.0130019,0.024429,0.0439164,0.158768,0.644915,56.0855,36.1704,0.757278,1528.57,
0.725142,9.00254,0.0780448,0.0952159,0.103077,0.23845,0.0534239,0.0647933,0.0740236,0.15924,0.617442,29.0655,17.9463,0.795303,408.426,
0.855461,10.028,0.0332801,0.0370161,0.0399869,0.112935,0.0191789,0.0257572,0.0228869,0.0728855,0.713831,29.1801,20.8296,0.920451,457.237,
0.922207,9.03374,0.0275662,0.0164985,0.0271743,0.0651127,0.0161027,0.00850639,0.0181002,0.0483914,0.763015,22.0743,16.843,0.90715,310.804,
0.949267,5.78706,0.0906436,0.0217809,0.134039,0.0320538,0.0579804,0.0207844,0.0877994,0.0213938,0.563745,12.3399,6.95656,0.820497,90.1124,
0.951561,9.1585,0.0127467,0.0192337,0.0191116,0.0292757,0.0105232,0.012056,0.0168036,0.0117385,0.757601,21.7026,16.4419,0.911633,294.117,
0.844207,8.52598,0.00600602,0.008171,0.0391496,0.116734,0.00604416,0.0215763,0.019649,0.0712455,0.662698,23.7143,15.7154,0.905262,303.295,
0.66768,8.35308,0.0429105,0.0790463,0.0188446,0.298432,0.0216417,0.0429672,0.0285079,0.21085,0.524184,25.1321,13.1738,0.763385,305.798,
0.960536,8.88746,0.018177,0.0116601,0.0151715,0.0250536,0.0115499,0.0124479,0.00954428,0.0151613,0.78711,20.0333,15.7684,0.957604,273.257,
0.905372,8.39544,0.0126098,0.0400753,0.03373,0.0762578,0.00550235,0.0330425,0.0259857,0.0499971,0.707107,20.8296,14.7288,0.880705,265.748,
0.949457,11.3575,0.0215193,0.0423976,0.0262294,0.0554202,0.0101416,0.0313632,0.0231561,0.054686,0.717518,28.806,20.6688,0.837849,497.704,
0.913543,8.42288,0.0104053,0.0244111,0.0267893,0.0700059,0.00703087,0.0225171,0.0182453,0.0514875,0.789819,19.8975,15.7154,0.917983,278.681,
0.688246,6.84626,0.0541488,0.0842658,0.0618527,0.269808,0.0278068,0.0428098,0.036541,0.184212,0.561805,23.1084,12.9824,0.857504,248.643,
0.706939,6.41479,0.0176581,0.0908223,0.106725,0.264107,0.00657302,0.0446464,0.0786187,0.186358,0.556317,16.9048,9.40445,0.855592,167.709,
0.680376,5.86628,0.0502084,0.0864133,0.087978,0.315693,0.0510334,0.0589584,0.0816145,0.251141,0.609262,16.1475,9.83806,0.868036,149.353,
0.763373,9.10672,0.0610056,0.0419354,0.102266,0.192324,0.030625,0.0359078,0.0606992,0.126539,0.652078,27.5929,17.9927,0.900717,410.512,
0.697175,8.44546,0.104179,0.0519748,0.19178,0.275844,0.0616857,0.0353081,0.127353,0.198437,0.636981,21.558,13.732,0.807293,266.582,
0.335937,6.01878,0.190444,0.450278,0.14661,0.627876,0.0733244,0.237844,0.0647831,0.39455,0.317075,38.4351,12.1868,0.662789,343.345,
0.781019,6.62872,0.0489202,0.0547711,0.0532297,0.179314,0.0166706,0.0231967,0.0271654,0.113171,0.657764,20.2199,13.2999,0.88663,229.036,
0.640444,8.56823,0.0657585,0.104029,0.0695722,0.300833,0.0156829,0.0493044,0.0265057,0.189659,0.519685,33.8096,17.5704,0.72879,437.629,
0.8847,8.33668,0.0187368,0.0213318,0.0487469,0.0895945,0.0136647,0.0132781,0.0323242,0.0595047,0.681878,22.0932,15.0648,0.838775,278.264,
0.980388,9.20686,0.0331058,0.0244298,0.0201724,0.0226841,0.0208043,0.0241913,0.0169065,0.0274514,0.811605,22.1121,17.9463,0.945356,333.332,
0.506734,8.53432,0.269157,0.141202,0.175422,0.43319,0.129616,0.0527768,0.0806801,0.272807,0.334705,46.6347,15.6089,0.594214,453.899,
0.491487,7.31612,0.133638,0.231137,0.111071,0.438266,0.058604,0.112847,0.0353619,0.275724,0.408142,40.0354,16.3401,0.709572,400.917,
0.552416,8.54759,0.0443648,0.157451,0.146956,0.45308,0.0320729,0.0967269,0.116742,0.353402,0.408509,31.3045,12.7882,0.730394,395.91,
0.847908,10.9741,0.0514739,0.0919919,0.0745718,0.099726,0.0250592,0.0473006,0.0414064,0.055335,0.577535,36.1358,20.8697,0.755111,526.49,
0.652062,7.4843,0.136699,0.165878,0.175378,0.258133,0.0675549,0.0886288,0.0968557,0.146628,0.484966,31.0637,15.0648,0.728777,309.553,
0.612485,14.5911,0.176136,0.140679,0.365842,0.354338,0.0991297,0.0806195,0.237466,0.244826,0.465814,48.5113,22.5973,0.678101,904.878,
0.649275,10.9207,0.040812,0.108853,0.138293,0.316669,0.0175642,0.0687469,0.092563,0.216259,0.536228,36.1358,19.377,0.736265,612.847,
0.586352,7.03719,0.0368324,0.167803,0.0603277,0.359793,0.00987919,0.0742597,0.0486249,0.231131,0.439554,33.2497,14.615,0.751644,319.982,
0.708705,22.3939,0.149343,0.138139,0.351709,0.263451,0.0955459,0.094721,0.231813,0.184794,0.534752,62.3419,33.3375,0.663844,1951.6,
0.600088,8.14279,0.220782,0.183523,0.226113,0.353094,0.134561,0.0998494,0.163988,0.247831,0.375778,34.5481,12.9824,0.696075,338.756,
0.957004,8.33163,0.0446058,0.0153901,0.0525969,0.0354869,0.0287395,0.00342791,0.0378323,0.027269,0.718821,19.3555,13.9131,0.871298,238.631,
0.910155,7.8192,0.0426943,0.00129079,0.0321929,0.0633926,0.0305452,0.00750208,0.0312688,0.0398975,0.713957,21.7122,15.5016,0.83041,273.675,
0.967572,10.3671,0.00316441,0.0237875,0.0123744,0.0250686,0.00967368,0.0209556,0.00258337,0.0187166,0.806767,25.8683,20.8697,0.906123,445.138,
0.684059,6.96919,0.00586158,0.0434241,0.0697947,0.28691,0.011955,0.0515132,0.036695,0.207716,0.544925,21.8559,11.9098,0.819694,256.987,
0.951554,7.7423,0.00235642,0.0676551,0.0570164,0.0413441,0.0059768,0.0488115,0.0424174,0.0322628,0.819005,16.4673,13.4868,0.940671,206.925,
0.969509,8.62041,0.033448,0.026633,0.00591072,0.0268092,0.0240677,0.00971121,0.00741557,0.0208556,0.789844,21.3245,16.843,0.891071,307.884,
0.66932,6.58663,0.0524116,0.0939264,0.0438289,0.289603,0.0278493,0.0551383,0.0279699,0.195154,0.602555,23.1895,13.973,0.871567,261.159,
0.934492,7.92526,0.0170342,0.053691,0.0396754,0.0537865,0.00730975,0.031418,0.020854,0.0407485,0.732675,21.1575,15.5016,0.916125,271.589,
0.898173,7.60746,0.0188981,0.0171486,0.0434647,0.0814928,0.0210885,0.0256057,0.0352424,0.060983,0.786328,18.7311,14.7288,0.926567,246.557,
0.959622,7.35475,0.0673587,0.0094898,0.0227655,0.0379393,0.0441558,0.0175775,0.020614,0.0283598,0.712633,17.1011,12.1868,0.846518,187.734,
0.946925,7.77985,0.0143144,0.0220887,0.0268802,0.0426186,0.00349525,0.0232083,0.0226755,0.0328094,0.763826,18.9084,14.4428,0.963373,221.109,
0.973681,7.83006,0.0338004,0.0346514,0.0633393,0.025065,0.0196196,0.0244991,0.0397127,0.0257815,0.768626,17.5466,13.4868,0.911817,206.925,
0.723738,6.12957,0.0418561,0.150081,0.124411,0.255436,0.0241707,0.100404,0.0984502,0.19426,0.674949,17.3313,11.6977,0.933784,163.537,
0.358383,6.58857,0.131871,0.366726,0.0740457,0.635537,0.0551029,0.20753,0.01439,0.447397,0.289391,43.9639,12.7228,0.596065,434.709,
0.723177,7.21965,0.0593327,0.084351,0.0937475,0.216556,0.0314964,0.054713,0.0479638,0.124117,0.609934,22.909,13.973,0.849976,261.576,
0.697634,9.55936,0.0191463,0.0381808,0.0627776,0.267546,0.00955696,0.0209813,0.0444336,0.190682,0.524421,35.0099,18.3599,0.749145,478.096,
0.514848,5.33285,0.160048,0.167324,0.172615,0.421239,0.0750735,0.0535195,0.074742,0.251031,0.460921,22.4212,10.3344,0.8396,185.231,
0.776113,6.73952,0.062488,0.0854688,0.0270609,0.191185,0.0342709,0.0455694,0.0211265,0.127979,0.57594,18.4958,10.6525,0.799585,179.808,
0.857631,8.15791,0.0792311,0.100197,0.116062,0.0737039,0.0346649,0.0569486,0.0551857,0.0327125,0.565685,27.5929,15.6089,0.764775,290.362,
0.762734,9.11627,0.0104298,0.12648,0.0169061,0.184671,0.00849808,0.0725094,0.00831363,0.112582,0.601334,29.9213,17.9927,0.819629,395.493,
0.913387,9.49529,0.0512338,0.02499,0.163092,0.0726955,0.0251281,0.0146303,0.102882,0.05963,0.654461,21.7122,14.2098,0.833829,269.92,
0.668411,8.05544,0.0467755,0.106969,0.0194097,0.288479,0.0317101,0.0647408,0.0134357,0.195201,0.544193,28.6826,15.6089,0.852761,374.217,
0.952029,9.36041,0.0187226,0.0461773,0.0448683,0.0288738,0.00834283,0.0350119,0.0248757,0.0213372,0.758346,24.2105,18.3599,0.931129,359.615,
0.632791,8.08736,0.116089,0.132051,0.171028,0.284641,0.0513546,0.0603094,0.0820735,0.166,0.507412,31.4905,15.9787,0.772018,376.303,
0.772539,8.75991,0.0320323,0.0262164,0.0273196,0.190878,0.0166587,0.0205677,0.0152014,0.126127,0.641719,25.2232,16.1862,0.894948,363.37,
0.928968,7.96185,0.0201913,0.0537897,0.0525127,0.060177,0.00985441,0.0400746,0.0429366,0.0407187,0.758628,22.909,17.3794,0.944661,332.915,
0.959732,8.05238,0.0222321,0.0172474,0.0404299,0.0320725,0.0117388,0.00872257,0.0282999,0.0239244,0.747631,19.5485,14.615,0.878667,253.232,
0.842534,7.9952,0.0272532,0.0335937,0.00318688,0.142154,0.0174597,0.0321905,0.00512048,0.109303,0.762537,20.6789,15.7684,0.923673,281.601,
0.86209,7.3386,0.0239268,0.0652439,0.0576912,0.125382,0.0173401,0.0517697,0.0507609,0.0943616,0.752577,19.42,14.615,0.9034,241.968,
0.904024,7.02531,0.0149172,0.00493756,0.0484239,0.0752488,0.0208159,0.0128218,0.0424666,0.0526948,0.763271,16.6687,12.7228,0.938103,184.814,
0.625619,6.66634,0.0549301,0.139837,0.0822328,0.339227,0.030652,0.0735443,0.0557678,0.23384,0.558581,23.1265,12.918,0.857618,243.22,
0.547425,8.12765,0.0587786,0.181758,0.0503048,0.413504,0.0303071,0.098387,0.022396,0.27837,0.44749,36.7426,16.4419,0.78002,441.384,
0.373229,10.2988,0.0653623,0.330964,0.0714536,0.675541,0.040138,0.227531,0.0466451,0.553648,0.4,52.1742,20.8697,0.713473,885.27,
0.512285,6.78139,0.102089,0.0302781,0.123891,0.521005,0.0624308,0.0525502,0.081381,0.446932,0.410317,23.9767,9.83806,0.655013,222.361,
0.635134,10.4463,0.0510549,0.11162,0.0323106,0.335694,0.0327364,0.0754518,0.0162311,0.229308,0.526013,32.3015,16.991,0.796514,492.698,
0.531413,10.948,0.0412913,0.271657,0.0645553,0.445321,0.0153507,0.179454,0.060965,0.314092,0.549747,39.9467,21.9606,0.852681,682.1,
0.849881,10.7236,0.0100716,0.0340165,0.00888941,0.109829,0.00616156,0.0244032,0.00378318,0.0627457,0.723915,28.5514,20.6688,0.885281,489.36,
0.897761,8.921,0.0141079,0.0151917,0.0347297,0.085354,0.008996,0.00373161,0.0319364,0.0589313,0.703282,22.4212,15.7684,0.867423,300.375,
0.842784,10.1073,0.0476687,0.0390719,0.15908,0.138555,0.0395198,0.040955,0.114904,0.110156,0.610412,24.6798,15.0648,0.817338,367.542,
0.813001,8.86276,0.0345136,0.0522905,0.0996892,0.156644,0.0314249,0.0388421,0.0659342,0.10862,0.658431,22.1968,14.615,0.753058,293.7,
