0.485247,11.2505,0.214911,0.196702,0.236837,0.535418,0.137534,0.146465,0.161825,0.416425,0.409616,44.5999,18.2688,0.67089,677.094,
0.524989,11.2733,0.218672,0.16193,0.264291,0.479881,0.143427,0.116434,0.182349,0.361243,0.508436,38.1956,19.42,0.760579,647.057,
0.693814,13.8098,0.101892,0.0563749,0.197911,0.286619,0.0616965,0.0474805,0.131701,0.213104,0.576618,40.5736,23.3955,0.743859,821.441,

0.902196,8.97365,0.0188815,0.0128472,0.0412789,0.0706441,0.0159049,0.0166198,0.0394218,0.0369571,0.788594,20.8497,16.4419,0.963426,302.46,
0.879618,8.80685,0.00854712,0.0436803,0.0659414,0.0860154,0.0105471,0.0321637,0.0478174,0.0436109,0.703204,22.1968,15.6089,0.926847,302.46,
0.833976,8.23011,0.0181844,0.0310854,0.0221432,0.136261,0.0179913,0.0224049,0.0180173,0.0897547,0.72806,20.2302,14.7288,0.924585,251.564,

0.952875,13.5963,0.0301893,0.0240397,0.101175,0.0257414,0.0271631,0.0216822,0.0778208,0.00988367,0.75649,29.0296,21.9606,0.869223,554.441,
0.942801,13.8016,0.0518029,0.0524218,0.0417998,0.0513767,0.0369742,0.0251995,0.0333516,0.0444963,0.766928,29.4647,22.5973,0.836922,584.062,
0.935693,13.7999,0.0248206,0.0421334,0.0799284,0.054998,0.0172368,0.0272093,0.0570959,0.0439138,0.720883,31.9051,22.9998,0.854265,587.816,

0.881556,5.74732,0.0580742,0.0806415,0.115945,0.0979901,0.0498238,0.0644788,0.0733286,0.0702002,0.692255,13.0625,9.0426,0.863318,104.714,
0.734988,7.11426,0.0465883,0.0494608,0.13333,0.219151,0.0227539,0.0461898,0.0978446,0.141278,0.594809,20.0229,11.9098,0.859061,227.784,
0.760829,6.13369,0.0192694,0.0726623,0.0927624,0.182093,0.0233891,0.0637876,0.0600467,0.110415,0.574221,17.5704,10.0893,0.85391,153.942,
0.762639,6.5253,0.085375,0.0987806,0.14192,0.154216,0.0449285,0.0642644,0.0878184,0.0620354,0.542936,20.1889,10.9613,0.807092,169.378,
0.706773,6.73166,0.0585681,0.103339,0.0996608,0.227779,0.0440534,0.0617123,0.0652527,0.129976,0.561405,20.7091,11.6262,0.889205,203.587,

0.797326,8.49242,0.0265931,0.079716,0.0123025,0.167455,0.0112347,0.0480164,0.0156204,0.113283,0.69843,24.8147,17.3313,0.874722,349.603,
0.919221,9.02032,0.0233191,0.0500284,0.063624,0.0821461,0.0135008,0.0243315,0.0366634,0.0637412,0.653148,26.3872,17.2348,0.720361,352.523,
0.856061,8.52815,0.0181568,0.0529676,0.0753004,0.126968,0.011939,0.0286155,0.0461337,0.0945113,0.778572,21.1181,16.4419,0.876614,318.314,
0.858366,8.51045,0.0355998,0.0572701,0.109129,0.11612,0.0196344,0.0295472,0.0665532,0.0810458,0.716235,22.3093,15.9787,0.864926,311.221,
0.52276,9.57631,0.0576555,0.147753,0.0594158,0.490279,0.0329184,0.0920046,0.029381,0.38737,0.492223,37.85,18.6306,0.801489,630.369,
0.758582,7.99861,0.0667487,0.0467379,0.116859,0.207531,0.0378667,0.0352652,0.085286,0.140958,0.541637,24.3222,13.1738,0.812537,297.454,

0.85634,8.75382,0.0315862,0.0408333,0.0570141,0.122135,0.0218008,0.0243395,0.0356511,0.088953,0.643921,23.3955,15.0648,0.888164,325.406,
0.87174,8.8362,0.0138449,0.0299889,0.0270682,0.104502,0.00918117,0.0161105,0.0221353,0.0707676,0.68923,23.4845,16.1862,0.833235,334.584,
0.846049,8.74181,0.0172735,0.0320106,0.0094582,0.131835,0.0129964,0.0198053,0.00614623,0.0932725,0.67068,23.5111,15.7684,0.917894,330.412,

0.728722,13.1839,0.0867245,0.0466952,0.213055,0.251029,0.0561257,0.0333999,0.156252,0.188775,0.605625,34.7228,21.029,0.756824,673.757,
0.656676,12.6498,0.105223,0.0724675,0.234592,0.335569,0.0630054,0.0508282,0.168578,0.260817,0.508465,36.9915,18.8089,0.721361,667.499,
0.632227,13.2616,0.142169,0.0695479,0.246561,0.366576,0.0942397,0.0589382,0.176066,0.288747,0.598849,38.8883,23.2883,0.738235,828.533,

0.919561,8.64305,0.023816,0.0509488,0.0468302,0.0787514,0.00916302,0.0389467,0.0245089,0.0733175,0.769605,20.2817,15.6089,0.932719,273.675,
0.92091,8.68774,0.00498659,0.0228421,0.0404001,0.06904,0.00138051,0.0199688,0.0213893,0.0563364,0.759901,19.8975,15.1201,0.884695,273.675,
0.931668,9.03155,0.0291638,0.0293015,0.0305834,0.0531873,0.0198304,0.0231856,0.0253872,0.0418664,0.745052,22.6065,16.843,0.855567,324.154,
0.92637,8.69424,0.023706,0.0591485,0.0447367,0.0618473,0.0174836,0.0458554,0.0362241,0.0451362,0.754474,20.8296,15.7154,0.917983,278.681,
0.856911,8.26386,0.00409346,0.0283691,0.0180889,0.115641,0.00661673,0.0236868,0.00927175,0.0818542,0.748539,20.7091,15.5016,0.947209,268.251,
0.883216,8.53448,0.0258976,0.0144835,0.0325669,0.089039,0.0136051,0.00458399,0.022316,0.0641382,0.649811,24.1846,15.7154,0.850991,302.878,

0.767832,8.35233,0.0214078,0.0425001,0.0619415,0.196398,0.0126803,0.0189958,0.0374504,0.130782,0.731555,24.5951,17.9927,0.978194,375.885,
0.760225,8.21172,0.0361564,0.0517352,0.0901354,0.201672,0.0210219,0.0223006,0.0557621,0.130952,0.682485,26.3635,17.9927,0.87896,393.824,
0.563368,7.43269,0.125507,0.14348,0.107239,0.412769,0.0745234,0.0797672,0.0655954,0.284745,0.573528,28.6681,16.4419,0.897553,386.315,
0.666482,7.8981,0.0588698,0.0842425,0.0872711,0.296755,0.0365382,0.0428757,0.0545782,0.201432,0.642656,27.0431,17.3794,0.908585,387.149,
0.673813,8.0571,0.0509112,0.0860482,0.104502,0.293339,0.0281499,0.0410584,0.0716814,0.205513,0.638012,26.6311,16.991,0.909403,373.382,
0.799554,8.45216,0.0131933,0.0423515,0.06029,0.172712,0.00724469,0.0233329,0.0433234,0.121756,0.707107,25.4455,17.9927,0.941531,373.799,

0.672767,11.9552,0.0312935,0.0513054,0.0111304,0.27717,0.0180934,0.0330129,0.00743974,0.1696,0.608959,38.4188,23.3955,0.80795,798.496,
0.665473,11.8769,0.0217005,0.0598385,0.0298335,0.281125,0.0153327,0.0322772,0.0299843,0.168794,0.580025,39.6532,22.9998,0.825708,809.342,
0.720385,11.9585,0.0247698,0.0392753,0.0272404,0.221348,0.0153564,0.0208603,0.0230538,0.12691,0.611409,37.6178,22.9998,0.866129,748.016,
0.732217,10.2206,0.0487778,0.104587,0.109361,0.204225,0.0234409,0.0595672,0.0654339,0.11307,0.65475,30.6921,20.0957,0.931403,474.759,
0.818413,11.2837,0.0670362,0.089549,0.119182,0.135736,0.0375011,0.0549988,0.0718817,0.0759663,0.656311,32.2821,21.1871,0.878901,548.183,
0.982307,11.8056,0.0190443,0.0470659,0.119778,0.012429,0.0149307,0.0278043,0.0744303,0.00588892,0.766327,27.4412,21.029,0.944841,503.544,

0.958131,12.0817,0.0489672,0.0271647,0.0360957,0.0267099,0.0296022,0.0170511,0.0232564,0.00993952,0.71574,28.2503,20.2199,0.77285,503.544,
0.929667,11.3587,0.0266445,0.00575746,0.00401786,0.0486213,0.0178681,0.00246727,0.00931091,0.0259594,0.780488,26.4819,20.6688,0.866233,456.402,
0.892816,11.6537,0.0402107,0.0192293,0.0157864,0.0739713,0.0252343,0.0117476,0.00745955,0.0373236,0.671997,28.8349,19.377,0.686886,506.882,
0.997463,10.686,0.0303573,0.0116368,0.0407682,0.00561067,0.0193967,0.0126958,0.0249911,0.0104313,0.803406,23.1895,18.6306,0.877946,372.131,
0.990015,10.3218,0.0431491,0.0395375,0.0197382,0.00348276,0.0264906,0.028215,0.01726,0.00622621,0.768682,22.4212,17.2348,0.824655,335.001,
0.917097,12.1781,0.00746899,0.0103047,0.0216652,0.0590276,0.00270191,0.00582268,0.00964174,0.031283,0.719241,29.4576,21.1871,0.786498,563.619,

0.920556,10.7354,0.00402969,0.00460285,0.0144171,0.0666118,0.000695503,0.00265068,0.0107092,0.0489529,0.848939,24.9572,21.1871,0.96585,462.66,
0.931135,10.8289,0.00475266,0.00715927,0.0245109,0.0539873,0.00425051,0.00725036,0.017753,0.0360896,0.867889,26.0371,22.5973,0.937086,496.452,
0.974187,11.1988,0.00406393,0.0123212,0.0179483,0.0247767,0.00410862,0.00389939,0.0169952,0.0225969,0.847803,26.0371,22.0743,0.958973,490.612,
0.928421,10.9105,0.019515,0.0165546,0.0198238,0.0617811,0.0164708,0.0180645,0.0174402,0.0475738,0.846393,26.125,22.1121,0.986859,480.182,
0.942681,10.8845,0.0197402,0.0040567,0.0245203,0.0436454,0.0142959,0.00403575,0.0175627,0.0282502,0.824163,26.5998,21.9226,0.933871,485.188,
0.937933,10.9645,0.00713954,0.00728889,0.042688,0.0464731,0.00465556,0.0085,0.0348116,0.0289916,0.823078,26.8651,22.1121,0.910771,488.943,

0.84138,8.53884,0.0115443,0.056873,0.0103068,0.126198,0.00745924,0.0372565,0.0127496,0.0772676,0.687489,22.9363,15.7684,0.890997,289.11,
0.797852,8.40465,0.00549008,0.0423958,0.0339686,0.163018,0.00454671,0.0259207,0.0276964,0.0981619,0.657596,22.909,15.0648,0.824162,304.546,
0.910516,8.94028,0.0190668,0.0277984,0.0354691,0.0636771,0.0172092,0.0212651,0.034018,0.031551,0.747377,23.1895,17.3313,0.953678,317.479,

0.945546,9.96975,0.0417601,0.0579815,0.0322708,0.0364054,0.0260878,0.0354173,0.0270248,0.0167419,0.744043,22.836,16.991,0.881348,334.167,
0.916801,10.0116,0.0310739,0.0708914,0.00692057,0.0544359,0.0162517,0.0525857,0.0104669,0.0255036,0.702247,24.6798,17.3313,0.800958,349.185,
0.905555,9.86536,0.0190694,0.0243558,0.0324947,0.0637493,0.0185287,0.0193972,0.0200843,0.0366829,0.736398,24.9321,18.3599,0.908805,372.965,
0.879187,9.93671,0.054155,0.0346356,0.0643444,0.0807643,0.0267203,0.00763056,0.0340282,0.0421102,0.697681,25.7227,17.9463,0.833312,379.64,
0.8911,10.1146,0.0310553,0.0262684,0.010331,0.0754375,0.0231223,0.0157757,0.0120166,0.0456102,0.6791,26.6311,18.0852,0.823653,405.506,
0.921316,9.75677,0.022879,0.0449494,0.0470289,0.0552498,0.0194922,0.0342736,0.0329486,0.0327111,0.717713,25.1984,18.0852,0.934326,347.517,

0.883196,13.459,0.0282497,0.0404428,0.0554173,0.106073,0.0195519,0.0304058,0.0368228,0.0838853,0.78296,32.9978,25.836,0.790419,707.549,
0.83775,12.8962,0.0457313,0.0442543,0.0780374,0.137433,0.0309427,0.0333677,0.0505902,0.0981196,0.748149,33.1681,24.8147,0.896079,684.604,
0.834125,12.6973,0.0424837,0.0427341,0.0697115,0.142705,0.0276467,0.0323958,0.0492815,0.102484,0.752894,33.8405,25.4783,0.837487,697.119,
0.845203,13.1112,0.0244893,0.0379195,0.0711258,0.135181,0.0103756,0.0295129,0.0506322,0.101374,0.752577,34.3301,25.836,0.907554,729.243,
0.834038,12.6447,0.0196559,0.0474433,0.0556487,0.147227,0.00881296,0.0384091,0.0357403,0.112027,0.760954,32.61,24.8147,0.913013,668.333,
0.889211,12.8584,0.0314237,0.0276166,0.0482769,0.0986387,0.0192573,0.0239757,0.0315343,0.0794074,0.792264,31.4905,24.9488,0.889937,657.904,

0.859,9.0761,0.039742,0.0437084,0.105562,0.119424,0.0265668,0.0234744,0.0718519,0.089342,0.710718,22.1121,15.7154,0.792685,313.724,
0.917631,9.18198,0.0147477,0.0262431,0.0977289,0.0718157,0.0146368,0.0247537,0.0726685,0.0555078,0.729214,22.1968,16.1862,0.922097,312.89,
0.899354,8.99448,0.0333514,0.0339515,0.111662,0.0765814,0.0217871,0.026199,0.0811431,0.0514963,0.722124,22.909,16.5431,0.906185,297.454,
0.969092,8.91268,0.014109,0.0307297,0.0234048,0.0307549,0.00682641,0.0255413,0.0145134,0.0306751,0.75082,20.0645,15.0648,0.924268,269.503,
0.922547,9.18612,0.0653534,0.019441,0.0538758,0.0635635,0.0434562,0.0146765,0.0317007,0.0547388,0.740233,22.7537,16.843,0.942575,304.546,
0.903478,9.24264,0.0418393,0.0485528,0.034119,0.0701119,0.0286927,0.0350297,0.0164421,0.0421124,0.749675,21.9321,16.4419,0.896277,304.546,

0.887349,8.43286,0.0091414,0.00748584,0.0231021,0.0979939,0.00622504,0.00336486,0.0227049,0.0743327,0.757413,20.6082,15.6089,0.897743,286.607,
0.85335,8.03539,0.0294642,0.017033,0.0642186,0.134715,0.0156423,0.00924263,0.0521362,0.108734,0.778808,20.5169,15.9787,0.967897,278.264,
0.864742,8.45759,0.0111325,0.0194523,0.0316027,0.122342,0.0124817,0.0134793,0.0198541,0.0946651,0.763812,21.3928,16.3401,0.891894,302.043,
0.88669,8.51521,0.00798778,0.0221991,0.0662717,0.106059,0.00895245,0.0213574,0.0504991,0.086317,0.726246,21.7122,15.7684,0.888227,299.957,
0.910277,8.30464,0.0114953,0.0200164,0.0421003,0.083421,0.00748641,0.017883,0.0322723,0.0666808,0.798228,20.598,16.4419,0.865646,293.282,
0.877741,8.31572,0.00720342,0.0112468,0.0218913,0.11675,0.0033638,0.00368612,0.019621,0.0980426,0.811343,20.7594,16.843,0.969062,298.706,

0.950826,9.46215,0.00870341,0.0107365,0.0175127,0.0402806,0.00730042,0.0134648,0.0134832,0.0328641,0.818963,21.9701,17.9927,0.914822,342.093,
0.946097,9.58805,0.0270205,0.00975708,0.0443776,0.0445869,0.0204054,0.00498467,0.0343348,0.035864,0.801212,24.1846,19.377,0.881434,374.634,
0.924229,9.42037,0.01518,0.00295807,0.048941,0.0626521,0.0108748,0.00575581,0.0351039,0.0482089,0.728811,24.8147,18.0852,0.842534,366.707,
0.91883,9.33358,0.00962385,0.0142542,0.0214481,0.0643945,0.00440109,0.0106242,0.017333,0.047836,0.820119,22.717,18.6306,0.976543,345.013,
0.931724,9.56442,0.0141778,0.0210181,0.0494253,0.053349,0.0106832,0.0103902,0.0347376,0.0377573,0.727607,26.6311,19.377,0.854876,382.56,
0.974976,9.76733,0.0152427,0.0255857,0.00620699,0.0185089,0.0112628,0.0212473,0.00613967,0.0149581,0.784188,24.3222,19.0732,0.846328,389.652,

0.849959,8.57683,0.019828,0.0264252,0.07614,0.121791,0.0142107,0.0169503,0.0539331,0.0836726,0.694996,23.5111,16.3401,0.830161,345.013,
0.841049,8.60335,0.0186343,0.032312,0.0446544,0.125544,0.0179539,0.0193185,0.0265606,0.0817862,0.712571,24.3222,17.3313,0.847174,350.437,
0.795466,8.1309,0.0245079,0.0395448,0.0256771,0.168888,0.0205581,0.0211086,0.0169103,0.113789,0.690178,22.6157,15.6089,0.978955,290.362,
0.796719,8.22113,0.0122251,0.0494809,0.0309371,0.165248,0.00835897,0.0311021,0.0210485,0.109324,0.699714,22.836,15.9787,0.932869,305.798,
0.767385,8.06491,0.0239664,0.059803,0.0339392,0.190345,0.0131782,0.0354419,0.0232097,0.123748,0.651306,24.2105,15.7684,0.925594,308.301,
0.831227,8.63467,0.0394242,0.0427605,0.0580378,0.134059,0.0279526,0.027246,0.0379379,0.0884134,0.724933,24.7558,17.9463,0.884686,349.603,

0.948469,11.1516,0.0116595,0.0117154,0.0328285,0.0405946,0.00661399,0.00883323,0.0233005,0.0298437,0.715267,30.2747,21.6545,0.762902,499.79,
0.971363,11.155,0.0176202,0.0170213,0.0227789,0.0246106,0.0155883,0.0105845,0.018749,0.0198697,0.756115,29.0942,21.9986,0.840468,492.698,
0.916647,10.9503,0.0123273,0.0105322,0.0406159,0.0654155,0.00949323,0.00947504,0.0262985,0.0437939,0.749634,29.2444,21.9226,0.839516,514.809,
0.955152,11.1005,0.00623879,0.0252288,0.0241832,0.0318311,0.00824057,0.0142708,0.0118412,0.0183796,0.742314,28.806,21.3831,0.920004,481.016,
0.943512,10.7556,0.0058382,0.00867176,0.0358229,0.0468741,0.00511638,0.00538677,0.029959,0.0337013,0.850617,24.722,21.029,0.960969,442.218,
0.974401,10.8702,0.00594629,0.012586,0.0103819,0.0271912,0.00342269,0.00761331,0.0053248,0.0262186,0.874028,25.0822,21.9226,0.996303,453.482,

0.940966,9.12083,0.0447554,0.0269589,0.0302135,0.0353631,0.0245316,0.019198,0.0118872,0.0167266,0.750943,23.8983,17.9463,0.893009,335.001,
0.917858,8.94272,0.0346388,0.0243263,0.0277908,0.0557923,0.0196438,0.0169736,0.010975,0.0357786,0.727164,24.6798,17.9463,0.894225,329.16,
0.935125,8.91322,0.0495712,0.0363336,0.0306494,0.0371501,0.0279084,0.0256484,0.0159175,0.0206343,0.720672,24.1155,17.3794,0.921306,332.498,
0.932568,8.98421,0.0332116,0.024428,0.0257006,0.0363404,0.0189762,0.0190545,0.010034,0.0146614,0.714877,24.5782,17.5704,0.900915,333.332,
0.945731,9.11584,0.0299238,0.0134494,0.0253039,0.0298485,0.0145029,0.0109309,0.0117704,0.0147937,0.764161,23.907,18.2688,0.891093,340.424,
0.941978,8.92001,0.016564,0.0254889,0.0340601,0.0363645,0.00634201,0.0208438,0.0177977,0.0217384,0.746273,23.2883,17.3794,0.923528,327.074,

0.958927,8.51024,0.00765089,0.0251007,0.0111627,0.0330933,0.00347566,0.0238566,0.0125532,0.0266101,0.782741,20.6789,16.1862,0.911633,294.117,
0.944147,8.37293,0.00358156,0.0166774,0.00400714,0.0420696,0.005921,0.0261065,0.0037831,0.0304241,0.797836,20.6082,16.4419,0.950635,289.11,
0.990961,8.66161,0.00363505,0.0156465,0.0193159,0.00912122,0.00335368,0.0206191,0.0135161,0.0100003,0.813157,20.2199,16.4419,0.955595,298.289,
0.980634,8.76185,0.0186107,0.017828,0.0199768,0.0131471,0.0107829,0.014659,0.0091101,0.0112951,0.819156,21.1575,17.3313,0.945552,312.89,
0.956196,8.63973,0.00684752,0.00973557,0.019827,0.0389288,0.010802,0.0151049,0.0160531,0.0330965,0.748701,21.9606,16.4419,0.821653,320.817,
0.926255,8.29164,0.0215857,0.0238509,0.0238561,0.0587119,0.0162136,0.0216599,0.0142322,0.0408433,0.782154,21.4707,16.7934,0.972336,287.025,

0.865962,7.95457,0.0455569,0.0588225,0.0886058,0.116106,0.0295129,0.0478165,0.0666488,0.0859314,0.776662,21.0389,16.3401,0.959488,293.7,
0.844862,7.73509,0.0432417,0.0729204,0.115459,0.141643,0.031791,0.0553368,0.0864011,0.107602,0.79603,20.527,16.3401,0.990811,282.853,
0.904421,7.80354,0.0306873,0.0405917,0.0803222,0.0807579,0.0167961,0.0321578,0.0643858,0.0600016,0.748283,21.3538,15.9787,0.980488,277.846,
0.947753,8.1046,0.0241872,0.0331664,0.0724819,0.0381925,0.0141359,0.023079,0.0511977,0.0274186,0.727013,22.6157,16.4419,0.886757,299.123,
0.824731,7.63669,0.0467875,0.0524427,0.0922574,0.143473,0.0260979,0.0343124,0.0620142,0.0980305,0.707107,22.8908,16.1862,0.894053,290.779,
0.828969,8.26175,0.0433963,0.0537207,0.120639,0.146331,0.0300201,0.0303507,0.082236,0.103405,0.72745,23.1535,16.843,0.903435,321.651,

0.543696,9.33605,0.144574,0.106269,0.134287,0.451222,0.103074,0.0818258,0.0842633,0.321176,0.397948,30.6241,12.1868,0.550146,374.217,
0.640649,8.18227,0.171752,0.142553,0.188888,0.311309,0.106332,0.0778813,0.123907,0.200125,0.465361,25.5926,11.9098,0.633268,247.392,
0.533129,8.90357,0.0733535,0.194364,0.0419414,0.458846,0.0534846,0.120668,0.0515378,0.336575,0.350823,31.6755,11.1125,0.565774,357.946,

0.376716,3.51791,0.0354731,0.321019,0.104473,0.647419,0.0406432,0.189414,0.0951611,0.485521,0.318981,16.1991,5.1672,0.695489,77.5967,
0.912815,9.11589,0.0529712,0.021353,0.0382485,0.0756107,0.0295201,0.00685216,0.0243674,0.0604617,0.706716,19.4308,13.732,0.841778,241.134,
0.930966,9.75131,0.0402056,0.0998942,0.0846928,0.0582152,0.0319932,0.0613903,0.0575039,0.0444586,0.577892,21.0884,12.1868,0.732433,260.742,

0.745885,5.34535,0.0562336,0.103694,0.0474421,0.208512,0.037152,0.0751156,0.0352161,0.133777,0.549442,14.1067,7.7508,0.866785,101.794,
0.725183,4.442,0.0712942,0.145162,0.170838,0.213043,0.0310543,0.0975722,0.130978,0.121706,0.53379,12.3399,6.58691,0.894161,69.6702,
0.801357,6.28056,0.0451266,0.12607,0.0468451,0.171114,0.0307863,0.101879,0.0313326,0.123085,0.581129,14.9118,8.66566,0.879952,131.414,
0.852417,6.43751,0.0454703,0.0991671,0.0701961,0.112811,0.0351802,0.0696008,0.0512784,0.07665,0.618347,15.0648,9.3153,0.814786,130.997,
0.579747,4.46599,0.0805499,0.0200941,0.126184,0.406069,0.0567709,0.0268238,0.0854485,0.292778,0.47497,13.8681,6.58691,0.879581,90.1124,

0.509506,11.5875,0.0532746,0.13597,0.165179,0.498766,0.0251814,0.0756628,0.120571,0.378413,0.470322,41.5641,19.5485,0.713199,725.071,
0.47966,11.0994,0.0411599,0.12946,0.144253,0.545525,0.0133269,0.0676485,0.114284,0.429824,0.437055,40.2018,17.5704,0.654419,664.161,
0.500443,10.7522,0.0209988,0.144092,0.115378,0.504035,0.0095063,0.0872447,0.0825664,0.374616,0.46072,38.9526,17.9463,0.581278,614.516,
0.511878,10.4224,0.0887199,0.128581,0.16375,0.484487,0.0490218,0.0649972,0.112733,0.353252,0.417151,37.8003,15.7684,0.672476,547.349,
0.581305,12.4445,0.0273736,0.0853617,0.0923319,0.411353,0.0259084,0.0409192,0.0628225,0.309086,0.48737,39.7583,19.377,0.680972,739.672,
0.572531,11.5101,0.0654741,0.0531001,0.10961,0.415799,0.0467961,0.0178068,0.077671,0.301426,0.473579,37.993,17.9927,0.691199,629.118,

0.900835,8.49418,0.0218482,0.0591247,0.0427528,0.0771888,0.0211584,0.0469122,0.0281733,0.0476026,0.70402,20.7594,14.615,0.909895,244.889,
0.932239,7.70099,0.0923122,0.0523079,0.098628,0.0520056,0.0696385,0.0258532,0.0729189,0.0345659,0.672398,16.3018,10.9613,0.834469,169.795,
0.795187,6.78991,0.0461645,0.0477501,0.104601,0.178677,0.0269065,0.0275658,0.0760027,0.123626,0.658119,16.1862,10.6525,0.868042,158.114,
0.909336,6.7301,0.0599536,0.0982919,0.0369032,0.0753786,0.0538177,0.070742,0.0276228,0.063209,0.69857,14.4428,10.0893,0.891574,125.99,

0.885743,8.57579,0.0248818,0.0321553,0.0180781,0.0986871,0.0174388,0.0309304,0.0114409,0.0754078,0.762722,20.3945,15.5553,0.890315,276.595,
0.852611,8.10625,0.021985,0.00195512,0.0747637,0.120017,0.00848233,0.00908124,0.0543716,0.082804,0.667016,19.9394,13.2999,0.856731,242.803,
0.829707,8.64713,0.0309885,0.0537304,0.0387863,0.144856,0.0162514,0.0259081,0.0230428,0.104193,0.649354,24.0375,15.6089,0.831873,327.492,
0.847945,8.62334,0.0539834,0.101675,0.032741,0.12711,0.0307329,0.0551152,0.0291001,0.0857557,0.643176,22.0932,14.2098,0.750559,281.601,
0.832368,7.98281,0.0471678,0.0267067,0.027497,0.140933,0.0348078,0.0280314,0.0200136,0.095968,0.720969,20.2714,14.615,0.90637,249.061,

0.887257,9.4091,0.0416116,0.0818027,0.0940234,0.0919459,0.0381848,0.0519591,0.0628842,0.0602082,0.709499,20.7594,14.7288,0.840801,273.675,
0.943694,9.22679,0.061944,0.0465435,0.029675,0.0467126,0.0397697,0.0390218,0.0194043,0.0335354,0.743294,19.4308,14.4428,0.896356,244.471,
0.608633,5.87297,0.0797044,0.0996517,0.0284007,0.362818,0.0602658,0.054987,0.0228642,0.257616,0.418507,18.7756,7.85771,0.732651,145.181,
0.867676,8.72175,0.0805777,0.0721601,0.0287769,0.106669,0.0555697,0.0483938,0.0257291,0.0750808,0.671256,19.8134,13.2999,0.847567,233.207,
0.790083,9.56454,0.0388541,0.126203,0.050447,0.169575,0.0215499,0.0823097,0.0422013,0.107926,0.603628,24.9572,15.0648,0.849633,320.399,
0.956686,10.0448,0.0666567,0.0532847,0.0751452,0.0398729,0.0453218,0.0379724,0.0490933,0.0317723,0.69843,21.0884,14.7288,0.793567,291.614,

0.560823,9.89331,0.0374095,0.0685261,0.080518,0.446278,0.0234095,0.0447153,0.0677281,0.351409,0.444291,32.5074,14.4428,0.755706,471.421,
0.569799,9.99479,0.0555433,0.0301111,0.031051,0.444758,0.0272251,0.0251232,0.0316618,0.358848,0.483517,31.2712,15.1201,0.728439,476.01,
0.578003,10.0476,0.115785,0.0730896,0.0759823,0.426064,0.0741861,0.0472247,0.0478637,0.334878,0.428353,33.717,14.4428,0.719104,465.998,
0.568857,9.45062,0.0207721,0.0305209,0.0461072,0.444176,0.0223514,0.0323789,0.0410434,0.351955,0.47048,29.1872,13.732,0.748484,405.923,
0.613321,10.389,0.0113374,0.0168741,0.0218133,0.380147,0.00824755,0.0042715,0.0117101,0.290066,0.569279,30.2747,17.2348,0.81055,485.188,
0.681065,10.364,0.00839077,0.101756,0.123505,0.301536,0.0109488,0.0611711,0.0841983,0.226689,0.481063,28.9216,13.9131,0.666985,412.181,

0.936216,8.12768,0.0124282,0.0140449,0.0194032,0.0526169,0.00758234,0.0133321,0.0176967,0.0417143,0.763997,19.7185,15.0648,0.93366,255.736,
0.961723,8.24537,0.0268057,0.0218947,0.0168809,0.033932,0.0154847,0.02393,0.0140025,0.0293666,0.803308,19.4308,15.6089,0.945964,255.318,
0.935984,8.03984,0.0278634,0.0304202,0.0190054,0.0507667,0.0204431,0.0278055,0.0153134,0.0395787,0.758014,19.4308,14.7288,0.943639,248.226,
0.945966,8.12058,0.0196236,0.024271,0.0151029,0.0442458,0.0265111,0.0154705,0.0207501,0.0348333,0.814503,18.4958,15.0648,0.995249,233.625,
0.978888,8.38314,0.0149358,0.00797279,0.0276124,0.018621,0.00798867,0.0126247,0.0220339,0.0215814,0.825625,18.7756,15.5016,0.893942,249.061,
0.953377,8.03662,0.0276657,0.0346333,0.0192887,0.0358152,0.012389,0.0133836,0.00832488,0.025528,0.730756,18.2002,13.2999,0.918308,220.275,

0.953786,9.11624,0.0101638,0.00875561,0.0151922,0.0345836,0.00612021,0.0145093,0.0117107,0.0212146,0.773368,21.9701,16.991,0.955883,318.731,
0.974209,9.35488,0.0173548,0.00686672,0.0375474,0.0183994,0.0162496,0.00236781,0.0255752,0.0151162,0.817903,21.9986,17.9927,0.93137,324.989,
0.941676,9.03553,0.00178062,0.00256608,0.0216971,0.0485949,0.000817982,0.00744329,0.0166941,0.0364883,0.853406,21.029,17.9463,0.942582,311.221,
0.949645,9.17498,0.0115798,0.00896839,0.0434805,0.0388986,0.0129561,0.0159616,0.0308649,0.0258958,0.794599,21.3831,16.991,0.918461,310.804,
0.936904,9.11348,0.0183736,0.00474052,0.0118611,0.0501852,0.0156805,0.0074235,0.00801344,0.0353272,0.80286,21.587,17.3313,0.936514,321.234,
0.967522,9.36232,0.0251175,0.00666792,0.00239595,0.0276579,0.0176107,0.00991355,0.00164245,0.0240813,0.82132,21.3928,17.5704,0.925386,335.001,

0.981792,9.20343,0.0271141,0.109278,0.175382,0.0181072,0.0159482,0.0721884,0.113387,0.0153566,0.657794,18.6306,12.2551,0.773092,214.434,
0.856807,6.86189,0.0676124,0.181031,0.212612,0.101069,0.0464659,0.130911,0.135393,0.0602071,0.564433,15.3529,8.66566,0.689853,128.911,
0.931559,8.20368,0.0215849,0.112118,0.0164278,0.0479986,0.013832,0.0698937,0.0140331,0.0284451,0.668503,17.3914,11.6262,0.774515,183.562,
0.687022,5.08853,0.0383716,0.0243507,0.156886,0.280629,0.028042,0.0225298,0.11732,0.190018,0.550359,13.6864,7.53242,0.876578,93.0327,

0.928818,7.64435,0.0758509,0.11614,0.071393,0.0534757,0.0467598,0.0779567,0.0394897,0.0457944,0.645828,15.6222,10.0893,0.745157,160.617,
0.720039,7.13698,0.00483045,0.21767,0.0289935,0.230854,0.0064648,0.138298,0.0210255,0.147748,0.491436,21.029,10.3344,0.810987,183.979,
0.743547,6.52018,0.0750911,0.0435402,0.0910541,0.211581,0.0559461,0.0540322,0.0602754,0.132085,0.544719,17.1011,9.3153,0.839383,153.942,
0.886876,6.64171,0.0431856,0.0631768,0.123429,0.0843054,0.0193194,0.047078,0.0774702,0.0468028,0.644981,14.4428,9.3153,0.930125,126.408,
0.684793,6.78033,0.119069,0.0657528,0.19406,0.270933,0.0659756,0.0459356,0.119665,0.178412,0.463069,20.1164,9.3153,0.750975,170.629,
0.864332,5.8083,0.0468781,0.0493733,0.0667192,0.115029,0.0558339,0.0517255,0.0423951,0.0806473,0.439351,12.4744,5.48064,0.640867,88.0264,

0.498215,8.8721,0.0166432,0.112613,0.113154,0.529579,0.0127164,0.0737716,0.0976364,0.43029,0.524779,31.3311,16.4419,0.801709,448.059,
0.811949,7.66048,0.0177479,0.0687702,0.120121,0.164751,0.00852556,0.0341912,0.0724653,0.113966,0.624695,18.4958,11.5542,0.863065,219.023,
0.772509,7.96033,0.10349,0.0844237,0.105536,0.161733,0.0494177,0.0304522,0.0598707,0.0916255,0.600851,22.8543,13.732,0.811092,236.962,
0.708163,13.1552,0.0986147,0.098075,0.236553,0.306942,0.0574001,0.0658417,0.187549,0.268343,0.424817,36.7426,15.6089,0.677375,651.229,
0.798969,7.03945,0.0788314,0.0375207,0.127532,0.184807,0.0509331,0.0349171,0.0853296,0.147364,0.655445,16.9541,11.1125,0.86581,175.636,
0.876305,6.4449,0.0854616,0.0389336,0.115595,0.101222,0.0592205,0.0259519,0.07817,0.0729865,0.723241,14.7288,10.6525,0.895409,130.997,

0.857755,12.3378,0.100553,0.118362,0.0408997,0.116681,0.0719488,0.0898661,0.035342,0.0812893,0.561591,29.4576,16.5431,0.666074,445.973,
0.799464,7.16834,0.0860395,0.0392667,0.245907,0.175442,0.0703449,0.0204316,0.159211,0.129178,0.555935,16.7561,9.3153,0.637055,148.101,
0.58317,6.02005,0.149455,0.14358,0.184289,0.407944,0.0975716,0.0973282,0.152033,0.306631,0.386001,17.0645,6.58691,0.684345,140.592,
0.792793,14.1531,0.0551662,0.162841,0.0248266,0.184804,0.0330964,0.102342,0.0123061,0.132339,0.5547,32.9346,18.2688,0.612131,608.676,
0.724722,16.2688,0.118074,0.0885951,0.0272873,0.250654,0.0858086,0.0624028,0.0183416,0.182841,0.510954,44.1533,22.5603,0.581743,916.559,
0.705812,15.8545,0.0145756,0.0325397,0.211725,0.269641,0.01873,0.0133463,0.154083,0.193859,0.450498,43.8642,19.7607,0.627178,872.338,

0.736438,5.89943,0.116806,0.0801873,0.140592,0.21896,0.0576586,0.0297807,0.0895405,0.139702,0.563619,16.0438,9.0426,0.839256,125.573,
0.810267,7.32049,0.0470038,0.0655087,0.044599,0.150772,0.03628,0.0408271,0.0280923,0.0947287,0.571772,18.6306,10.6525,0.736394,181.476,
0.843706,6.19649,0.00969915,0.0483187,0.0485528,0.116161,0.00722503,0.0196215,0.0378699,0.0641167,0.631243,14.7571,9.3153,0.820058,124.739,
0.913795,7.05762,0.0686284,0.0303416,0.159017,0.0689659,0.0517908,0.021452,0.106504,0.0457565,0.640796,15.3529,9.83806,0.856047,146.015,

0.79272,6.86889,0.147661,0.10613,0.0858118,0.183445,0.086418,0.0842957,0.0611222,0.129234,0.546192,16.5557,9.0426,0.741863,144.347,
0.765956,4.97152,0.0958753,0.152277,0.154614,0.181068,0.0584927,0.0978274,0.108398,0.104925,0.565685,11.6441,6.58691,0.855286,76.7624,
0.644799,5.87259,0.0853813,0.149714,0.189705,0.312239,0.0639352,0.103229,0.135737,0.205963,0.532834,16.2633,8.66566,0.782331,126.408,
0.759731,5.20085,0.0496021,0.342049,0.259103,0.227432,0.045772,0.221709,0.182851,0.158568,0.407251,13.0785,5.32623,0.693117,74.6764,

0.664709,12.8192,0.0304401,0.0781542,0.0917476,0.312172,0.0207885,0.0513042,0.0645962,0.224329,0.492223,37.85,18.6306,0.686629,651.229,
0.705083,12.8822,0.01783,0.0255391,0.0962957,0.266771,0.00696915,0.0192455,0.0596908,0.188992,0.562015,35.0099,19.6761,0.762983,634.541,
0.741411,14.5458,0.115677,0.0710781,0.0683164,0.231584,0.0780127,0.0437008,0.0443575,0.16462,0.480404,40.9574,19.6761,0.662549,759.697,
0.725816,15.0713,0.121111,0.11039,0.116179,0.253395,0.084244,0.0832693,0.0866529,0.183956,0.526235,39.6585,20.8697,0.715826,837.711,
0.838854,19.234,0.0297971,0.0686834,0.0447237,0.141119,0.0219204,0.0478737,0.0346197,0.105112,0.692771,44.323,30.7057,0.7306,1249.47,

0.601015,5.29811,0.0234965,0.19888,0.15907,0.391298,0.0296354,0.168735,0.132403,0.290682,0.36347,15.0787,5.48064,0.60699,95.953,
0.635548,4.35538,0.252305,0.116896,0.361383,0.330177,0.172191,0.073966,0.268971,0.221926,0.371391,12.5411,4.65765,0.624831,60.0749,
0.557175,4.80513,0.0221326,0.220619,0.125952,0.426952,0.00740244,0.146615,0.112903,0.30326,0.355722,15.4071,5.48064,0.628154,93.0327,
0.678179,11.2601,0.122443,0.086406,0.0653233,0.291968,0.0760704,0.0545377,0.0331723,0.206586,0.561988,32.5074,18.2688,0.755365,498.538,
0.739251,9.39905,0.19817,0.102344,0.194252,0.243706,0.13909,0.0660997,0.149433,0.180583,0.380408,24.722,9.40445,0.568726,274.092,
0.843824,15.0614,0.0966269,0.0197747,0.099051,0.135384,0.0666431,0.0193947,0.051616,0.0988961,0.572598,36.7255,21.029,0.677711,733.832,

0.882954,6.53444,0.0720697,0.0216226,0.0128255,0.0905217,0.0459614,0.0126841,0.0186792,0.0696011,0.733903,14.5148,10.6525,0.851424,140.592,
0.966333,6.93318,0.0832307,0.107791,0.136925,0.0141857,0.0607601,0.0734836,0.0972983,0.00709432,0.640796,15.3529,9.83806,0.84358,138.506,
0.975327,7.04838,0.0577094,0.1408,0.0608707,0.0263183,0.0361019,0.0709343,0.0346499,0.0310219,0.620059,15.0233,9.3153,0.833572,143.929,
0.872567,7.62804,0.0393827,0.128405,0.0349201,0.106273,0.0328268,0.0812003,0.019518,0.0792714,0.600345,16.8058,10.0893,0.781509,190.654,
0.967015,7.83443,0.0431217,0.0329201,0.0937986,0.0187057,0.0288996,0.016828,0.0639347,0.00319303,0.717707,16.1991,11.6262,0.873306,178.139,
0.895352,7.45966,0.0356983,0.106537,0.125723,0.0741174,0.0320239,0.0610483,0.089493,0.0429727,0.642806,17.0522,10.9613,0.807092,169.378,

0.965757,10.2953,0.0133941,0.0365935,0.0238968,0.0285787,0.0108287,0.0281538,0.0190659,0.0220782,0.758742,23.6526,17.9463,0.814679,359.198,
0.933795,9.59308,0.0417632,0.0567604,0.0305628,0.0485976,0.0292384,0.0386422,0.016461,0.0274914,0.672398,23.0542,15.5016,0.811355,308.301,
0.918118,9.79651,0.0154942,0.0381565,0.0253082,0.0667706,0.00697494,0.0286901,0.0150893,0.0482611,0.754718,22.836,17.2348,0.857192,350.854,
0.894649,10.0621,0.00379013,0.036142,0.0314468,0.0855769,0.000159552,0.0248232,0.0180344,0.059564,0.687897,25.2645,17.3794,0.791223,360.449,
0.860991,10.2449,0.0249376,0.0311019,0.0523877,0.113088,0.0201292,0.0238622,0.0342852,0.0771666,0.653836,24.7558,16.1862,0.831595,398.413,
0.814569,9.83022,0.0741099,0.100439,0.0606484,0.135687,0.0397825,0.0610186,0.0282725,0.0779492,0.603998,27.8037,16.7934,0.81344,364.621,

0.856859,10.8522,0.0241414,0.0499824,0.0171466,0.109484,0.0148144,0.0324708,0.0100116,0.0651943,0.666467,26.3635,17.5704,0.756249,419.273,
0.863131,10.4853,0.0865734,0.062915,0.0567986,0.100898,0.0465014,0.0422679,0.0367376,0.0562288,0.624695,26.157,16.3401,0.764071,382.143,
0.940928,10.5095,0.0264184,0.0184144,0.0393286,0.0379852,0.017921,0.0178514,0.0294065,0.015038,0.755631,22.9998,17.3794,0.80602,346.682,
0.87754,11.2067,0.0688875,0.0377197,0.0945033,0.0886229,0.0393951,0.014519,0.061018,0.0531174,0.660341,27.8037,18.3599,0.795172,435.126,
0.901457,10.6349,0.0482482,0.036724,0.0872969,0.0756855,0.0264436,0.0202949,0.0612616,0.0484859,0.62119,25.7227,15.9787,0.773266,365.038,
0.760377,10.9041,0.105754,0.117596,0.0719611,0.186508,0.0700628,0.0662564,0.0505556,0.110518,0.52081,31.5699,16.4419,0.668761,448.893,

0.934736,10.3537,0.0245351,0.0377303,0.0341792,0.0473677,0.0188132,0.0288008,0.0216498,0.0309562,0.727784,25.8441,18.8089,0.846328,389.652,
0.962226,10.7326,0.0156968,0.0341584,0.0290206,0.0273533,0.00728634,0.0216347,0.0195319,0.0191771,0.715834,25.2645,18.0852,0.786492,400.917,
0.981169,10.4176,0.0181527,0.0476805,0.0134663,0.0153843,0.0114889,0.034492,0.00286544,0.0151011,0.780904,23.5111,18.3599,0.948465,363.787,
0.978581,10.5586,0.00672967,0.0111211,0.0272549,0.0160489,0.00719398,0.003158,0.0143143,0.0135947,0.786503,23.6879,18.6306,0.927149,371.296,
0.969401,10.7983,0.0414255,0.022916,0.038701,0.0276238,0.0261737,0.0111867,0.0247577,0.0238192,0.734946,23.907,17.5704,0.746606,373.799,
0.905803,11.1865,0.0234775,0.0178963,0.0595365,0.0704329,0.0130148,0.00993672,0.032288,0.0475026,0.623808,29.0655,18.1313,0.729534,444.721,

0.975309,8.8123,0.0201962,0.0178275,0.0277611,0.0216622,0.0111641,0.0233772,0.0109735,0.0137984,0.765348,20.3945,15.6089,0.828116,272.423,
0.975391,8.83336,0.029459,0.0429088,0.0709856,0.0209975,0.0248921,0.0300238,0.0477611,0.011805,0.73197,21.3245,15.6089,0.84542,276.178,
0.918021,8.46176,0.0294956,0.0395163,0.00799025,0.0536991,0.0247385,0.0369272,0.00510207,0.0287766,0.715542,21.6641,15.5016,0.854048,263.662,
0.975355,8.47932,0.0252357,0.0465576,0.0259909,0.0145432,0.0164335,0.0351795,0.016419,0.00442039,0.753449,19.5485,14.7288,0.926567,246.557,
0.961298,9.00464,0.0288176,0.0103461,0.0305505,0.0194372,0.0220349,0.00517295,0.0109594,0.00712568,0.72745,20.7091,15.0648,0.778169,277.012,
0.919639,9.43983,0.0218526,0.0203555,0.0623339,0.0592655,0.0172265,0.0133618,0.0405723,0.036691,0.681886,22.8908,15.6089,0.815015,322.485,

0.911271,7.70551,0.0448587,0.0429647,0.0796788,0.0686104,0.0283678,0.0359787,0.0565262,0.0451937,0.71247,18.1313,12.918,0.873432,207.759,
0.968576,7.41695,0.041268,0.044593,0.0120406,0.02435,0.0225721,0.0301703,0.0055325,0.0112481,0.759596,16.0438,12.1868,0.87911,170.629,
0.95928,7.85763,0.0384741,0.0158377,0.0420962,0.0330331,0.0322522,0.0172158,0.0266907,0.0273775,0.743567,17.1984,12.7882,0.902303,198.164,
0.902074,7.95442,0.0315621,0.0471905,0.0672004,0.0744839,0.0179524,0.033654,0.0417684,0.047175,0.665912,19.204,12.7882,0.776799,216.103,
0.883976,7.64567,0.0256065,0.0519034,0.0476296,0.0834528,0.00983709,0.028814,0.0342772,0.0485982,0.692963,18.3599,12.7228,0.887317,192.74,
0.987225,8.8351,0.0571927,0.0318609,0.0411986,0.0124989,0.0409831,0.0261762,0.0279148,0.0127089,0.724531,19.6124,14.2098,0.900604,240.717,

0.406598,9.96417,0.0778133,0.222972,0.0953777,0.639129,0.0506759,0.139917,0.0677387,0.517973,0.346232,43.5108,15.0648,0.664652,638.296,
0.885546,7.06313,0.0800192,0.0750519,0.159292,0.091272,0.0543661,0.0653789,0.107136,0.0588389,0.593924,15.8344,9.40445,0.83507,144.347,
0.379062,10.0071,0.0327917,0.274388,0.0198513,0.689156,0.024662,0.204903,0.00343157,0.58107,0.34322,43.8927,15.0648,0.604874,654.983,

0.833248,7.56563,0.0285062,0.0429313,0.0560642,0.139582,0.016758,0.0281001,0.031518,0.0959449,0.680697,21.4707,14.615,0.913587,246.557,
0.907363,7.91807,0.0292796,0.0414166,0.0485831,0.0763417,0.0147077,0.0253922,0.0276018,0.0520577,0.753966,20.0541,15.1201,0.897517,250.729,
0.970278,8.26854,0.0230034,0.0103734,0.0380191,0.0261858,0.0103755,0.0033777,0.0233869,0.020559,0.799343,19.5271,15.6089,0.907734,267.417,

0.817402,8.36497,0.0590326,0.034096,0.11662,0.150818,0.0392079,0.0270141,0.0818785,0.0982791,0.634789,21.2461,13.4868,0.883156,261.159,
0.858427,8.41614,0.0603816,0.0143324,0.0632564,0.113814,0.0468514,0.0033357,0.0389733,0.0744171,0.761042,19.204,14.615,0.906189,243.22,
0.891254,9.17286,0.0434412,0.0520599,0.0391789,0.0829667,0.0234773,0.0316894,0.0187892,0.0562343,0.624695,24.1155,15.0648,0.839695,296.203,

0.957445,7.86749,0.0130053,0.0206914,0.011854,0.0338355,0.00703259,0.00817672,0.00614888,0.0266178,0.789844,19.0732,15.0648,0.90019,251.981,
0.985657,7.86319,0.00858585,0.024557,0.0124279,0.0145126,0.0111765,0.0196229,0.0117338,0.0150378,0.852265,18.1887,15.5016,0.933073,249.478,
0.936848,7.66081,0.00832741,0.00831096,0.0203543,0.05451,0.00753231,0.00748385,0.0132282,0.0446697,0.824621,18.2688,15.0648,0.970042,241.551,

0.949908,8.97167,0.0306209,0.0599895,0.0146567,0.0396931,0.0143718,0.0492374,0.00703104,0.0302591,0.744208,21.4707,15.9787,0.811619,291.196,
0.955545,8.66108,0.0277212,0.0230349,0.0192814,0.0355165,0.0225622,0.0223815,0.0212457,0.03073,0.849677,18.4958,15.7154,0.931728,267,
0.957852,8.523,0.0158725,0.0210465,0.00503998,0.0289798,0.00635916,0.0111734,0.00752634,0.0171513,0.816024,18.9965,15.5016,0.893046,248.643,
0.919707,8.30659,0.0226371,0.0363735,0.0301281,0.0632928,0.0178138,0.0277712,0.0332281,0.0460695,0.745052,20.2199,15.0648,0.918184,248.643,

0.633603,5.57691,0.0923387,0.137005,0.0964324,0.324923,0.0608883,0.0857884,0.0660733,0.218228,0.546821,17.1984,9.40445,0.875099,134.334,
0.826539,7.47435,0.0776175,0.0697547,0.147074,0.164134,0.0494835,0.0328106,0.100807,0.124245,0.681115,17.9927,12.2551,0.863724,209.011,
0.91597,8.34949,0.0547187,0.0435138,0.0992736,0.0764395,0.0316156,0.0150311,0.0660772,0.0570863,0.7042,21.3928,15.0648,0.937624,282.435,
0.886908,8.30993,0.0690354,0.068716,0.0784695,0.089481,0.0409494,0.0252362,0.0622879,0.0583644,0.643431,23.4133,15.0648,0.787345,287.859,
0.862847,8.405,0.0691372,0.0584311,0.0755798,0.11109,0.0398048,0.0218092,0.0645019,0.074812,0.651001,23.9767,15.6089,0.81438,322.068,

0.855335,13.9425,0.0434578,0.0434679,0.0655334,0.111225,0.0262809,0.0281872,0.0380745,0.0645554,0.627537,35.9506,22.5603,0.725975,730.494,
0.827722,14.3231,0.037476,0.0223026,0.0666693,0.136035,0.0207708,0.0206979,0.0299501,0.0850207,0.661358,38.3754,25.3798,0.779365,823.11,
0.920683,14.4853,0.0605613,0.0132206,0.0943982,0.0583543,0.0354665,0.0120784,0.0492841,0.0357887,0.66554,35.1526,23.3955,0.807725,725.071,
0.781839,14.3551,0.0309807,0.019287,0.0936078,0.178815,0.010577,0.00416157,0.0499611,0.113238,0.591946,41.4636,24.5442,0.724862,873.172,
0.853659,15.0313,0.0469618,0.0221294,0.0905601,0.115433,0.0220541,0.0158789,0.0497492,0.074675,0.682446,40.4655,27.6155,0.800906,881.516,
0.804982,14.328,0.0394619,0.0715755,0.0652585,0.154022,0.0182138,0.0452506,0.0307737,0.0995388,0.682539,40.2381,27.464,0.795229,890.277,

0.850494,11.55,0.0312289,0.0286013,0.0782566,0.118218,0.0165943,0.0236191,0.0605719,0.0704278,0.655122,27.8861,18.2688,0.764887,467.249,
0.791154,9.41876,0.0541043,0.114917,0.0709501,0.165768,0.0299673,0.0732312,0.0479413,0.0954533,0.629077,23.4133,14.7288,0.808065,312.056,
0.724289,7.06974,0.0559167,0.116455,0.1864,0.256881,0.026164,0.0718822,0.131112,0.190829,0.568865,17.7358,10.0893,0.832356,173.55,
0.829877,9.42175,0.0415241,0.0570333,0.0614819,0.137208,0.0316777,0.0452473,0.0468248,0.0866715,0.631097,22.0459,13.9131,0.774188,290.779,
0.82306,11.125,0.045663,0.0591039,0.0382353,0.14836,0.0281466,0.0432121,0.0265479,0.0998564,0.653575,25.997,16.991,0.746169,416.352,
0.730155,10.2156,0.0284691,0.0657607,0.117118,0.246674,0.029584,0.0582204,0.084333,0.177714,0.562441,25.2645,14.2098,0.799591,385.898,

0.987829,12.0922,0.0197791,0.0233428,0.0336998,0.0137312,0.0180073,0.014417,0.0223748,0.0150305,0.837607,29.4647,24.6798,0.942597,599.497,
0.982377,11.9877,0.0205478,0.0206582,0.0275052,0.0206561,0.0192511,0.0130805,0.015533,0.019734,0.853132,28.4489,24.2707,0.970887,592.405,
0.975362,12.0624,0.0123138,0.0351229,0.0332782,0.0256841,0.0142962,0.0235801,0.0224335,0.0227009,0.8544,28.8855,24.6798,0.928915,593.657,
0.986174,12.069,0.0176623,0.0249894,0.0275342,0.0152832,0.0198264,0.0159655,0.0191953,0.0135258,0.852035,28.4856,24.2707,0.968915,590.319,
0.971867,11.9309,0.0256476,0.0302903,0.0386366,0.0271401,0.0272651,0.0210001,0.0288969,0.0208061,0.880158,27.8861,24.5442,0.97015,572.797,
0.943097,11.6459,0.0226866,0.0244786,0.0232346,0.0527153,0.0197595,0.0150807,0.0143342,0.0431334,0.876957,26.8806,23.5731,0.960584,544.846,

0.995961,9.1805,0.0239304,0.00401017,0.00636641,0.00423324,0.0233443,0.00815114,0.00857405,0.00475021,0.781766,22.0459,17.2348,0.911654,319.982,
0.951291,8.94777,0.0107508,0.0153662,0.0101238,0.033276,0.010209,0.0143995,0.0109821,0.0246425,0.749813,21.587,16.1862,0.888891,294.117,
0.977854,9.07745,0.0327546,0.0307043,0.0344216,0.00965157,0.0249453,0.0290622,0.021284,0.00505249,0.784465,21.9701,17.2348,0.930666,324.571,
0.948477,8.88821,0.0112328,0.0142208,0.0519322,0.0403021,0.00992477,0.0165075,0.0303565,0.0257552,0.853004,21.0389,17.9463,0.938386,329.16,
0.963762,8.94825,0.0206623,0.0163977,0.0288873,0.0295213,0.0144594,0.0207433,0.0195408,0.0188605,0.8,21.6641,17.3313,0.932929,319.148,
0.958648,8.95747,0.0138059,0.0183597,0.0260429,0.0356305,0.00839048,0.0185422,0.0176152,0.0281043,0.856238,20.9594,17.9463,0.952941,317.062,

0.868411,7.69162,0.0152732,0.0239753,0.0171143,0.104091,0.0135457,0.0137947,0.00590793,0.0665433,0.674919,21.6545,14.615,0.903743,253.65,
0.897275,7.95002,0.0220781,0.051999,0.0747563,0.0764838,0.0175586,0.0400446,0.0464243,0.0424738,0.693778,20.0541,13.9131,0.923704,239.465,
0.899368,7.74603,0.0206741,0.0279482,0.0358563,0.0855171,0.0155196,0.017024,0.0226201,0.060879,0.767869,18.8089,14.4428,0.912485,240.3,

0.968843,9.3515,0.0307447,0.038496,0.0693325,0.0099092,0.0259023,0.0189302,0.046381,0.00849095,0.69725,24.8567,17.3313,0.857343,357.529,
0.946272,9.22843,0.00972506,0.0261531,0.0460334,0.0371236,0.00432617,0.011331,0.0345611,0.0182955,0.755305,22.4955,16.991,0.889514,326.24,
0.939608,9.0164,0.0147802,0.0154914,0.0313877,0.0455886,0.0124359,0.00490116,0.0248256,0.029109,0.815742,21.2461,17.3313,0.970342,319.982,
0.926003,8.88796,0.0200493,0.0138528,0.0307183,0.0638461,0.0134701,0.00679145,0.0232676,0.048751,0.804768,22.2999,17.9463,0.975405,337.087,
0.948267,8.99536,0.00635435,0.0208627,0.0279009,0.0464671,0.0108989,0.00384919,0.0202892,0.0395144,0.850871,21.4707,18.2688,0.964063,330.412,
0.937005,9.33064,0.0465151,0.0121397,0.0370835,0.0446092,0.0302483,0.00625039,0.0264987,0.0287191,0.724893,24.9488,18.0852,0.882581,361.701,

0.818457,9.98701,0.00430196,0.0302564,0.0342652,0.147408,0.00405154,0.0179497,0.0210268,0.0916974,0.691269,24.9321,17.2348,0.890677,381.309,
0.735048,8.32816,0.0180915,0.0628422,0.0840496,0.229203,0.0156492,0.0326536,0.0484774,0.150221,0.57496,22.4677,12.918,0.710293,272.006,
0.727136,8.21013,0.0463561,0.0668896,0.0609254,0.234794,0.0273385,0.0418882,0.0402272,0.155772,0.624224,21.9986,13.732,0.874067,262.411,
0.79555,9.49315,0.0206988,0.0319722,0.0573275,0.171463,0.01451,0.0225663,0.0367504,0.111895,0.625427,24.9572,15.6089,0.860649,346.682,
0.858703,10.4254,0.0206993,0.00389703,0.0192342,0.117654,0.0218161,0.00644399,0.00854585,0.0784263,0.700092,24.7558,17.3313,0.784716,392.99,
0.742063,9.57569,0.0193266,0.0733762,0.0324483,0.212041,0.00688115,0.0462778,0.0181473,0.131713,0.612826,27.4032,16.7934,0.798309,391.321,

0.865392,10.2073,0.027913,0.0433691,0.0355988,0.104607,0.0129983,0.0343212,0.0264264,0.0668159,0.737701,28.0725,20.7091,0.905426,476.01,
0.841136,9.86219,0.0349285,0.0474998,0.0852425,0.12768,0.020247,0.0349283,0.0651213,0.0810135,0.79603,25.9649,20.6688,0.942407,435.543,
0.827064,9.72649,0.0649284,0.0751849,0.109433,0.148767,0.0428077,0.0590284,0.0851684,0.103145,0.784465,26.0371,20.4252,0.931297,426.782,
0.826876,9.77664,0.0624277,0.0506375,0.0814473,0.148348,0.0399649,0.0401696,0.0638119,0.106223,0.688386,28.3976,19.5485,0.84928,441.384,
0.819315,9.65479,0.0535857,0.0627915,0.109018,0.156967,0.0333773,0.0495118,0.0861018,0.111911,0.760286,25.4865,19.377,0.937531,423.862,
0.894012,9.43368,0.0513368,0.0175016,0.0244081,0.110985,0.0331484,0.0188058,0.0112888,0.102449,0.808957,21.3049,17.2348,0.985124,321.234,

0.93891,8.84672,0.0193242,0.0113574,0.0178682,0.0476479,0.0133122,0.00172625,0.00884832,0.0293916,0.830529,21.6641,17.9927,0.928379,343.762,
0.994495,8.97822,0.0510025,0.0155651,0.0451661,0.00595835,0.0321909,0.00803303,0.0265669,0.00333096,0.73231,22.9998,16.843,0.836151,349.185,
0.946403,8.88546,0.0657175,0.0494209,0.0791334,0.0418,0.0473007,0.0424892,0.0523318,0.0284236,0.749359,20.8296,15.6089,0.925015,321.234,
0.815644,8.41403,0.0637992,0.0389795,0.0583314,0.110694,0.0325796,0.00572115,0.0245073,0.056465,0.505761,31.1776,15.7684,0.725598,345.431,
0.862865,8.20141,0.0277712,0.0483457,0.0353353,0.0993688,0.0213196,0.0367449,0.013463,0.0577705,0.694996,23.5111,16.3401,0.872528,309.553,
0.844897,8.23118,0.0956884,0.0836759,0.136002,0.091186,0.0483196,0.0448847,0.0714053,0.0401728,0.598473,25.2645,15.1201,0.827542,289.11,

0.986179,12.8571,0.0116403,0.0159414,0.0179548,0.0176381,0.0113468,0.0146614,0.00745621,0.0199077,0.813193,31.3311,25.4783,0.924596,644.554,
0.977827,12.7292,0.00499978,0.0040605,0.0216954,0.0174845,0.00759256,0.00386557,0.0157737,0.0164561,0.845115,30.1089,25.4455,0.864997,653.315,
0.98608,12.7495,0.0152797,0.0067156,0.0253166,0.00536723,0.013448,0.000636513,0.0173686,0.00929144,0.824163,30.1089,24.8147,0.922498,623.277,
0.957114,12.5583,0.00549859,0.00927465,0.0273712,0.0291716,0.00415159,0.00770948,0.0172499,0.0191233,0.819615,30.4396,24.9488,0.938831,642.468,
0.971516,12.7397,0.00725533,0.0204275,0.010512,0.026577,0.00210414,0.0150812,0.0106208,0.0264257,0.829441,31.4971,26.125,0.906718,660.407,
0.984456,12.8435,0.0027782,0.00562134,0.0132639,0.0180497,0.00171855,0.00775826,0.011333,0.0208171,0.78762,32.9662,25.9649,0.875559,676.26,

0.346743,12.9237,0.157229,0.401368,0.143523,0.692901,0.0999538,0.271584,0.0927366,0.531318,0.329194,67.0555,22.0743,0.611697,1339.17,
0.339526,12.872,0.14296,0.4167,0.11506,0.70177,0.0936284,0.287107,0.0765518,0.538484,0.326897,67.5267,22.0743,0.625192,1408.01,
0.338514,12.5551,0.131835,0.424912,0.116656,0.700175,0.0868268,0.293447,0.0765997,0.535625,0.32634,65.8818,21.4998,0.659768,1309.97,
0.342086,12.8205,0.143836,0.411228,0.124418,0.699287,0.0951785,0.282132,0.0860716,0.538049,0.328616,67.1736,22.0743,0.653673,1370.04,
0.341679,12.6513,0.0748115,0.408045,0.0760319,0.703274,0.0470373,0.283972,0.0548293,0.545566,0.314437,65.7328,20.6688,0.642023,1339.59,
0.304821,11.2344,0.142333,0.502138,0.11391,0.745293,0.0918538,0.369164,0.0892628,0.579091,0.300246,63.5252,19.0732,0.636979,1115.97,

0.852297,8.04981,0.010469,0.0241286,0.0255061,0.118341,0.00816562,0.0184337,0.00562372,0.0784165,0.741647,22.6434,16.7934,0.864723,329.995,
0.832457,7.90319,0.0281652,0.0132001,0.058204,0.135542,0.0172276,0.00886848,0.037411,0.0926616,0.708017,22.0459,15.6089,0.941655,297.454,
0.813671,7.85911,0.0180634,0.0187787,0.0501115,0.153664,0.0109546,0.00849552,0.0275105,0.105819,0.647254,24.1155,15.6089,0.90931,312.056,
0.78999,7.65374,0.0227417,0.0282964,0.0265552,0.171852,0.0163121,0.0122511,0.0188182,0.113799,0.743573,22.1121,16.4419,0.968874,305.381,
0.794374,7.75658,0.0149468,0.028896,0.0475653,0.163354,0.00794931,0.0148891,0.0278483,0.106253,0.629456,25.7146,16.1862,0.882067,321.651,
0.839134,7.86977,0.0135683,0.0354253,0.0606989,0.127604,0.0076282,0.0221504,0.0308812,0.085477,0.732642,21.3049,15.6089,0.914442,302.043,

0.915426,9.25587,0.015471,0.0207769,0.0177708,0.0641719,0.0131351,0.0232281,0.0227296,0.0415218,0.794623,24.0028,19.0732,0.978588,383.812,
0.940854,9.28361,0.0197011,0.0189744,0.0163972,0.0419904,0.0148555,0.0193409,0.0201146,0.02628,0.782762,24.0289,18.8089,0.924518,376.72,
0.92746,9.36232,0.0188768,0.00968891,0.0341759,0.0550378,0.0129952,0.0155252,0.0214045,0.0349061,0.793606,24.4164,19.377,0.921569,389.235,
0.91511,8.89329,0.0212347,0.0223184,0.0364943,0.063227,0.0129991,0.0247998,0.0250434,0.0393926,0.810658,22.3093,18.0852,0.963559,366.29,
0.902866,9.02945,0.0272913,0.0256591,0.0311358,0.0783944,0.0143595,0.0259772,0.0189474,0.0543682,0.777192,24.9321,19.377,0.961749,372.548,
0.928667,8.98631,0.0338359,0.0179816,0.0336183,0.0477845,0.0233259,0.0127667,0.0228385,0.0258777,0.77079,23.8196,18.3599,0.943988,375.468,

0.926293,10.8315,0.0578569,0.013757,0.029693,0.0605935,0.0407013,0.0108599,0.0138928,0.0422202,0.742014,24.6206,18.2688,0.843467,394.242,
0.908091,10.701,0.0240579,0.0119308,0.0204761,0.0747023,0.015322,0.00325339,0.00672869,0.0512796,0.75494,25.2645,19.0732,0.827854,402.168,
0.913641,10.4096,0.0334727,0.0490559,0.0444437,0.0605659,0.0246879,0.0331712,0.0261851,0.0315914,0.687281,24.722,16.991,0.841198,359.198,
0.925373,11.4553,0.0432278,0.0242097,0.00965036,0.055598,0.0250506,0.0145557,0.00634425,0.0356179,0.724286,27.1662,19.6761,0.838608,460.991,
0.928747,11.608,0.00841278,0.0404095,0.01984,0.0600218,0.00688287,0.0270164,0.010299,0.0436124,0.686803,28.2133,19.377,0.76876,478.096,
0.929081,11.5947,0.0325885,0.015623,0.0373479,0.0603614,0.0200089,0.012959,0.0289319,0.0451624,0.794176,26.6781,21.1871,0.895409,498.955,

0.96785,10.8781,0.032035,0.00709994,0.0388137,0.0188985,0.0192819,0.00174472,0.0325356,0.0163955,0.752232,27.7436,20.8697,0.869215,474.341,
0.935567,10.3467,0.0385759,0.0145384,0.0469799,0.046897,0.0220804,0.00262385,0.0387606,0.0350083,0.766041,26.9813,20.6688,0.880603,446.39,
0.962235,10.5133,0.0120114,0.0207918,0.0288365,0.0224154,0.00784785,0.0149976,0.026127,0.0175864,0.695701,28.8855,20.0957,0.850912,450.145,
0.986352,10.7181,0.027081,0.0192926,0.0197947,0.0179988,0.016396,0.0177623,0.0183394,0.0251956,0.801561,25.836,20.7091,0.854251,460.574,
0.970528,10.4398,0.0245738,0.0155462,0.00790313,0.0300482,0.0113259,0.00910448,0.0118464,0.033618,0.815968,25.3798,20.7091,0.911664,457.654,
0.971001,11.0707,0.0544549,0.0246718,0.0483914,0.033409,0.0376337,0.0108681,0.032853,0.0332542,0.722496,28.8855,20.8697,0.819144,516.477,

0.640414,10.7676,0.0353451,0.0600013,0.141967,0.344137,0.0223277,0.0391077,0.113166,0.248384,0.636334,34.4514,21.9226,0.89485,664.161,
0.631654,10.539,0.0278142,0.0626452,0.1387,0.349657,0.0120852,0.0372919,0.104893,0.244429,0.583938,35.671,20.8296,0.828967,658.738,
0.642546,10.4361,0.00451342,0.0467576,0.126909,0.335904,0.00383716,0.0257767,0.096445,0.232778,0.60528,32.5074,19.6761,0.878916,608.258,
0.641243,10.429,0.0216075,0.0694573,0.107783,0.338369,0.0136841,0.042557,0.0867293,0.23559,0.632334,32.9409,20.8296,0.914219,622.86,
0.64896,10.6918,0.0397214,0.0303076,0.0724212,0.33554,0.0366136,0.0216562,0.0649442,0.240827,0.671835,32.744,21.9986,0.932535,654.149,
0.568872,10.3834,0.012722,0.0657811,0.0659634,0.435566,0.0245431,0.0311919,0.0612107,0.338244,0.576897,36.4519,21.029,0.900155,680.432,

0.987881,8.9942,0.00844368,0.00750574,0.0132249,0.0107112,0.006214,0.010476,0.0118717,0.0126837,0.795543,21.6641,17.2348,0.897505,311.639,
0.991421,9.0792,0.00981111,0.00390562,0.0343237,0.00589097,0.00882967,0.0042958,0.0274002,0.00581801,0.791356,21.4707,16.991,0.93221,318.731,
0.96081,8.7244,0.00643052,0.000755508,0.0194915,0.0268783,0.00455282,0.00566305,0.0190706,0.0196832,0.825861,20.3945,16.843,0.947091,300.375,
0.977034,8.948,0.00769329,0.00902395,0.047053,0.0126551,0.00738603,0.00896,0.0370805,0.00774112,0.773836,22.2718,17.2348,0.866674,331.246,
0.949753,8.94388,0.012607,0.0180797,0.0292765,0.0365417,0.00786561,0.0105094,0.0264862,0.0227703,0.71097,23.8983,16.991,0.800167,342.51,
0.932371,8.87334,0.00608349,0.0128883,0.0390485,0.0499482,0.00264003,0.0147903,0.0305899,0.0291893,0.717846,24.2105,17.3794,0.885806,357.112,

0.903196,8.2548,0.0161018,0.0272536,0.0495975,0.0795708,0.0122568,0.0210552,0.0275808,0.0537364,0.746736,22.7537,16.991,0.899266,319.148,
0.86279,8.02548,0.0180185,0.0218922,0.026414,0.115707,0.0143684,0.0095342,0.0161797,0.0791793,0.718898,21.7122,15.6089,0.866999,312.473,
0.850787,7.91036,0.0282466,0.0191358,0.0241419,0.118012,0.0187933,0.0256683,0.0171387,0.0731553,0.741383,20.3945,15.1201,0.910035,280.767,
0.848008,7.77589,0.0250191,0.0452364,0.00191635,0.128314,0.0173396,0.0372466,0.000938399,0.086249,0.720131,20.9196,15.0648,0.906012,278.681,
0.767704,7.32731,0.0837966,0.0802412,0.0740274,0.198095,0.0516087,0.0610777,0.0402913,0.13167,0.685994,21.3049,14.615,0.936711,263.245,
0.492316,6.46157,0.193548,0.281858,0.122406,0.462043,0.112197,0.16258,0.0581355,0.294254,0.474801,28.9216,13.732,0.788831,283.27,

0.495473,14.1676,0.117183,0.16619,0.112753,0.52283,0.0743641,0.107813,0.0669817,0.407344,0.439963,53.176,23.3955,0.620191,1128.91,
0.930145,12.9231,0.0663439,0.0355946,0.0433505,0.057986,0.046196,0.0278654,0.0237084,0.0454442,0.75481,29.0942,21.9606,0.87101,573.215,
0.877225,13.7266,0.0184606,0.0392406,0.0286048,0.0976996,0.0183143,0.0293818,0.0176719,0.0676705,0.774794,33.0105,25.5763,0.852449,700.039,
0.470204,13.0461,0.127083,0.21232,0.125969,0.550087,0.0731166,0.138797,0.067287,0.431978,0.375161,54.4437,20.4252,0.633682,985.395,
0.432943,11.9534,0.160792,0.241847,0.103009,0.59515,0.0949494,0.156221,0.0471883,0.469176,0.378747,51.1608,19.377,0.560508,821.441,
0.422292,12.5526,0.101878,0.236449,0.141258,0.619012,0.0552509,0.144203,0.107684,0.511983,0.367379,55.0381,20.2199,0.652404,1060.49,

0.930265,8.85718,0.0254067,0.0381607,0.0215163,0.0371467,0.0170289,0.0224012,0.00822026,0.0174333,0.660544,25.7227,16.991,0.792501,337.087,
0.968705,8.79397,0.0201139,0.0119161,0.0112661,0.0154528,0.0199158,0.00881769,0.0111302,0.00827102,0.806389,21.789,17.5704,0.923373,307.049,
0.960125,8.69438,0.00292581,0.00546418,0.0350269,0.024678,0.00474693,0.00977921,0.027209,0.0157637,0.789844,21.3245,16.843,0.95392,310.804,
0.966997,9.1247,0.0305871,0.0189395,0.0228242,0.0205216,0.0212728,0.0138649,0.0124095,0.0142703,0.703083,25.7227,18.0852,0.712149,357.112,
0.983297,8.80929,0.00324375,0.0182823,0.022113,0.0197778,0.0046223,0.0144274,0.0215566,0.0157445,0.811343,20.7594,16.843,0.971547,293.282,
0.933492,8.54334,0.0106257,0.00499218,0.0416569,0.052611,0.0110854,0.00089569,0.0310733,0.0376117,0.846181,19.4308,16.4419,0.934345,280.767,

0.880609,8.9991,0.00855697,0.0190811,0.0759792,0.0900276,0.00518372,0.00158399,0.0410219,0.0533076,0.690783,22.8269,15.7684,0.927686,329.578,
0.918165,8.96133,0.0215994,0.0172497,0.0592925,0.0585824,0.0139943,0.000103357,0.0349826,0.0303562,0.734611,21.3928,15.7154,0.90821,304.964,
0.898178,9.03653,0.0312966,0.0499089,0.0607533,0.0722247,0.0175018,0.0261215,0.0317884,0.0379282,0.704452,22.384,15.7684,0.896237,330.412,
0.917676,9.14501,0.0385968,0.0406652,0.0443053,0.0601662,0.0239875,0.0223991,0.0221562,0.0352288,0.714173,21.8559,15.6089,0.897175,317.896,
0.979297,9.33875,0.0248906,0.0301265,0.0116515,0.0224026,0.0126727,0.0150126,0.00224059,0.0245355,0.783049,21.5095,16.843,0.878118,312.89,
0.990289,9.59263,0.0494112,0.0264906,0.026052,0.00811082,0.0325893,0.0173858,0.0143824,0.0101852,0.768403,22.1121,16.991,0.935586,327.492,

0.984538,10.3815,0.0100468,0.0174065,0.0145942,0.0108655,0.0104091,0.0164723,0.0108376,0.00856815,0.777523,23.0813,17.9463,0.835866,368.376,
0.960628,10.1307,0.011827,0.020739,0.0125574,0.0363039,0.00283263,0.0157871,0.0083194,0.0318062,0.792429,23.0542,18.2688,0.903266,362.118,
0.958841,10.2996,0.0164787,0.0371814,0.0244909,0.0362344,0.0119705,0.0284208,0.0196553,0.0301161,0.714384,24.5951,17.5704,0.839866,377.971,
0.962781,10.3052,0.0295662,0.00313505,0.0228877,0.0361109,0.027958,0.0104795,0.0144629,0.0339695,0.769231,23.7495,18.2688,0.875539,384.229,

0.849064,7.92481,0.0206551,0.0528944,0.0236375,0.123173,0.0108045,0.0325895,0.0186609,0.087422,0.71531,21.9701,15.7154,0.941936,278.264,
0.728765,7.55853,0.0358637,0.0558355,0.0693712,0.219891,0.0173553,0.0173414,0.0359231,0.139521,0.588172,26.3556,15.5016,0.869722,307.884,
0.669327,7.366,0.0195675,0.0881313,0.0243972,0.294968,0.0148939,0.050725,0.0156689,0.200009,0.603234,24.4164,14.7288,0.896366,298.289,
0.714554,7.31716,0.0338525,0.108702,0.013226,0.241194,0.0200172,0.0640103,0.0133459,0.159805,0.581165,24.4505,14.2098,0.888939,269.92,
0.739903,7.42101,0.0839674,0.0968628,0.112347,0.219798,0.0458824,0.0542469,0.0712956,0.149595,0.646762,22.5973,14.615,0.846706,259.907,
0.689122,7.46149,0.0681087,0.14332,0.0618109,0.272429,0.0403789,0.0896129,0.0356066,0.18695,0.595212,23.4756,13.973,0.902783,277.012,

0.545034,9.2075,0.0352323,0.0867215,0.0623941,0.443469,0.0211969,0.0456994,0.0500645,0.314197,0.550439,32.6036,17.9463,0.858816,543.177,
0.573863,9.46235,0.0504045,0.0684531,0.0774154,0.405133,0.0349713,0.0340907,0.0614241,0.278265,0.551739,32.5267,17.9463,0.862315,530.662,
0.567746,9.47425,0.0331803,0.0515598,0.0665892,0.422342,0.0208069,0.027919,0.0535141,0.304227,0.546945,33.5682,18.3599,0.889958,551.521,
0.741033,7.55045,0.049833,0.0430927,0.189656,0.240039,0.0244224,0.0398534,0.12252,0.174078,0.548186,20.2714,11.1125,0.826064,228.618,
0.828014,8.52035,0.00681962,0.0644514,0.203951,0.142397,0.00414032,0.0417275,0.131991,0.092999,0.596795,22.0743,13.1738,0.839693,284.521,

0.561095,22.1916,0.0790677,0.11674,0.0850107,0.429228,0.0507308,0.0721663,0.0519183,0.311687,0.43123,73.1323,31.5369,0.49725,2239.04,
0.63482,26.9254,0.0207353,0.162832,0.141573,0.351608,0.0145898,0.103659,0.106522,0.261218,0.44893,83,37.2612,0.497292,2900.28,
0.659752,38.7464,0.0405455,0.118196,0.0763731,0.294262,0.0314818,0.0793831,0.0504695,0.184785,0.442281,114.545,50.661,0.421963,5798.06,
0.694871,32.1324,0.0769277,0.126262,0.230826,0.300399,0.050134,0.0930213,0.156888,0.232531,0.499382,82.2096,41.054,0.520001,3453.89,

0.477404,3.74392,0.203469,0.131805,0.270507,0.540897,0.176827,0.0803488,0.181234,0.40793,0.299813,13.6253,4.08503,0.60472,63.4124,
0.656523,4.31861,0.133031,0.147914,0.0635486,0.303541,0.0958753,0.0978555,0.0485962,0.20152,0.515026,12.5411,6.459,0.863184,68.8358,
0.605072,7.78455,0.055727,0.112064,0.0826081,0.371281,0.0496316,0.0698177,0.0454516,0.261261,0.41576,24.8567,10.3344,0.562423,242.386,

0.807371,46.515,0.0635098,0.0420251,0.10638,0.142368,0.0370126,0.028819,0.0636878,0.0753796,0.652127,117.959,76.9245,0.663659,7454.71,
0.812961,44.4993,0.0925481,0.0293679,0.108915,0.132842,0.0588731,0.0171602,0.06739,0.0662303,0.639963,112.768,72.1676,0.581999,6622.42,
0.85695,44.4319,0.11021,0.0723417,0.10365,0.0971174,0.0684094,0.0483071,0.0622754,0.048055,0.670423,108.521,72.7548,0.628701,6178.95,
0.83201,46.2129,0.0812861,0.0864211,0.0848555,0.120442,0.0510921,0.058375,0.0504001,0.062764,0.639491,116.271,74.3543,0.648928,7082.58,
0.799436,46.2368,0.047868,0.0667879,0.0558136,0.151109,0.0291874,0.042631,0.0332559,0.0850034,0.672949,116.021,78.0765,0.629073,7456.8,
0.844705,46.9074,0.0533592,0.0773701,0.0345887,0.112362,0.0351787,0.048247,0.0192915,0.0624286,0.702596,115.832,81.3834,0.610919,7272.4,

0.739734,27.1762,0.00733186,0.137131,0.0183346,0.203388,0.0063516,0.0806857,0.0183818,0.11803,0.606283,80.4035,48.7473,0.717498,3017.1,
0.717437,25.6349,0.0337423,0.132973,0.0711344,0.225999,0.0179382,0.0794246,0.0438457,0.136018,0.574866,77.6156,44.6186,0.655374,2743.42,
0.663207,25.1981,0.025842,0.130061,0.0159775,0.285633,0.0179683,0.0764753,0.0141163,0.1797,0.5364,82.1995,44.0918,0.663393,2949.51,
0.722709,26.3085,0.0360046,0.0570282,0.0731462,0.236887,0.0254914,0.0370117,0.044377,0.155483,0.611398,76.5603,46.8088,0.737394,3076.75,
0.78244,28.2656,0.0586934,0.0588065,0.0382527,0.175915,0.0357976,0.0410758,0.0190087,0.109563,0.653002,77.5564,50.6445,0.671162,3196.07,

0.909615,8.57728,0.0667568,0.0660377,0.0732744,0.0735428,0.047803,0.047531,0.0432339,0.0618927,0.666667,19.4736,12.9824,0.827575,234.459,
0.930404,9.40153,0.0524867,0.0335064,0.0414029,0.0524157,0.035154,0.0238769,0.0293071,0.037472,0.711691,21.9321,15.6089,0.85603,287.859,
0.969998,8.08261,0.0372339,0.0472176,0.0978992,0.0273376,0.0260823,0.0499791,0.068128,0.019781,0.7283,16.3529,11.9098,0.843065,186.483,

0.833095,7.18068,0.0893225,0.0322398,0.046437,0.136198,0.0531698,0.0387146,0.0135172,0.0951347,0.666667,17.3313,11.5542,0.916273,177.722,
0.845193,7.90065,0.0326062,0.025787,0.0569463,0.119904,0.0276287,0.00735414,0.0420345,0.0734886,0.618524,19.8134,12.2551,0.816612,214.434,
0.922793,8.44708,0.0204582,0.0326542,0.0475828,0.0621597,0.0194719,0.0160949,0.0297254,0.0418009,0.728738,18.507,13.4868,0.835188,232.79,
0.774917,4.37378,0.0831206,0.106484,0.0779311,0.189701,0.0599471,0.0726442,0.0543668,0.123034,0.616086,10.6915,6.58691,0.906303,62.1608,

0.911245,9.4342,0.00649622,0.00269155,0.0296841,0.0651369,0.00122272,0.00812989,0.0215191,0.0384705,0.729625,23.8196,17.3794,0.88788,345.013,
0.903732,9.16659,0.0265356,0.0205793,0.0689687,0.085309,0.0211184,0.0254098,0.0553543,0.0665526,0.796076,21.1575,16.843,0.910748,312.89,
0.932852,9.53352,0.023048,0.0117899,0.0503098,0.0544715,0.0228983,0.00589276,0.0371301,0.0378454,0.724947,23.907,17.3313,0.84637,337.087,
0.927217,9.53613,0.0184938,0.0124594,0.049758,0.0652316,0.0134932,0.0120136,0.0362407,0.0527692,0.773895,23.1895,17.9463,0.902186,340.842,
0.888979,9.47912,0.022371,0.0140514,0.0349421,0.0888202,0.00901295,0.0110868,0.0251028,0.0589142,0.759257,23.8196,18.0852,0.83828,357.112,
0.877315,9.58783,0.021024,0.0111065,0.0331989,0.0963451,0.0169987,0.0116188,0.0273979,0.0609417,0.726722,23.1084,16.7934,0.930125,337.921,

0.944915,8.44232,0.0134019,0.0231217,0.0382999,0.0471757,0.00794453,0.024251,0.0325456,0.040879,0.79847,19.5485,15.6089,0.919163,267,
0.940382,8.4321,0.00381087,0.015188,0.0434889,0.0587017,0.00438184,0.0104283,0.0415218,0.0584613,0.820529,19.4736,15.9787,0.951553,270.337,
0.941511,8.62474,0.023681,0.0289244,0.0281591,0.0475397,0.0242437,0.0216907,0.0262927,0.0382648,0.790569,21.3049,16.843,0.973168,294.117,
0.981214,8.93155,0.0105579,0.00633219,0.0276864,0.0152964,0.00932207,0.00338102,0.0218792,0.0140668,0.854965,20.2714,17.3313,0.964206,302.878,
0.92833,8.65852,0.00805887,0.0277789,0.0210644,0.060542,0.00598334,0.0172221,0.00857831,0.0462048,0.820935,20.5169,16.843,0.975595,295.368,
0.939034,8.58418,0.00123091,0.0259032,0.0497961,0.0463453,0.00276795,0.0173961,0.0321578,0.0315676,0.768179,20.527,15.7684,0.947397,287.442,

0.891937,9.84524,0.0116945,0.0455456,0.0398559,0.0815817,0.0118288,0.0271229,0.0293216,0.0542122,0.666667,25.4865,16.991,0.834502,360.867,
0.93013,10.4185,0.0211044,0.0582507,0.0405403,0.0447364,0.012941,0.044101,0.0372058,0.0286409,0.674314,27.2276,18.3599,0.819351,415.518,
0.891877,9.41042,0.0332511,0.0365243,0.0587099,0.0940648,0.0212184,0.022215,0.0449403,0.0761458,0.740791,22.9363,16.991,0.862116,328.326,
0.874473,9.29302,0.0258665,0.0410066,0.048134,0.107281,0.0114772,0.0235857,0.0348258,0.0873672,0.727577,23.6879,17.2348,0.862555,335.001,
0.886368,10.4154,0.0062728,0.0315845,0.0319152,0.0855666,0.00700246,0.0181889,0.0310529,0.058132,0.722837,27.7436,20.0541,0.828521,458.905,
0.860122,9.40184,0.0474096,0.0458041,0.0300496,0.121507,0.027128,0.0314995,0.0299823,0.0978352,0.687103,22.717,15.6089,0.84611,312.056,

0.903367,8.1712,0.0373509,0.0191006,0.0543863,0.0650508,0.0205871,0.0157036,0.0311678,0.0386961,0.618698,25.4865,15.7684,0.824392,281.601,
0.944449,8.38473,0.028139,0.0331197,0.0408057,0.0381904,0.0178159,0.0222621,0.0234904,0.0234653,0.686638,23.5731,16.1862,0.836726,282.853,
0.939183,8.75066,0.0600366,0.0057691,0.0764284,0.0303572,0.0308039,0.0107383,0.0394275,0.0152859,0.658486,24.8147,16.3401,0.817955,312.473,
0.89019,8.4905,0.0933792,0.0277283,0.113093,0.0720989,0.0504985,0.0111183,0.0602683,0.0382442,0.632456,24.9321,15.7684,0.841358,309.135,
0.864703,8.29571,0.0928175,0.0182107,0.0664007,0.102713,0.0534186,0.00521631,0.0369851,0.0716046,0.66692,23.4044,15.6089,0.79904,272.84,
0.928276,8.26839,0.0838262,0.0649009,0.0439928,0.0601353,0.0595763,0.037006,0.0259537,0.0507088,0.719115,19.4308,13.973,0.916569,230.704,

0.899089,8.50691,0.00946746,0.0254423,0.0321637,0.0871133,0.00653543,0.0108552,0.0230854,0.0676791,0.74773,21.0884,15.7684,0.892636,296.203,
0.879273,8.23098,0.0200007,0.0302633,0.0247053,0.0965046,0.0127878,0.0137308,0.021424,0.0638476,0.787363,20.5575,16.1862,0.935986,281.601,
0.919243,8.41272,0.0140568,0.0166321,0.02021,0.0606276,0.00991311,0.00565738,0.0126734,0.0364006,0.802149,20.1786,16.1862,0.89385,284.521,
0.897356,8.31954,0.0365668,0.0218449,0.0231075,0.0797288,0.0217612,0.00952072,0.0195382,0.053903,0.770572,20.3945,15.7154,0.931034,272.84,
0.920911,8.75689,0.0203398,0.0258526,0.0297038,0.0614713,0.0108662,0.0109769,0.0234153,0.0363611,0.788241,21.3049,16.7934,0.90241,295.368,
0.953757,8.85597,0.0142244,0.0240068,0.0155025,0.0329313,0.0101946,0.0142424,0.00990556,0.0193146,0.792465,20.4252,16.1862,0.886804,280.767,

0.881564,10.4132,0.0205854,0.0137755,0.0197662,0.102746,0.0179575,0.0149593,0.0141848,0.0795518,0.824463,25.2645,20.8296,0.942933,435.96,
0.859835,10.3921,0.0250209,0.025056,0.015408,0.114385,0.0218668,0.0188877,0.0123566,0.0807825,0.703287,28.5149,20.0541,0.876138,457.654,
0.849529,10.3729,0.0361159,0.0188066,0.0199279,0.128605,0.0283532,0.0134522,0.0112328,0.0951667,0.758014,27.4792,20.8296,0.921822,466.415,
0.849773,10.0557,0.0392594,0.0263174,0.00757238,0.126076,0.0356021,0.0237351,0.00774902,0.0908499,0.766965,25.2645,19.377,0.939765,410.095,
0.812137,10.3583,0.0368722,0.0560286,0.0167087,0.160125,0.027215,0.0431738,0.00837335,0.114254,0.707107,27.8861,19.7185,0.805748,465.998,
0.852207,9.93014,0.0347605,0.00801038,0.0250216,0.123942,0.0246985,0.0055752,0.0187812,0.089481,0.703167,24.5102,17.2348,0.91965,352.106,

0.991018,11.0371,0.00973506,0.00825989,0.00379198,0.00815551,0.0164693,0.00747468,0.00230222,0.00655535,0.807607,25.5926,20.6688,0.882588,440.549,
0.947943,10.5516,0.00665722,0.0153142,0.0179856,0.0413835,0.00668458,0.0117781,0.0130115,0.0279941,0.812866,24.722,20.0957,0.946445,415.101,
0.973974,10.7844,0.0128226,0.0162787,0.012753,0.0218417,0.010626,0.0143329,0.0119514,0.0164135,0.813063,25.4209,20.6688,0.877164,435.96,
0.95788,10.97,0.00854046,0.00667527,0.0137193,0.0355921,0.00669246,0.00268874,0.0112136,0.0271102,0.809266,25.7389,20.8296,0.906791,453.482,
0.939602,10.9528,0.0206627,0.0176318,0.00263181,0.0494483,0.00699055,0.0111957,0.00253113,0.0361745,0.744363,27.9832,20.8296,0.798804,480.599,
0.957549,10.7715,0.0201813,0.0252907,0.00729685,0.0319868,0.0163044,0.0158096,0.00220913,0.0231456,0.80299,24.1846,19.42,0.884991,398.413,

0.943702,10.7537,0.0418822,0.0667858,0.0610605,0.0521993,0.0234043,0.0420976,0.0429011,0.0435157,0.672681,25.836,17.3794,0.741925,375.885,
0.60521,5.02378,0.0623945,0.125337,0.0754945,0.357584,0.0360673,0.0786266,0.0556376,0.237791,0.519778,14.9118,7.7508,0.817878,109.72,
0.891031,10.2469,0.0151091,0.0276349,0.0480712,0.0883229,0.0155069,0.00806756,0.0330521,0.0619563,0.687131,25.0822,17.2348,0.810523,368.793,
0.885564,9.29972,0.0288692,0.009252,0.0397438,0.0920761,0.0187718,0.00631933,0.0262561,0.0619581,0.73197,21.3245,15.6089,0.872675,291.196,
0.91416,10.0978,0.0149087,0.0535059,0.00939977,0.0725123,0.00781501,0.0370023,0.012667,0.0514556,0.762134,23.0542,17.5704,0.807769,347.934,
0.861291,8.35788,0.048143,0.0525327,0.0175827,0.110769,0.0299471,0.0329528,0.0115041,0.0749924,0.622841,19.6761,12.2551,0.834996,217.354,

0.922529,8.32728,0.0796249,0.0250596,0.0578424,0.0560988,0.0451314,0.0276796,0.0470186,0.031004,0.723905,18.6306,13.4868,0.838968,214.017,
0.938623,7.66683,0.0562286,0.0670127,0.0602997,0.0451599,0.0430189,0.050953,0.0405579,0.0277195,0.704427,16.606,11.6977,0.881319,176.053,
0.940633,8.24181,0.0731425,0.0493999,0.0751138,0.0363755,0.0471432,0.0362913,0.0440755,0.0124335,0.662589,18.4958,12.2551,0.787004,201.918,
0.857973,8.60101,0.0341034,0.0492935,0.027471,0.104277,0.0256503,0.0208098,0.00532925,0.0628211,0.663352,21.5095,14.2684,0.842739,252.398,
0.919964,8.91949,0.0462495,0.0383552,0.0512992,0.0503345,0.0300168,0.0200415,0.0342683,0.0210978,0.699797,20.6385,14.4428,0.911692,257.404,
0.943443,7.15854,0.0557785,0.0514696,0.0662578,0.0397686,0.0343907,0.0231053,0.044841,0.0219763,0.661519,15.6222,10.3344,0.811686,141.844,

0.95526,16.398,0.0396444,0.0142879,0.0299007,0.0264364,0.026359,0.00456492,0.0139411,0.0106537,0.747463,39.8997,29.8235,0.718776,1016.27,
0.942723,14.3741,0.0299807,0.0199521,0.022377,0.0467165,0.0179928,0.0141234,0.0139227,0.0347627,0.805017,33.6984,27.1278,0.8149,763.452,
0.896429,13.6003,0.0279858,0.0370918,0.0435061,0.0849738,0.0190474,0.0209009,0.0271822,0.0604582,0.725922,34.9622,25.3798,0.810443,756.36,
0.924397,14.8702,0.0211122,0.0221982,0.0304214,0.0622815,0.018114,0.0126196,0.0222248,0.0458221,0.703717,39.6269,27.8861,0.72433,935.333,
0.952937,14.0904,0.0359534,0.0210317,0.0415162,0.0433762,0.0241707,0.011707,0.02742,0.0381214,0.753889,32.9156,24.8147,0.773625,707.549,
0.873891,12.7895,0.0345295,0.0246023,0.0158888,0.0986786,0.0235907,0.0124725,0.0093662,0.0644426,0.766731,30.9291,23.7143,0.862975,624.111,

0.932254,10.9291,0.0103195,0.0241112,0.0398387,0.0581362,0.00756238,0.0174294,0.0265329,0.0466034,0.810718,24.3222,19.7185,0.939245,433.04,
0.960518,10.9555,0.00912951,0.0198483,0.035352,0.03707,0.0081153,0.0139039,0.0244316,0.0347363,0.803441,24.5951,19.7607,0.917259,423.445,
0.928142,10.6347,0.0148787,0.0328681,0.026736,0.0620782,0.00887021,0.0236346,0.0177801,0.048177,0.8,25.2232,20.1786,0.937131,431.371,
0.917656,10.4691,0.0134364,0.0218296,0.0205925,0.0704378,0.00859963,0.0162304,0.0141689,0.0552318,0.800894,24.6206,19.7185,0.939765,410.095,
0.971051,10.9439,0.0192595,0.0234773,0.0350032,0.026577,0.0117404,0.0176216,0.0213667,0.0253385,0.780537,25.8521,20.1786,0.933048,443.887,
0.981592,11.1105,0.0110594,0.0221977,0.0185275,0.0159532,0.00423921,0.0179083,0.00459571,0.0129959,0.795104,26.7951,21.3049,0.864342,462.243,

0.940794,11.2738,0.0654092,0.112511,0.0692996,0.0409572,0.0439429,0.063568,0.0523638,0.0238426,0.632846,25.9809,16.4419,0.761819,362.118,
0.63536,10.7735,0.0148651,0.100785,0.0749729,0.336407,0.00729741,0.0613356,0.0574411,0.237451,0.525531,32.7949,17.2348,0.750411,493.115,
0.747341,12.0106,0.0835937,0.0996285,0.169613,0.209097,0.0512563,0.0523299,0.110577,0.138048,0.509708,32.4561,16.5431,0.658929,498.121,

0.436451,3.80462,0.32917,0.367224,0.318332,0.557386,0.226967,0.274368,0.224312,0.389563,0.342997,15.0648,5.1672,0.588156,62.9952,
0.645921,4.70582,0.12836,0.0738835,0.209498,0.326019,0.0847931,0.0574523,0.138695,0.228995,0.423999,13.6253,5.77711,0.796569,77.1796,
0.741321,6.96389,0.200287,0.152283,0.0592884,0.231447,0.151353,0.100133,0.0404709,0.162152,0.437014,17.7358,7.7508,0.613993,152.69,

0.902827,16.7906,0.0756582,0.0560461,0.0249934,0.0726093,0.0448477,0.0321731,0.0195159,0.0464265,0.638323,39.8631,25.4455,0.632919,909.467,
0.747899,16.4981,0.0740271,0.104497,0.0860759,0.211837,0.0425935,0.063387,0.0547613,0.14186,0.55313,48.5973,26.8806,0.660856,1047.14,
0.956173,19.1269,0.0387357,0.0806083,0.0881166,0.0388905,0.0267876,0.0494489,0.0525387,0.0297416,0.644998,42.8149,27.6155,0.704611,1096.37,

0.515712,10.873,0.0156333,0.0734714,0.0429207,0.509592,0.0156183,0.0366281,0.042356,0.414809,0.450145,38.6084,17.3794,0.695769,628.701,
0.501946,10.899,0.0755336,0.0944864,0.0655151,0.519689,0.0491802,0.0469649,0.0437451,0.414035,0.431244,39.3999,16.991,0.670752,640.799,
0.500239,10.3889,0.0142979,0.0921817,0.0852549,0.525711,0.0133651,0.0416246,0.0760562,0.423484,0.444952,36.3774,16.1862,0.722694,565.288,
0.545943,11.3897,0.0149831,0.0882224,0.0248889,0.457725,0.014885,0.0439805,0.0225241,0.356741,0.462951,39.6585,18.3599,0.753815,661.241,

0.988264,12.4055,0.0374482,0.0327653,0.090941,0.00976103,0.0242708,0.0204601,0.058404,0.0136239,0.711796,29.0942,20.7091,0.776675,507.716,
0.875011,11.394,0.028708,0.0253255,0.022099,0.096083,0.025693,0.0217306,0.0160601,0.0621525,0.65192,29.4576,19.204,0.795832,484.771,
0.855062,11.2764,0.0162899,0.0493084,0.00399477,0.120697,0.0151793,0.0404139,0.0061199,0.0855986,0.735215,27.502,20.2199,0.881056,469.752,
0.951645,12.4566,0.0171331,0.00747448,0.0431486,0.0410205,0.0110522,0.00283015,0.0226569,0.0315868,0.713132,29.2087,20.8296,0.760124,532.33,
0.940312,12.571,0.0416294,0.0244944,0.0296558,0.0443,0.0220184,0.0149687,0.0140581,0.0279168,0.675725,29.7395,20.0957,0.764321,522.735,
0.929313,11.7945,0.0450438,0.0338363,0.0515224,0.0540059,0.0221775,0.0180262,0.0341029,0.0337688,0.702687,26.5134,18.6306,0.73409,449.31,

0.943203,12.3637,0.0367434,0.0384763,0.0407188,0.050528,0.0226648,0.0224657,0.0251496,0.0438837,0.755185,29.13,21.9986,0.846764,579.055,
0.968334,13.992,0.0458882,0.0147503,0.0369169,0.0298288,0.0236302,0.009492,0.024505,0.0254439,0.723414,35.7586,25.8683,0.715794,778.471,
0.9171,13.4949,0.0236189,0.0137167,0.017162,0.0610027,0.0127131,0.00427348,0.00501039,0.0417968,0.682793,34.7828,23.7495,0.792564,745.93,
0.908929,13.1937,0.0361888,0.00965611,0.0142048,0.0710073,0.0211058,0.00305762,0.0125856,0.0480063,0.698884,33.982,23.7495,0.718269,709.635,
0.978501,13.8736,0.0293902,0.0263273,0.0432259,0.0241082,0.0173748,0.016088,0.0278308,0.0274627,0.745672,32.9156,24.5442,0.738041,709.635,
0.902565,14.2498,0.0623222,0.0237806,0.0796445,0.0620821,0.0351282,0.0115737,0.047572,0.0312779,0.665168,38.5489,25.6415,0.721064,788.066,

0.663415,11.2851,0.0405109,0.121578,0.136052,0.299732,0.0189235,0.0832124,0.0894609,0.20266,0.564457,32.5267,18.3599,0.768236,505.63,
0.729443,12.025,0.0478791,0.119611,0.0623135,0.233657,0.0341086,0.080446,0.0424884,0.15812,0.556142,33.4997,18.6306,0.774133,533.999,
0.789983,13.1677,0.0848421,0.0928481,0.15941,0.177372,0.0593892,0.0615877,0.102327,0.123404,0.565142,32.9662,18.6306,0.770195,589.485,

0.799794,8.25049,0.0660134,0.0669299,0.0759059,0.163701,0.0397973,0.0392493,0.0439841,0.107044,0.596285,23.333,13.9131,0.82202,252.815,
0.967364,10.6605,0.0105395,0.0520715,0.00994103,0.0340705,0.0150425,0.0283113,0.00657801,0.0331662,0.677834,24.8483,16.843,0.816551,373.382,
0.904471,10.7365,0.0630252,0.0203566,0.114169,0.0657419,0.0381285,0.020184,0.0686259,0.0372037,0.649646,26.6781,17.3313,0.771609,388.401,
0.87459,9.1842,0.0791618,0.0288855,0.0549744,0.0963784,0.0560162,0.0279437,0.0388061,0.0565717,0.652024,23.1895,15.1201,0.80697,282.853,
0.921981,9.32621,0.0214009,0.044748,0.0938218,0.0678126,0.0199451,0.0321925,0.0608236,0.0491035,0.694668,21.0389,14.615,0.884695,273.675,
0.91342,10.4753,0.0517546,0.0795088,0.0574878,0.0651183,0.0403938,0.0392904,0.0338987,0.0356674,0.654505,24.7305,16.1862,0.759282,342.51,

0.787149,10.0271,0.0819189,0.082293,0.233657,0.187011,0.0541617,0.0642132,0.150668,0.129806,0.50122,24.4505,12.2551,0.729486,315.393,
0.812589,9.8029,0.120872,0.0541131,0.0562968,0.146361,0.0795684,0.0349531,0.0385321,0.0963261,0.594791,25.4209,15.1201,0.740802,312.473,
0.829368,10.0054,0.0743304,0.105705,0.0589053,0.140495,0.0521148,0.0742244,0.0389493,0.0951593,0.591245,24.1328,14.2684,0.738982,311.221,
0.726394,7.59584,0.11223,0.0609547,0.15088,0.232786,0.0659628,0.0377215,0.101636,0.149123,0.579163,19.9498,11.5542,0.783989,200.667,
0.773224,10.4286,0.128571,0.159546,0.126388,0.185085,0.0879502,0.105514,0.0810139,0.116269,0.481083,27.6457,13.2999,0.602443,350.437,
0.886883,8.89001,0.0879881,0.0532054,0.235932,0.0961601,0.054942,0.0270157,0.149497,0.0677362,0.588715,20.2302,11.9098,0.729222,216.937,

