0.965202,7.4985,0.0281733,0.01992,0.0151781,0.0339691,0.0249684,0.00340138,0.00336114,0.032777,0.744247,21.1871,15.7684,0.849271,289.945,
0.960432,7.51638,0.0114872,0.0220746,0.0323313,0.0373588,0.0117307,0.00734113,0.017234,0.0344288,0.726568,21.7026,15.7684,0.83684,288.693,
0.954047,7.67236,0.0112588,0.00960565,0.0401504,0.0446,0.0113914,0.00702436,0.0251487,0.0414348,0.810679,20.2817,16.4419,0.906939,297.871,

0.360876,5.46789,0.0606443,0.380064,0.0198187,0.603518,0.0293994,0.189879,0.0199399,0.381328,0.302357,33.3687,10.0893,0.602005,269.085,
0.686942,5.71931,0.12365,0.0421016,0.205291,0.239666,0.0619253,0.034714,0.121556,0.124341,0.508465,18.4958,9.40445,0.804697,151.856,
0.604084,5.79017,0.0657273,0.105688,0.138762,0.323564,0.0410302,0.0558518,0.0970438,0.19255,0.467833,21.029,9.83806,0.803681,176.887,
0.527962,6.18669,0.102717,0.104092,0.0747131,0.452186,0.0744261,0.0444079,0.0417472,0.3119,0.455147,23.4044,10.6525,0.7942,224.029,
0.989189,5.45412,0.0336737,0.0888885,0.162325,0.0177957,0.0307666,0.0675753,0.0815809,0.0151266,0.604922,11.4999,6.95656,0.770675,84.6889,
0.539277,6.21546,0.0560879,0.113436,0.071097,0.429925,0.0320399,0.0477301,0.0325792,0.301226,0.43453,23.968,10.4148,0.786391,225.281,

0.523943,9.52418,0.102501,0.240847,0.111718,0.433754,0.0568356,0.136703,0.0689787,0.287444,0.476165,41.054,19.5485,0.74826,569.043,
0.53997,9.1392,0.124949,0.209933,0.150849,0.416942,0.0625976,0.120409,0.0854032,0.277315,0.459899,39.0222,17.9463,0.691194,492.698,
0.698879,9.83117,0.0260863,0.0553587,0.03947,0.267675,0.0139513,0.0341961,0.0310729,0.18556,0.62399,29.6411,18.4958,0.856508,470.17,
0.716804,9.877,0.0374553,0.0326325,0.0686185,0.249083,0.0193128,0.018247,0.0383948,0.170599,0.628165,28.8639,18.1313,0.831957,476.845,
0.843729,10.3728,0.0361303,0.0665857,0.123424,0.119683,0.0206666,0.0443343,0.0851979,0.0710548,0.701646,26.5527,18.6306,0.871995,424.279,
0.803388,10.3486,0.0351429,0.024834,0.122197,0.169514,0.0180284,0.0254274,0.078843,0.116957,0.663082,27.8936,18.4958,0.818491,463.912,

0.813059,11.5625,0.0369305,0.0547558,0.0479743,0.138456,0.0154342,0.0354105,0.0189853,0.0869797,0.591573,38.6947,22.8908,0.780461,626.615,
0.803954,11.2095,0.0198694,0.044339,0.0353385,0.157304,0.0183124,0.029079,0.018717,0.104266,0.654694,33.717,22.0743,0.820396,596.994,
0.828134,11.4889,0.0158292,0.0133853,0.0253435,0.141044,0.0130762,0.0122135,0.0161972,0.097535,0.715187,31.5963,22.5973,0.845142,610.761,
0.761849,11.6977,0.0398269,0.0188668,0.0483135,0.206371,0.0273899,0.00543051,0.0335273,0.144928,0.631594,35.0099,22.1121,0.752422,683.352,
0.710115,11.3772,0.0713861,0.0501634,0.059437,0.242663,0.0450226,0.0255229,0.0422768,0.1549,0.566264,37.7617,21.3831,0.888554,665.413,
0.856769,10.9274,0.0462225,0.0506414,0.0500961,0.115983,0.0278644,0.0447976,0.0298261,0.0786138,0.794089,26.4819,21.029,0.916046,485.605,

0.629852,8.46211,0.107123,0.201553,0.131848,0.302581,0.0558001,0.110194,0.0829396,0.1876,0.452128,38.8615,17.5704,0.706364,421.776,
0.630231,8.29429,0.0946981,0.192679,0.133814,0.31881,0.0584834,0.111179,0.0946925,0.213173,0.436253,38.6084,16.843,0.710442,419.69,
0.812327,9.42416,0.0753969,0.0959927,0.205433,0.151944,0.0428593,0.0514854,0.134812,0.104799,0.528022,32.1785,16.991,0.790557,410.929,
0.776866,8.92181,0.0984877,0.0429648,0.231565,0.172065,0.0479543,0.0145848,0.139552,0.109165,0.561199,28.8422,16.1862,0.833312,379.64,
0.565412,8.04346,0.2071,0.158544,0.242955,0.361699,0.0968409,0.0679375,0.130098,0.21609,0.476146,33.9942,16.1862,0.722384,388.818,
0.584869,7.74866,0.146056,0.15025,0.145836,0.337409,0.0654231,0.0617364,0.0669569,0.200731,0.496338,34.2327,16.991,0.751889,384.229,

0.437733,17.8752,0.0546105,0.156408,0.105534,0.601439,0.0348708,0.0788013,0.0982332,0.479331,0.434826,73.3744,31.9051,0.573212,1971.21,
0.844593,18.2974,0.0280368,0.0345651,0.0731473,0.133895,0.0165339,0.0233956,0.0559989,0.0986018,0.72757,42.649,31.0301,0.77359,1108.05,
0.431128,16.7598,0.0635652,0.165032,0.091772,0.609495,0.0443008,0.0892087,0.0807244,0.483862,0.420035,69.3854,29.1443,0.621815,1771.79,

0.623161,7.10187,0.111572,0.105005,0.086328,0.326424,0.0557093,0.0539419,0.0501751,0.216105,0.467664,31.2511,14.615,0.758047,335.835,
0.562982,7.00251,0.132425,0.134394,0.0918647,0.374878,0.0597268,0.0667583,0.0315269,0.238487,0.401351,35.9854,14.4428,0.710401,361.284,
0.607351,6.89641,0.134366,0.0981957,0.126452,0.342376,0.0708794,0.0461869,0.0643778,0.21752,0.461127,28.8422,13.2999,0.726963,308.301,
0.575761,6.6814,0.142273,0.105379,0.118226,0.379336,0.0699081,0.0528574,0.0574503,0.246186,0.440985,31.5501,13.9131,0.740176,317.479,

0.583349,7.02707,0.0795467,0.175276,0.10788,0.367941,0.0464888,0.104853,0.0780544,0.239311,0.425208,29.9213,12.7228,0.716606,301.209,
0.748172,10.4826,0.0268331,0.0636203,0.130168,0.24193,0.0143469,0.0487522,0.0810807,0.173347,0.642218,30.6377,19.6761,0.756496,549.852,
0.63659,10.1524,0.00617378,0.0444628,0.0676178,0.365096,0.0128878,0.0365921,0.0374902,0.276626,0.583088,31.3311,18.2688,0.831216,561.116,

0.685555,7.13692,0.0456387,0.0987895,0.0906854,0.250888,0.0103183,0.0479342,0.0417435,0.14971,0.555556,25.997,14.4428,0.863376,304.129,
0.684494,7.37166,0.0713363,0.109372,0.103537,0.24701,0.0268556,0.0547743,0.0508514,0.145268,0.503453,29.0296,14.615,0.784579,314.142,
0.575402,6.87934,0.118112,0.147342,0.123236,0.351933,0.0522385,0.0660646,0.0505924,0.212096,0.435836,32.6036,14.2098,0.76544,318.314,
0.599299,6.75126,0.0659058,0.128316,0.0460232,0.354885,0.0335129,0.0645161,0.0169158,0.231032,0.442827,31.0099,13.732,0.77929,322.068,
0.634007,7.27101,0.0982597,0.0928166,0.0502178,0.326303,0.0452906,0.0487472,0.018704,0.212737,0.461644,30.2678,13.973,0.729884,348.768,
0.771385,8.14299,0.11466,0.0869145,0.182491,0.199632,0.0527136,0.0332595,0.114905,0.137452,0.50818,29.7535,15.1201,0.685121,335.418,

0.878436,8.86158,0.0228533,0.105675,0.255151,0.0836092,0.0206168,0.0680982,0.155684,0.0513273,0.557667,24.9488,13.9131,0.776238,286.607,
0.652919,8.45903,0.152338,0.172587,0.332887,0.256702,0.0787048,0.0917243,0.207315,0.137702,0.459796,29.8655,13.732,0.642255,321.651,
0.717197,8.43711,0.0943402,0.130764,0.327574,0.215427,0.0432577,0.0706473,0.210461,0.128142,0.515296,26.1729,13.4868,0.667656,282.853,
0.730466,8.8452,0.111695,0.170179,0.307091,0.196337,0.0454389,0.0982407,0.183833,0.114456,0.467664,31.2511,14.615,0.717919,345.013,
0.667369,8.98779,0.154969,0.151944,0.369213,0.25469,0.0697134,0.0713835,0.229241,0.150284,0.479684,30.1089,14.4428,0.745019,343.345,
0.704383,9.58268,0.135943,0.141903,0.379299,0.225536,0.0662249,0.0790395,0.240826,0.127444,0.438599,32.3982,14.2098,0.631053,377.137,

0.920487,9.29551,0.0117791,0.0163704,0.0341734,0.0576692,0.00952906,0.00670236,0.0249973,0.031614,0.798087,24.2793,19.377,0.924462,391.321,
0.947442,9.27585,0.0114423,0.0204774,0.00873797,0.0363417,0.00767965,0.0109657,0.00364287,0.0193073,0.822492,23.1895,19.0732,0.994887,363.787,
0.936126,9.69506,0.0127708,0.0046753,0.0199119,0.048144,0.00724261,0.00262205,0.0183181,0.0322204,0.804731,24.4505,19.6761,0.983088,394.659,
0.953262,9.35401,0.0185399,0.00613003,0.0152696,0.0358965,0.0143216,0.00870223,0.0144632,0.0245217,0.856793,22.6157,19.377,0.973783,365.456,
0.930684,9.33229,0.0215804,0.00718482,0.026573,0.0520962,0.0139427,0.00787122,0.0236642,0.0324718,0.810408,23.6967,19.204,0.914176,376.72,
0.955403,9.53979,0.00841069,0.00526199,0.0266461,0.0325492,0.00433519,0.00250809,0.0182696,0.0244763,0.789565,24.3222,19.204,0.951937,380.892,

0.591258,4.55093,0.104612,0.0435838,0.236567,0.381907,0.0521022,0.0273747,0.164619,0.258451,0.478897,15.7287,7.53242,0.852117,109.72,
0.69054,8.46202,0.0379285,0.101716,0.134211,0.275989,0.0321081,0.0622645,0.0965427,0.187159,0.571308,27.2276,15.5553,0.85402,402.585,
0.683374,7.97923,0.0297769,0.0898328,0.159206,0.272176,0.0241362,0.0550072,0.109178,0.173766,0.5547,25.0822,13.9131,0.866311,318.314,
0.702754,8.08309,0.0210687,0.0880096,0.143936,0.251185,0.0215675,0.0500669,0.0972467,0.160708,0.618331,25.157,15.5553,0.889151,345.848,
0.713996,8.21434,0.0358436,0.0635076,0.157171,0.243019,0.0257312,0.0390937,0.102526,0.155724,0.628928,25.9809,16.3401,0.869585,372.965,
0.771663,8.05296,0.0402465,0.0365776,0.122596,0.179057,0.0300598,0.0222889,0.0795317,0.104813,0.685,24.0028,16.4419,0.927892,350.437,

0.432569,6.40949,0.121051,0.33681,0.0568894,0.484387,0.0488312,0.16715,0.00650502,0.274851,0.327473,37.4232,12.2551,0.641997,307.049,
0.300361,5.89464,0.197587,0.429148,0.145235,0.725341,0.0830579,0.25055,0.0630318,0.556856,0.254674,38.63,9.83806,0.647583,340.842,
0.242708,5.667,0.181821,0.543077,0.098159,0.801374,0.0651697,0.355256,0.0366104,0.628492,0.239601,46.379,11.1125,0.607618,405.506,
0.491517,6.75019,0.269676,0.240302,0.251407,0.445757,0.13518,0.123618,0.137495,0.273342,0.419738,30.467,12.7882,0.745969,273.675,

0.372352,8.51414,0.0244395,0.33566,0.0791529,0.642132,0.0239364,0.200178,0.0710232,0.481245,0.314776,53.9781,16.991,0.628881,662.91,
0.386021,8.54653,0.127667,0.274682,0.104654,0.643174,0.0812987,0.161059,0.0572929,0.496701,0.374828,44.9353,16.843,0.746987,612.43,
0.742599,7.8751,0.0906742,0.0839774,0.101547,0.21226,0.0521415,0.047492,0.059937,0.139802,0.54655,26.7406,14.615,0.786511,292.865,
0.721567,7.79742,0.136933,0.120064,0.197959,0.16751,0.0670096,0.0591405,0.107079,0.0720284,0.471292,29.5212,13.9131,0.647468,256.153,

0.414151,5.13481,0.0836116,0.239477,0.108943,0.59917,0.0496834,0.144891,0.0788959,0.431904,0.352865,23.1535,8.17006,0.781559,181.893,
0.385174,5.59141,0.160112,0.25915,0.0619468,0.657174,0.0837153,0.168303,0.0296308,0.502246,0.3433,26.6076,9.13441,0.687693,226.95,
0.571836,4.96856,0.200009,0.18765,0.199775,0.438788,0.114261,0.0949116,0.155479,0.332159,0.4,16.4673,6.58691,0.715115,106.8,
0.420592,4.7214,0.107158,0.276681,0.0702308,0.566992,0.0552456,0.136507,0.0326099,0.396835,0.360632,22.9363,8.27156,0.744028,168.126,

0.686169,7.40482,0.0673218,0.0790696,0.0763331,0.276912,0.0338685,0.0461876,0.0462348,0.188337,0.570132,24.9237,14.2098,0.790948,284.521,
0.773653,7.73645,0.0641043,0.0417651,0.0181077,0.206119,0.0409557,0.0272939,0.00270276,0.148554,0.614097,22.7537,13.973,0.805697,276.595,
0.738045,7.27046,0.0317849,0.0603628,0.117156,0.237413,0.0199307,0.0212966,0.0792867,0.167919,0.67082,20.8296,13.973,0.899355,257.404,
0.726873,7.02395,0.0248961,0.0363097,0.00813919,0.233171,0.0154443,0.0153976,0.0101368,0.158459,0.621161,21.7122,13.4868,0.888863,252.398,
0.610133,6.37444,0.0331245,0.110678,0.0574304,0.344418,0.0142509,0.0457355,0.0439875,0.226394,0.532172,26.7015,14.2098,0.849243,307.884,
0.700721,7.32903,0.119688,0.16977,0.163135,0.239662,0.0623594,0.105206,0.102603,0.148494,0.565455,22.6157,12.7882,0.849508,223.612,

0.678577,9.91868,0.188474,0.0549535,0.251224,0.255227,0.09161,0.0171732,0.141541,0.161052,0.477404,39.9519,19.0732,0.701742,498.538,
0.679053,9.9189,0.182787,0.0571977,0.250875,0.261478,0.0875534,0.0246684,0.146555,0.17151,0.45629,41.2214,18.8089,0.709533,501.041,
0.663634,9.79393,0.172581,0.0576759,0.24912,0.286938,0.0845761,0.0217812,0.146906,0.196183,0.442394,40.6712,17.9927,0.697249,499.79,
0.699498,9.86715,0.168424,0.0432124,0.251257,0.240233,0.083753,0.0179374,0.150449,0.151862,0.443019,41.7493,18.4958,0.674702,492.28,
0.654132,9.80723,0.202678,0.0919247,0.283152,0.288207,0.108615,0.048011,0.181394,0.181148,0.468927,38.3699,17.9927,0.761662,491.446,
0.603885,9.80023,0.25928,0.119527,0.327322,0.327012,0.138761,0.0564602,0.203142,0.198036,0.4255,42.1768,17.9463,0.705666,503.127,

0.363484,7.95665,0.154821,0.322148,0.136414,0.660507,0.0858888,0.18487,0.0904271,0.497725,0.326431,51.4454,16.7934,0.647704,618.688,
0.408417,8.38738,0.146626,0.294528,0.138473,0.589785,0.0716467,0.163974,0.0824445,0.422302,0.33995,53.1996,18.0852,0.648708,675.843,
0.48796,9.10249,0.107811,0.273808,0.140469,0.477565,0.048659,0.138339,0.0748962,0.317493,0.38611,50.1852,19.377,0.592417,646.222,
0.53002,10.151,0.108112,0.314149,0.143552,0.394835,0.0519198,0.176628,0.0916375,0.238982,0.347337,58.0951,20.1786,0.551641,722.15,
0.649884,11.3461,0.168044,0.213896,0.235541,0.266508,0.0982136,0.116585,0.157911,0.154652,0.347408,54.9015,19.0732,0.596084,659.155,
0.922759,12.7002,0.0884952,0.109617,0.16715,0.0122367,0.04792,0.0415898,0.0988614,0.0624001,0.545455,38.2611,20.8697,0.824878,569.877,

0.307238,5.14312,0.150053,0.439619,0.114796,0.723166,0.0643579,0.27318,0.0450434,0.557686,0.303575,30.6853,9.3153,0.752037,256.987,
0.397719,5.87202,0.244035,0.27759,0.222515,0.590938,0.123982,0.129603,0.122088,0.418482,0.384023,30.2747,11.6262,0.746,253.65,
0.301369,6.23549,0.294584,0.436685,0.190401,0.738964,0.177195,0.276275,0.094852,0.595945,0.30551,41.6443,12.7228,0.62825,354.192,
0.467346,7.12755,0.360491,0.254132,0.410156,0.475112,0.202118,0.11519,0.241863,0.292146,0.444907,29.1801,12.9824,0.662768,270.337,
0.768387,10.883,0.168763,0.205449,0.529263,0.169235,0.106628,0.0888986,0.333131,0.0924621,0.416724,29.2444,12.1868,0.567511,293.7,
0.77515,7.43859,0.146414,0.109613,0.524098,0.221348,0.104363,0.0549069,0.351376,0.183009,0.393073,19.7185,7.7508,0.59813,137.672,

0.278979,5.41175,0.109293,0.494606,0.0575973,0.761963,0.0618044,0.322753,0.0221618,0.592285,0.235294,39.59,9.3153,0.683453,323.737,
0.287921,5.10963,0.136086,0.479127,0.104667,0.755827,0.0683736,0.313574,0.0638944,0.590524,0.272371,33.1995,9.0426,0.693308,256.987,
0.325107,5.68328,0.194278,0.403487,0.139654,0.708255,0.104775,0.247239,0.0750343,0.539072,0.335345,32.6866,10.9613,0.763285,284.104,

0.931126,9.34186,0.0324789,0.0330174,0.0170916,0.0547564,0.0264695,0.0218681,0.0150958,0.0407533,0.78309,23.1535,18.1313,0.923988,347.934,
0.923048,9.03957,0.0343137,0.0146521,0.0418728,0.0601762,0.0246309,0.0123052,0.0321987,0.0410171,0.845,21.4026,18.0852,0.966155,338.756,
0.897821,8.98036,0.0120121,0.0148639,0.0103073,0.0785674,0.00250346,0.0124154,0.00947564,0.0500453,0.804312,22.8269,18.3599,0.940893,351.688,
0.854138,9.12613,0.0773929,0.0790381,0.0753275,0.0789754,0.0357084,0.0424983,0.0404862,0.0349599,0.578527,31.9704,18.4958,0.735709,382.56,
0.751161,8.45355,0.0687486,0.10312,0.0690715,0.179633,0.0310666,0.05956,0.0387664,0.104861,0.526683,32.9978,17.3794,0.720286,363.787,
0.852148,8.86643,0.0326858,0.0746453,0.0427091,0.120526,0.0227593,0.0504129,0.0264747,0.0781379,0.770383,23.4756,18.0852,0.970069,348.351,

0.437878,6.02419,0.235957,0.316111,0.175601,0.502922,0.129566,0.155168,0.0617242,0.300076,0.389163,30.6037,11.9098,0.745376,258.239,
0.547589,6.21568,0.17431,0.164422,0.169413,0.400567,0.0834409,0.0668208,0.097842,0.262684,0.491928,24.2105,11.9098,0.82618,213.6,
0.520959,6.58975,0.227261,0.247599,0.214642,0.406308,0.113293,0.115592,0.114509,0.245528,0.43597,27.9534,12.1868,0.777665,250.729,
0.628035,7.392,0.247273,0.202545,0.217602,0.289973,0.146065,0.0972665,0.123763,0.165979,0.455142,27.9534,12.7228,0.676596,260.742,
0.854633,8.40115,0.222181,0.231252,0.166254,0.0998877,0.109917,0.115805,0.0942494,0.0566457,0.462573,27.6457,12.7882,0.612633,259.49,
0.760332,6.56405,0.0624272,0.0094635,0.123598,0.193523,0.0428333,0.0200648,0.0652347,0.117114,0.61808,17.2348,10.6525,0.877814,161.034,

0.470092,6.34291,0.0855935,0.159859,0.0588355,0.534522,0.0425021,0.0845884,0.0380781,0.393075,0.405813,30.1988,12.2551,0.813913,315.81,
0.402658,6.06816,0.116389,0.344867,0.0757664,0.560479,0.0532948,0.178252,0.0583469,0.371908,0.367078,33.1995,12.1868,0.738136,299.957,
0.391746,6.10394,0.199886,0.351417,0.152396,0.565502,0.0903543,0.175884,0.0381333,0.372005,0.353243,34.4998,12.1868,0.702528,312.056,
0.314973,5.81254,0.201035,0.425009,0.118377,0.723547,0.0944532,0.273415,0.0262545,0.558015,0.259314,41.0794,10.6525,0.662861,385.898,

0.425638,7.13076,0.135594,0.272616,0.127491,0.56783,0.0828404,0.158018,0.0778871,0.398941,0.329848,36.1069,11.9098,0.758085,359.198,
0.390211,7.18417,0.159131,0.314113,0.139964,0.595506,0.0847535,0.175685,0.0901187,0.400529,0.310137,42.4774,13.1738,0.688002,433.457,
0.425146,7.40079,0.191242,0.253477,0.175358,0.563735,0.0995621,0.14522,0.108891,0.387095,0.317788,40.0354,12.7228,0.718443,397.162,

0.668829,7.06878,0.0672835,0.100353,0.0966688,0.269151,0.0270138,0.0426449,0.0536362,0.159757,0.539319,26.3477,14.2098,0.86479,304.964,
0.662659,7.15261,0.0676278,0.0976122,0.0725249,0.272713,0.0297494,0.0429753,0.0382632,0.160637,0.522279,27.9832,14.615,0.844755,311.221,
0.666445,7.27952,0.0535896,0.119628,0.0444241,0.269628,0.0246436,0.0578361,0.0222663,0.159886,0.513162,29.4647,15.1201,0.84611,312.056,
0.807417,8.54236,0.0496161,0.0248045,0.120422,0.142535,0.0218267,0.021885,0.0575423,0.0827015,0.483225,32.3015,15.6089,0.687914,342.928,

0.605929,7.12215,0.107937,0.242097,0.0991624,0.335166,0.0690771,0.136722,0.0633755,0.208208,0.519454,27.8037,14.4428,0.792434,274.509,
0.632835,7.36927,0.129134,0.162376,0.136139,0.309431,0.0699531,0.0858945,0.0873558,0.193989,0.5236,27.2506,14.2684,0.818476,278.264,
0.71195,8.48829,0.208427,0.17525,0.163322,0.258116,0.132491,0.1218,0.110629,0.18245,0.457869,28.2133,12.918,0.728327,298.706,
0.496985,7.84106,0.166579,0.391667,0.20716,0.424134,0.0833535,0.2399,0.137045,0.258494,0.32453,39.4052,12.7882,0.593391,332.915,
0.458637,6.92008,0.163117,0.320883,0.225001,0.454218,0.0624648,0.180635,0.158107,0.261003,0.339746,38.7755,13.1738,0.667299,306.632,
0.52559,7.3232,0.142056,0.333847,0.0990239,0.4329,0.0850823,0.213149,0.0750184,0.29646,0.349167,34.9025,12.1868,0.702528,312.056,

0.661623,7.47439,0.0361754,0.0965894,0.0721234,0.298156,0.021807,0.0600003,0.0424997,0.199919,0.58,25.1984,14.615,0.885284,298.289,
0.795908,8.006,0.019978,0.0445102,0.0973305,0.175909,0.0149702,0.0305908,0.0638732,0.122956,0.681878,22.0932,15.0648,0.936805,282.018,
0.804012,8.03821,0.0297524,0.0518656,0.0822475,0.162734,0.0176791,0.0409778,0.0473053,0.107597,0.716432,21.7122,15.5553,0.935759,287.859,
0.948384,8.16292,0.0154525,0.0298709,0.0454392,0.0402394,0.0070267,0.0121307,0.0301129,0.0313942,0.751134,20.7091,15.5553,0.869187,283.27,

0.626041,9.36701,0.0813952,0.0968975,0.133506,0.325681,0.0438028,0.0439383,0.077546,0.213408,0.554912,33.0862,18.3599,0.794606,483.52,
0.703374,9.69395,0.0870523,0.0406244,0.0866836,0.25662,0.0484259,0.017125,0.0546106,0.172382,0.636601,29.2658,18.6306,0.919413,464.329,
0.728841,10.1663,0.0351987,0.0530186,0.0231611,0.231228,0.0221945,0.0341855,0.00925586,0.157022,0.622654,29.9213,18.6306,0.83387,463.912,
0.738755,10.5783,0.0235792,0.0760948,0.119415,0.220824,0.0149075,0.054514,0.0755409,0.146993,0.645169,28.6681,18.4958,0.88921,469.335,
0.867537,10.6071,0.0762093,0.0782816,0.0389829,0.099519,0.0505887,0.046101,0.0249151,0.066448,0.678461,29.8025,20.2199,0.883841,456.82,
0.691005,9.29716,0.0509599,0.149749,0.0433127,0.248618,0.0294659,0.0838011,0.0350362,0.15387,0.527921,33.9942,17.9463,0.803347,442.635,

0.600148,9.83731,0.0340389,0.253506,0.143949,0.406987,0.013837,0.161223,0.105373,0.306765,0.415397,33.4935,13.9131,0.637055,454.316,
0.557632,9.15374,0.102082,0.176117,0.10764,0.454445,0.0636332,0.10696,0.0820642,0.348581,0.385756,36.2223,13.973,0.683019,434.291,
0.543933,8.16685,0.0830563,0.155009,0.130753,0.451329,0.0463681,0.0905771,0.0973745,0.327887,0.426902,29.8025,12.7228,0.798651,347.517,
0.541843,7.5544,0.0973629,0.199654,0.0473433,0.438581,0.0595193,0.116227,0.0495492,0.30839,0.443051,28.8639,12.7882,0.73852,284.521,
0.704684,10.2945,0.145346,0.114102,0.10903,0.309437,0.0934627,0.0676561,0.0658753,0.248979,0.452187,34.2814,15.5016,0.667896,453.899,
0.735088,7.08347,0.0674154,0.176366,0.259646,0.277414,0.0437128,0.110844,0.176795,0.226918,0.457075,18.0967,8.27156,0.723791,164.789,

0.369075,5.51689,0.183214,0.36492,0.151083,0.617215,0.0888704,0.198552,0.061671,0.422594,0.349403,30.4876,10.6525,0.774307,269.503,
0.265904,5.46965,0.206216,0.541956,0.138503,0.759129,0.104806,0.340537,0.045116,0.560065,0.301845,36.3143,10.9613,0.682036,307.467,
0.46844,9.59061,0.148509,0.38872,0.25093,0.563869,0.0821127,0.250686,0.142588,0.445439,0.295509,37.0929,10.9613,0.524143,364.621,
0.630377,10.4927,0.174849,0.289211,0.265369,0.359292,0.10487,0.177709,0.205077,0.284878,0.32082,34.4029,11.0371,0.582143,374.217,
0.492545,9.71408,0.224894,0.375643,0.160348,0.463523,0.117731,0.252119,0.0973268,0.323239,0.307148,47.0222,14.4428,0.51466,468.084,
0.438536,9.41152,0.294128,0.238748,0.240393,0.571616,0.189382,0.15438,0.154365,0.430348,0.258993,53.951,13.973,0.464411,567.791,

0.809705,9.17953,0.0551469,0.072181,0.0395852,0.157379,0.0317125,0.0395843,0.0178211,0.109993,0.6289,28.6098,17.9927,0.809792,374.634,
0.856625,9.6775,0.0505513,0.1069,0.0648335,0.110613,0.0251089,0.0557078,0.0324056,0.0752386,0.570782,30.3642,17.3313,0.732772,380.057,
0.756302,9.46039,0.133357,0.162817,0.0924761,0.186312,0.0711472,0.0853273,0.0487292,0.121112,0.511784,33.1995,16.991,0.709593,383.395,
0.703221,9.09399,0.139333,0.166094,0.114955,0.225021,0.0690873,0.0882605,0.0558796,0.136304,0.507327,33.1995,16.843,0.765149,389.235,

0.91086,8.21703,0.00545398,0.0292638,0.0132122,0.0697362,0.010752,0.0218691,0.00326633,0.0492599,0.710363,23.2883,16.5431,0.840433,284.939,
0.894285,7.99318,0.0180713,0.0209857,0.0377876,0.0875071,0.00671932,0.0192357,0.0236776,0.0626062,0.737309,22.2999,16.4419,0.907794,292.031,
0.710157,7.50522,0.0359028,0.0843113,0.0204478,0.247221,0.0160298,0.0514073,0.00602581,0.159175,0.615699,25.2645,15.5553,0.895778,317.062,
0.773604,7.981,0.0806203,0.0605137,0.0609679,0.187264,0.0427695,0.0385427,0.0284891,0.12574,0.625156,25.2232,15.7684,0.802234,314.142,
0.74664,7.84192,0.0829265,0.0706729,0.11392,0.199234,0.0451733,0.029717,0.0640169,0.126759,0.584976,26.8651,15.7154,0.810669,313.724,
0.757403,7.59538,0.0714481,0.0390543,0.125965,0.189601,0.0345484,0.0146278,0.0719086,0.116777,0.601329,25.8683,15.5553,0.778302,287.859,

0.371633,6.58125,0.142925,0.324762,0.0966082,0.660537,0.0836173,0.200057,0.0462545,0.515821,0.356397,39.0382,13.9131,0.714745,393.824,
0.336729,6.39849,0.276823,0.37266,0.198291,0.696422,0.162282,0.231487,0.115331,0.536907,0.300667,43.1788,12.9824,0.626757,393.824,
0.342279,5.09215,0.0912128,0.413572,0.0590903,0.682881,0.0636619,0.258227,0.0566339,0.518481,0.305868,28.3314,8.66566,0.709873,203.587,
0.474486,7.24913,0.168739,0.250646,0.199555,0.515047,0.0895034,0.131806,0.12729,0.372513,0.370821,35.0099,12.9824,0.642562,367.124,

0.610903,7.59476,0.0877843,0.145432,0.0520693,0.316031,0.0447548,0.072098,0.0286893,0.189453,0.449719,34.4695,15.5016,0.712917,363.37,
0.640188,7.50077,0.06815,0.101005,0.0550465,0.296572,0.0283377,0.0490466,0.0284312,0.1808,0.457417,32.9346,15.0648,0.753449,332.498,
0.698569,7.96798,0.0613764,0.116168,0.0763471,0.227399,0.0233534,0.0565979,0.0471789,0.130639,0.501199,32.295,16.1862,0.764898,340.842,
0.702753,7.73066,0.0407206,0.0947494,0.00485533,0.230518,0.0192901,0.0476218,0.0127051,0.133904,0.505549,30.8751,15.6089,0.749067,323.737,
0.733255,7.78411,0.0763064,0.121085,0.0910309,0.179672,0.0308842,0.0615355,0.0529603,0.0975307,0.483322,32.295,15.6089,0.712715,303.712,
0.466046,6.60224,0.031161,0.283411,0.0177193,0.454392,0.00584306,0.13426,0.000951854,0.266613,0.347782,39.4845,13.732,0.60877,322.903,

0.973857,10.3558,0.117512,0.109755,0.243859,0.054767,0.0757976,0.0795705,0.164295,0.0618783,0.560068,25.7875,14.4428,0.743231,308.718,
0.898081,11.0013,0.0409831,0.0935729,0.340317,0.101311,0.0360989,0.0642381,0.236476,0.0809695,0.485071,27.1585,13.1738,0.685736,390.487,
0.835035,10.2062,0.0185508,0.119622,0.29373,0.146281,0.0250723,0.0683821,0.206815,0.0964396,0.522128,26.3001,13.732,0.685284,390.07,
0.837517,9.86486,0.0698965,0.110201,0.254315,0.145123,0.0518679,0.0707851,0.167274,0.105278,0.516703,26.5763,13.732,0.739976,356.695,
0.74294,8.3508,0.0549708,0.12424,0.118684,0.236218,0.0367401,0.0870058,0.0758208,0.176233,0.605814,20.1164,12.1868,0.841572,274.092,
0.697489,8.2126,0.0347144,0.0813796,0.0676741,0.267894,0.0106776,0.0456558,0.0624628,0.172636,0.508931,26.133,13.2999,0.790901,324.154,

0.628681,7.0885,0.167112,0.0802178,0.213196,0.33846,0.0983226,0.0503119,0.136438,0.235622,0.533667,22.836,12.1868,0.841519,225.281,
0.815428,8.57939,0.0867053,0.0342575,0.214434,0.158077,0.0510446,0.00895834,0.127694,0.109204,0.604922,22.9998,13.9131,0.834222,275.76,
0.700632,8.74514,0.070295,0.12755,0.193033,0.261897,0.0304593,0.0575691,0.113562,0.185834,0.472415,31.1776,14.7288,0.701278,353.774,
0.766307,9.18643,0.0450987,0.0735983,0.16307,0.196935,0.0220882,0.0596471,0.0957762,0.134169,0.564194,26.7015,15.0648,0.787694,351.688,
0.487349,10.9243,0.168646,0.159203,0.218858,0.537883,0.10216,0.11579,0.149406,0.43553,0.353806,45.1622,15.9787,0.587285,702.125,
0.731619,7.07736,0.0668659,0.0844027,0.122373,0.253232,0.0346949,0.0425437,0.0961248,0.199443,0.623267,20.8296,12.9824,0.900606,224.029,

0.702787,6.65363,0.161616,0.178131,0.125613,0.226195,0.10043,0.103704,0.0542754,0.123177,0.526765,19.7713,10.4148,0.74519,168.543,
0.697154,7.78815,0.0427189,0.140054,0.184159,0.268681,0.0297882,0.0734378,0.105806,0.183046,0.552111,22.1968,12.2551,0.734606,261.993,
0.590637,7.84495,0.0948292,0.12862,0.187479,0.391674,0.0462618,0.0598936,0.100851,0.289306,0.422266,30.1297,12.7228,0.702844,317.479,

0.847463,11.6587,0.0300945,0.021686,0.0653334,0.131871,0.0181265,0.0138697,0.0440344,0.0994531,0.729503,32.5074,23.7143,0.893279,607.424,
0.909871,12.0874,0.0156091,0.0323578,0.0520551,0.0732988,0.00992577,0.0238859,0.0388233,0.0505956,0.732084,33.8959,24.8147,0.86679,646.64,
0.940631,12.3292,0.00885979,0.0301832,0.03106,0.0442977,0.0033601,0.0197157,0.0190979,0.0288503,0.763273,32.6866,24.9488,0.8694,649.977,
0.951924,11.9667,0.0114515,0.0143525,0.00663415,0.0324285,0.0100786,0.00667853,0.00777568,0.0155489,0.854531,28.6826,24.5102,0.91821,609.093,
0.956374,11.914,0.0191607,0.0249833,0.0504993,0.036598,0.0165608,0.014699,0.0381324,0.0269351,0.800044,30.8481,24.6798,0.87257,618.271,
0.917085,11.5453,0.0085725,0.0125022,0.00485602,0.0647908,0.0114484,0.00648849,0.00567746,0.0446207,0.852035,28.4856,24.2707,0.983515,586.565,

0.688546,10.9712,0.193328,0.123525,0.151481,0.263362,0.104226,0.0959497,0.0648307,0.175549,0.484442,35.8751,17.3794,0.689286,496.869,
0.676003,11.0005,0.181461,0.0940179,0.177199,0.275838,0.0973989,0.0762271,0.087268,0.179306,0.519233,35.3597,18.3599,0.672285,533.999,
0.65422,10.6409,0.183584,0.102799,0.178026,0.299081,0.0995063,0.0837897,0.0953663,0.193096,0.498317,36.1069,17.9927,0.680246,518.146,
0.59423,10.3137,0.144524,0.143754,0.175351,0.370095,0.0856423,0.0791282,0.105534,0.258909,0.444669,40.6712,18.0852,0.667893,521.901,
0.604801,10.346,0.139514,0.125827,0.168794,0.363535,0.0791324,0.0709142,0.109627,0.25433,0.466303,39.3734,18.3599,0.659894,543.594,
0.509117,10.1998,0.175375,0.246114,0.176109,0.45416,0.0922699,0.142705,0.0961066,0.321029,0.391507,46.3115,18.1313,0.653039,573.215,

0.682341,4.37779,0.0855963,0.18568,0.300049,0.268965,0.0368257,0.108791,0.190556,0.164039,0.4492,11.8571,5.32623,0.785162,64.664,
0.991472,11.76,0.0617393,0.146737,0.0974457,0.0128387,0.0395813,0.116852,0.0701588,0.0288533,0.574493,24.3222,13.973,0.707372,358.781,
0.84636,13.0268,0.0614758,0.0610402,0.0710109,0.10866,0.0441128,0.0534973,0.0418402,0.052259,0.626831,31.4574,19.7185,0.734043,572.797,

0.49328,11.1481,0.212894,0.0930517,0.259691,0.527154,0.135141,0.0466418,0.166015,0.418858,0.37049,45.4615,16.843,0.743516,726.739,
0.747468,8.39315,0.0809445,0.102484,0.140762,0.211809,0.0457287,0.0623517,0.0861031,0.141746,0.613424,25.4455,15.6089,0.821653,320.817,
0.716947,8.50516,0.0828704,0.112626,0.115188,0.246858,0.0525999,0.0713953,0.0708176,0.16844,0.632061,25.8521,16.3401,0.856325,343.762,
0.683722,8.68098,0.0780456,0.0712881,0.118797,0.288454,0.0501338,0.0432136,0.0784724,0.202211,0.527153,28.6826,15.1201,0.726838,369.21,

0.610322,8.99016,0.239137,0.130142,0.336798,0.345461,0.119992,0.0672107,0.174683,0.2349,0.381477,35.997,13.732,0.701989,365.456,
0.784765,10.8604,0.155132,0.130701,0.443652,0.147128,0.0816279,0.0717268,0.260058,0.0792747,0.417263,33.3437,13.9131,0.64487,385.063,
0.842678,12.1969,0.146243,0.0982733,0.526814,0.0855708,0.0821619,0.0531978,0.324892,0.0429691,0.33783,38.9955,13.1738,0.550637,407.592,

0.576026,11.2561,0.0483691,0.0974506,0.0473687,0.390013,0.0254646,0.0409627,0.0306342,0.262079,0.468005,41.0337,19.204,0.74078,705.88,
0.531438,10.696,0.0225287,0.16774,0.0566595,0.44133,0.0125819,0.0939685,0.0474495,0.301105,0.483054,43.1208,20.8296,0.754509,702.96,
0.517097,10.5423,0.0591739,0.186069,0.086323,0.455285,0.0371346,0.101208,0.0649615,0.309038,0.461921,42.32,19.5485,0.751051,681.266,
0.550054,10.5618,0.0031273,0.112741,0.0292132,0.430828,0.00754139,0.0568387,0.0291908,0.30033,0.448366,39.1876,17.5704,0.772499,647.891,
0.543392,11.3732,0.0895929,0.170124,0.114864,0.423299,0.044686,0.0899924,0.0785436,0.28277,0.450302,45.8998,20.6688,0.738551,743.427,

0.946175,8.13767,0.00913746,0.00865553,0.0342235,0.0369693,0.00561624,0.0113393,0.0191921,0.0179397,0.782741,20.6789,16.1862,0.992522,283.687,
0.963998,8.21845,0.00734137,0.0191002,0.0526025,0.0227322,0.00426247,0.0129902,0.0352383,0.0123569,0.814891,20.6082,16.7934,0.928336,290.362,
0.946138,8.19166,0.00700488,0.0320447,0.0188497,0.0419953,0.00585283,0.0268338,0.0141328,0.0335686,0.790795,20.9196,16.5431,0.950635,289.11,
0.906637,7.91922,0.00919238,0.0229602,0.031514,0.0754439,0.00448681,0.0183032,0.0179717,0.0511537,0.753874,21.4707,16.1862,0.930136,284.939,
0.94701,8.14248,0.0176756,0.0157938,0.0394335,0.0420982,0.00620212,0.0149763,0.0209182,0.033092,0.810679,20.2817,16.4419,0.95931,287.025,
0.93016,8.0957,0.00759044,0.00686543,0.0269983,0.0560926,0.00499357,0.00686938,0.0152242,0.0415479,0.856264,19.6124,16.7934,0.955199,284.939,

0.693361,8.88593,0.163389,0.123705,0.173029,0.251352,0.0925984,0.0619881,0.108331,0.166958,0.52486,32.3724,16.991,0.747171,386.315,
0.766493,9.04724,0.128122,0.0779171,0.138703,0.195075,0.0781505,0.0449581,0.092851,0.137851,0.645864,28.4269,18.3599,0.86176,380.892,
0.651991,9.11515,0.180367,0.151697,0.177769,0.283054,0.0995735,0.0815799,0.112595,0.184275,0.510955,37.5845,19.204,0.722321,450.145,
0.631017,8.58264,0.180051,0.16184,0.184817,0.318125,0.104701,0.0915942,0.116453,0.211215,0.51851,31.9051,16.5431,0.780569,395.91,
0.610552,8.69577,0.1846,0.150242,0.179142,0.323586,0.096237,0.0741198,0.0983032,0.209794,0.494565,35.1408,17.3794,0.700517,398.413,
0.678061,9.03128,0.181929,0.114178,0.215631,0.259247,0.0961412,0.0501673,0.125913,0.168223,0.515901,32.9346,16.991,0.74446,390.07,

0.543937,7.47208,0.15453,0.181581,0.195714,0.415104,0.0960628,0.0948863,0.13837,0.271459,0.443719,31.4905,13.973,0.835654,361.701,
0.647781,7.77059,0.0635468,0.100703,0.12269,0.310317,0.0341532,0.0622555,0.0757327,0.199548,0.486302,30.0534,14.615,0.826785,361.701,
0.453898,6.77756,0.0835407,0.28067,0.0716616,0.501158,0.0422264,0.141951,0.0468435,0.314458,0.352144,38.9955,13.732,0.736504,389.235,
0.387752,6.29118,0.129807,0.332975,0.151161,0.575804,0.0695071,0.160773,0.10214,0.370209,0.303429,42.7857,12.9824,0.690114,377.554,
0.446904,6.64459,0.0999036,0.272827,0.0572624,0.508404,0.0461926,0.138547,0.0281193,0.321885,0.322289,40.8758,13.1738,0.697669,372.965,
0.509855,6.99562,0.0457577,0.237053,0.0162977,0.45851,0.0303344,0.150148,0.00130935,0.300571,0.486302,30.0534,14.615,0.86612,370.462,

0.667245,7.69564,0.101213,0.0857664,0.114005,0.301271,0.0690753,0.0455161,0.073828,0.210916,0.591175,24.722,14.615,0.883809,297.454,
0.62355,7.70993,0.0871258,0.148092,0.106181,0.32889,0.049747,0.0782175,0.0614062,0.224114,0.513162,29.4647,15.1201,0.762599,310.804,
0.672532,7.70156,0.0818239,0.112886,0.105734,0.300456,0.0549959,0.0646925,0.0657277,0.218072,0.574675,25.1321,14.4428,0.826822,288.693,
0.681241,7.68202,0.106896,0.0819404,0.138896,0.291988,0.071555,0.0492274,0.0898218,0.211703,0.594313,23.5111,13.973,0.804935,292.865,
0.648712,7.62182,0.130062,0.0898319,0.153449,0.319408,0.078422,0.0526379,0.091973,0.227467,0.558744,26.157,14.615,0.826262,299.957,
0.665775,7.65238,0.106493,0.103424,0.108703,0.306679,0.0631561,0.0599452,0.068754,0.219615,0.572291,24.9321,14.2684,0.858257,289.11,

0.859951,11.709,0.0394764,0.0465124,0.0701723,0.110302,0.0291406,0.0288414,0.0447367,0.0685918,0.70531,28.6681,20.2199,0.839189,468.918,
0.685949,9.76296,0.0123289,0.0754363,0.0549528,0.27339,0.00842488,0.0363477,0.0263856,0.184742,0.545705,30.1297,16.4419,0.760747,404.254,
0.897196,11.1997,0.0359145,0.0282753,0.105189,0.0875136,0.0142707,0.0166566,0.0646601,0.0629195,0.627572,26.0371,16.3401,0.71329,398.413,
0.806237,9.84471,0.0401254,0.0414343,0.028885,0.1642,0.0282903,0.0288584,0.0145423,0.114516,0.659469,24.9321,16.4419,0.815884,353.774,
0.853144,11.4367,0.0393423,0.0547492,0.0952388,0.122217,0.0296389,0.0383462,0.0650331,0.0847298,0.707771,25.8118,18.2688,0.865268,448.059,
0.874004,11.2186,0.0144346,0.0236789,0.102973,0.103881,0.00886333,0.0153692,0.0623766,0.0716314,0.665327,26.9736,17.9463,0.741583,424.696,

0.855609,12.5766,0.0595215,0.168638,0.0946157,0.0984185,0.0456269,0.119959,0.058927,0.0536035,0.566249,30.6921,17.3794,0.741867,490.612,
0.884321,11.6587,0.121003,0.105222,0.0337554,0.0755465,0.080815,0.075301,0.0204723,0.0359603,0.574367,28.4489,16.3401,0.665712,399.665,
0.950818,11.1555,0.0632637,0.100785,0.139374,0.0536442,0.0461481,0.0628467,0.100389,0.0523186,0.551044,23.907,13.1738,0.710418,333.749,
0.445315,3.8931,0.149925,0.151953,0.180592,0.597404,0.109867,0.114176,0.140139,0.477201,0.388514,14.1067,5.48064,0.663782,70.0874,

0.484662,6.69744,0.249174,0.190296,0.227812,0.487959,0.130634,0.106154,0.111208,0.323093,0.37262,32.7058,12.1868,0.698053,298.706,
0.515719,6.70791,0.215081,0.156718,0.197303,0.453976,0.106503,0.0955724,0.104539,0.306409,0.410259,31.1709,12.7882,0.685488,309.97,
0.59592,7.53511,0.131062,0.145083,0.168245,0.38711,0.0744022,0.0760899,0.101673,0.276569,0.442201,32.6611,14.4428,0.67327,352.106,
0.396938,6.96,0.198829,0.438526,0.21768,0.564295,0.0924607,0.246495,0.152031,0.381334,0.277007,46.8667,12.9824,0.568155,393.407,
0.345488,6.54711,0.218062,0.476768,0.190927,0.633803,0.11333,0.282353,0.124723,0.44364,0.282312,45.9861,12.9824,0.603108,380.474,
0.284163,5.58374,0.170468,0.506945,0.131464,0.741105,0.106454,0.320149,0.0989768,0.555476,0.244858,45.3834,11.1125,0.594256,432.623,

0.731293,24.2451,0.102863,0.0343086,0.155241,0.241104,0.0642553,0.0234433,0.10693,0.173192,0.556571,63.3509,35.2593,0.579621,2007.5,
0.781748,25.5973,0.0818006,0.0710844,0.187,0.203256,0.0601726,0.0518053,0.132043,0.152698,0.507878,62.3553,31.6689,0.50705,2002.08,
0.751484,24.3033,0.0643769,0.0662208,0.202437,0.228726,0.0481029,0.0684336,0.146237,0.17124,0.446343,62.1408,27.7361,0.497892,1803.08,

0.645958,3.99479,0.107881,0.223178,0.0228397,0.315719,0.0752937,0.18443,0.0240152,0.229099,0.447214,11.9098,5.32623,0.754454,60.9093,
0.546044,8.57562,0.135621,0.0995825,0.12019,0.447963,0.084963,0.0495664,0.0708094,0.332996,0.382615,27.8412,10.6525,0.661028,326.657,
0.499861,7.60665,0.204592,0.138539,0.22418,0.495058,0.111422,0.072093,0.139885,0.354664,0.37913,27.2582,10.3344,0.545174,256.987,

0.675643,13.3885,0.0589681,0.094415,0.2259,0.325259,0.049862,0.0598878,0.156072,0.250963,0.475964,35.2829,16.7934,0.666241,640.799,
0.767157,16.4761,0.0933161,0.0845161,0.0880421,0.19331,0.0563573,0.0521371,0.0612126,0.129482,0.634119,44.4922,28.2133,0.671336,915.308,
0.749393,16.8827,0.0987093,0.0857996,0.0674749,0.224031,0.0773867,0.0658426,0.0512543,0.167044,0.621546,44.0398,27.3728,0.672688,1050.89,

0.787679,16.281,0.179469,0.112692,0.378804,0.180271,0.115918,0.086987,0.269471,0.125095,0.43563,41.1961,17.9463,0.54275,716.31,
0.501191,15.1034,0.105848,0.173658,0.156798,0.528871,0.0689661,0.107651,0.103901,0.434253,0.357313,52.6399,18.8089,0.493445,942.008,
0.862256,7.31942,0.029291,0.02839,0.244724,0.11229,0.0273683,0.00540674,0.17537,0.0762775,0.470679,16.4673,7.7508,0.719708,144.764,
0.369805,7.4743,0.109784,0.29155,0.0489399,0.690997,0.0958024,0.198393,0.0114058,0.565363,0.317632,33.5371,10.6525,0.531737,321.234,
0.392501,7.41911,0.199573,0.307197,0.0813248,0.64412,0.14314,0.190325,0.0381505,0.508676,0.280576,33.5184,9.40445,0.555675,313.307,

0.898709,29.6803,0.0582771,0.0854968,0.120744,0.0855731,0.0417692,0.0605633,0.082367,0.0641841,0.57839,66.3299,38.3645,0.60577,2506.88,
0.912438,32.2006,0.00758424,0.035999,0.0470732,0.0728239,0.00503537,0.0255127,0.0335465,0.0545243,0.710171,72.0287,51.1527,0.660523,3049.22,
0.627695,19.5574,0.0103556,0.09042,0.0294694,0.340481,0.0143267,0.0492344,0.0224285,0.239512,0.490122,61.6995,30.2403,0.615114,1560.28,

0.693654,8.17047,0.0444569,0.10078,0.0673021,0.279915,0.0278703,0.0700137,0.0655644,0.205371,0.600694,23.2614,13.973,0.901164,276.178,
0.836336,8.1322,0.0672653,0.146585,0.115112,0.120164,0.0369527,0.0865623,0.0672014,0.0763179,0.604791,22.2999,13.4868,0.8402,229.87,
0.591856,9.52572,0.132511,0.0446781,0.240015,0.382614,0.0682176,0.0254019,0.14744,0.268598,0.436075,35.548,15.5016,0.765192,502.293,
0.705497,9.23985,0.0706969,0.120567,0.115321,0.263163,0.0356399,0.0698254,0.0706808,0.180922,0.607952,29.8235,18.1313,0.820401,437.212,
0.740415,9.31016,0.036831,0.0927336,0.0971689,0.229193,0.0192319,0.054162,0.0629581,0.160913,0.617908,30.4396,18.8089,0.823727,468.918,
0.896781,9.70752,0.0282766,0.0386957,0.0828169,0.0483017,0.0172934,0.0166593,0.0435138,0.0093972,0.742655,24.722,18.3599,0.874414,383.395,

0.71522,10.7117,0.058714,0.0577609,0.0634548,0.254197,0.034123,0.036425,0.0502032,0.177001,0.643038,31.2511,20.0957,0.856223,500.624,
0.752725,10.3812,0.0626063,0.0537365,0.0669343,0.224399,0.0448846,0.0415837,0.0431727,0.163393,0.665916,27.2276,18.1313,0.807928,453.899,
0.692159,9.91405,0.093234,0.0589351,0.0801678,0.279943,0.0570943,0.0382548,0.0508781,0.199758,0.583999,29.0942,16.991,0.790948,438.046,
0.698117,10.4718,0.110627,0.0559354,0.103275,0.268945,0.0693304,0.0330039,0.067219,0.185539,0.591553,31.0368,18.3599,0.734951,489.777,
0.539951,9.16902,0.119277,0.230137,0.105628,0.427264,0.0662719,0.145021,0.0713436,0.291506,0.44466,38.7594,17.2348,0.750952,500.624,
0.523233,8.97934,0.136741,0.169895,0.116238,0.456507,0.0872485,0.102654,0.0745166,0.316146,0.437587,35.548,15.5553,0.710262,469.335,

0.726292,5.03218,0.0833923,0.0756293,0.0261072,0.243995,0.0614979,0.0369873,0.0224755,0.174207,0.517061,12.7391,6.58691,0.797472,89.278,
0.854797,5.87573,0.114411,0.0629333,0.129116,0.126097,0.093254,0.0455499,0.0776358,0.094587,0.578655,13.5793,7.85771,0.789936,103.88,
0.519474,4.01555,0.118777,0.145682,0.118695,0.479237,0.0670887,0.0919408,0.0787834,0.353245,0.389163,13.6864,5.32623,0.753965,76.3452,

0.396265,7.12322,0.155407,0.283698,0.10619,0.607156,0.0933506,0.167824,0.0653856,0.418271,0.315837,41.1048,12.9824,0.678132,502.71,
0.449073,7.77694,0.241951,0.202912,0.150038,0.569905,0.146634,0.133064,0.118644,0.420699,0.34314,38.7594,13.2999,0.628409,438.881,
0.411409,7.49282,0.185721,0.238135,0.0850715,0.598219,0.106779,0.14475,0.0544733,0.418042,0.310999,41.7443,12.9824,0.633336,467.249,

0.636352,4.98498,0.0489482,0.1342,0.110446,0.322984,0.0161451,0.0989827,0.054493,0.231625,0.548559,15.0787,8.27156,0.890578,113.892,
0.42587,7.70798,0.271394,0.266021,0.289905,0.58297,0.157884,0.1676,0.190295,0.428875,0.307892,37.993,11.6977,0.665476,416.352,
0.801369,8.83801,0.127865,0.11297,0.346284,0.120432,0.0759279,0.0837718,0.221793,0.0535762,0.484693,28.3314,13.732,0.735771,330.829,
0.678432,7.7911,0.0676246,0.0869499,0.0664447,0.301755,0.0365408,0.0540491,0.0358124,0.223993,0.625977,25.1901,15.7684,0.866385,337.504,

0.648961,7.129,0.127507,0.138602,0.0673203,0.333527,0.0757067,0.0780246,0.0556227,0.245552,0.475106,22.4212,10.6525,0.769231,217.354,
0.47094,6.98533,0.131889,0.243584,0.0643352,0.505041,0.0668006,0.134751,0.0264464,0.34663,0.387949,32.7949,12.7228,0.714649,320.817,
0.428048,7.03699,0.0730306,0.332624,0.0818043,0.526131,0.0479898,0.172224,0.0713638,0.334051,0.329195,39.4369,12.9824,0.619176,341.259,
0.702959,8.12225,0.113628,0.074063,0.300377,0.228155,0.0602258,0.0290303,0.192637,0.119482,0.545342,23.6879,12.918,0.847174,265.748,

0.497509,5.83406,0.274519,0.316043,0.205341,0.454346,0.149531,0.180125,0.111464,0.294821,0.420181,24.5951,10.3344,0.621097,193.575,
0.531713,4.68078,0.023566,0.1198,0.0368201,0.459947,0.00645677,0.0602145,0.0423835,0.329069,0.525226,17.3914,9.13441,0.91647,149.353,
0.340396,3.60701,0.0797727,0.393941,0.0803221,0.721587,0.0774904,0.274181,0.0919815,0.5812,0.35511,18.1887,6.459,0.699427,121.819,

0.37863,7.24917,0.219048,0.356406,0.20902,0.614643,0.113881,0.207557,0.104719,0.432171,0.366824,39.8421,14.615,0.654887,463.077,
0.339357,6.66791,0.262542,0.379769,0.182264,0.672228,0.14354,0.216936,0.0754799,0.491502,0.363926,36.1992,13.1738,0.707222,381.309,
0.334479,7.83961,0.22308,0.513106,0.208066,0.698106,0.141142,0.320258,0.102598,0.536163,0.291515,44.5343,12.9824,0.554313,487.691,

0.568382,7.4754,0.14339,0.181721,0.313748,0.411349,0.0759861,0.13011,0.236199,0.293266,0.411597,29.7745,12.2551,0.751804,314.559,
0.496456,4.1981,0.160704,0.198167,0.129361,0.491795,0.0938211,0.132957,0.0660413,0.358246,0.416463,17.5466,7.30752,0.799118,112.64,
0.491194,6.14337,0.140016,0.236632,0.158853,0.50259,0.0605433,0.134087,0.101124,0.366903,0.313468,26.3872,8.27156,0.695327,205.256,

0.977994,10.1354,0.0496537,0.0452796,0.0747173,0.01765,0.0337129,0.0396041,0.048132,0.0208778,0.750616,23.1535,17.3794,0.805437,346.265,
0.963106,10.247,0.017981,0.0522221,0.0752261,0.034427,0.00444067,0.0356016,0.0519346,0.0324974,0.784465,23.4044,18.3599,0.829873,370.462,
0.910256,10.2349,0.0266212,0.0442823,0.0689132,0.0680401,0.0169957,0.0229218,0.0407933,0.0440382,0.700558,25.6171,17.9463,0.785218,393.407,
0.84935,8.67872,0.0255787,0.0520901,0.0924215,0.125951,0.0146451,0.0312186,0.060684,0.0905025,0.694643,22.3933,15.5553,0.828805,284.104,
0.949419,10.0402,0.040054,0.0693088,0.0230831,0.0427133,0.0236901,0.039725,0.0143033,0.0353367,0.702347,25.5519,17.9463,0.805561,365.038,
0.858681,10.0109,0.00893239,0.0263294,0.0741792,0.108579,0.00293984,0.0103901,0.0451539,0.069027,0.668014,26.8651,17.9463,0.874057,397.162,

0.672043,8.10039,0.0673,0.117265,0.0656023,0.271231,0.044431,0.0632116,0.0511378,0.16669,0.523424,27.5929,14.4428,0.852934,322.485,
0.306188,6.85534,0.280103,0.455377,0.202922,0.715598,0.17865,0.279003,0.124785,0.534653,0.312437,46.7776,14.615,0.679256,472.673,
0.546145,7.02881,0.0868141,0.157274,0.112893,0.427533,0.0555055,0.0912317,0.0836055,0.288849,0.508491,27.4792,13.973,0.826993,330.412,
0.284638,6.47756,0.314365,0.488813,0.229071,0.735742,0.184931,0.292817,0.123599,0.543374,0.289981,46.5093,13.4868,0.683826,435.126,
0.579039,7.18856,0.0788405,0.159844,0.081856,0.385631,0.0530149,0.0922543,0.0632625,0.252821,0.590115,26.6311,15.7154,0.895257,356.695,
0.357535,6.49474,0.237711,0.387785,0.167099,0.634144,0.13321,0.216033,0.0932573,0.431911,0.35932,37.0141,13.2999,0.734872,364.204,

0.830781,8.77217,0.041138,0.0494426,0.16249,0.14689,0.0202578,0.0321486,0.110071,0.104763,0.733632,22.8908,16.7934,0.879387,332.915,
0.327786,7.77537,0.130626,0.415865,0.119388,0.697064,0.0645967,0.256992,0.0785954,0.511461,0.316692,46.1491,14.615,0.768024,609.927,
0.266954,7.38317,0.222341,0.49279,0.139302,0.78896,0.121787,0.319932,0.0549568,0.634872,0.244828,53.0268,12.9824,0.688919,647.474,

0.493898,9.22244,0.151868,0.144545,0.171395,0.497386,0.0690518,0.0678446,0.0980815,0.364451,0.328275,47.2214,15.5016,0.642947,539.84,
0.512858,8.85394,0.0232881,0.118117,0.0684969,0.493015,0.0122453,0.0585366,0.0506912,0.369196,0.405142,39.9519,16.1862,0.742447,511.888,
0.476914,8.63571,0.0799122,0.139327,0.0543645,0.529931,0.0438881,0.0692616,0.0588407,0.395876,0.414588,39.6585,16.4419,0.744024,527.741,
0.398672,8.02657,0.151053,0.255333,0.0802256,0.5923,0.0731183,0.128342,0.052502,0.425039,0.286248,54.9015,15.7154,0.563194,572.797,
0.365334,8.25069,0.146094,0.377457,0.129491,0.618108,0.084195,0.204022,0.124526,0.42967,0.292777,53.8581,15.7684,0.564201,568.626,
0.327404,7.54168,0.158267,0.439152,0.126774,0.686159,0.0903589,0.273778,0.083482,0.509563,0.295487,52.4612,15.5016,0.610591,562.368,

0.851404,9.08192,0.0171116,0.0562006,0.0984183,0.120212,0.00946722,0.0384253,0.0638246,0.0861849,0.673845,26.7015,17.9927,0.900493,381.309,
0.650902,10.2242,0.054633,0.110785,0.173527,0.266612,0.0092075,0.0492885,0.10641,0.139936,0.507638,38.2556,19.42,0.720535,613.265,
0.666281,7.82118,0.0600596,0.0786117,0.161013,0.327505,0.0357089,0.0634186,0.104417,0.251094,0.494498,23.5111,11.6262,0.801114,296.203,
0.897906,6.51424,0.0242188,0.0493227,0.0586081,0.0761517,0.014221,0.0433538,0.0431803,0.0429143,0.703042,18.0967,12.7228,1.00056,178.139,
0.582615,8.50946,0.147277,0.185315,0.276423,0.341382,0.0505745,0.093228,0.18524,0.218335,0.404061,36.4519,14.7288,0.71762,378.806,
0.641226,8.4974,0.0847901,0.0917295,0.117874,0.361279,0.0409636,0.0848917,0.0628642,0.283713,0.445933,30.7939,13.732,0.753868,385.898,

0.828392,8.38479,0.0561809,0.0391028,0.061,0.136032,0.0364134,0.0322285,0.0358975,0.0860119,0.685994,23.8196,16.3401,0.864723,329.995,
0.583803,7.8582,0.170209,0.141527,0.15929,0.345094,0.082541,0.0529108,0.0756486,0.216468,0.446826,34.6927,15.5016,0.750028,352.94,
0.812165,7.71699,0.0257586,0.0221437,0.0392315,0.153674,0.0175433,0.0194908,0.0268453,0.102753,0.723241,20.8296,15.0648,0.970937,273.257,
0.78544,7.5869,0.0364918,0.0360619,0.0175396,0.185196,0.0315653,0.0306129,0.0132725,0.133732,0.739709,21.029,15.5553,0.958132,279.932,
0.678293,7.6094,0.114089,0.113817,0.128678,0.27322,0.0638764,0.0537718,0.0701118,0.182869,0.619148,25.1238,15.5553,0.852708,297.871,
0.771759,8.09602,0.0235051,0.00402241,0.0743283,0.194302,0.00969461,0.00783279,0.0463565,0.134353,0.657596,24.8483,16.3401,0.908278,324.571,

0.439118,5.44807,0.0738535,0.264638,0.0892315,0.562248,0.0417495,0.171041,0.0628327,0.400215,0.411063,23.9332,9.83806,0.813295,208.176,
0.343046,5.70542,0.0879524,0.415455,0.0890696,0.688342,0.0525495,0.281173,0.0691779,0.519371,0.3363,31.6755,10.6525,0.694932,306.632,
0.598446,7.20175,0.189441,0.179645,0.266824,0.359896,0.11871,0.116315,0.166876,0.239786,0.516979,23.5731,12.1868,0.772867,243.22,

0.486936,9.86094,0.129742,0.188195,0.17164,0.546389,0.0801333,0.135074,0.133968,0.449847,0.306786,34.7228,10.6525,0.566016,435.543,
0.833839,11.5793,0.0672534,0.0391536,0.228964,0.130214,0.0316356,0.018216,0.144027,0.0843847,0.595913,28.9216,17.2348,0.790497,437.629,
0.73468,12.8792,0.0870226,0.104818,0.131622,0.22444,0.0594813,0.0655709,0.105778,0.148713,0.569087,35.5304,20.2199,0.790321,623.694,
0.798128,6.04057,0.218121,0.112362,0.173182,0.166106,0.166902,0.0885795,0.124764,0.108947,0.371391,14.3413,5.32623,0.575598,98.4561,

0.992455,15.6951,0.0161067,0.0297595,0.0300187,0.00190526,0.0130262,0.0170254,0.0195751,0.00906946,0.804497,35.4716,28.5368,0.868022,850.644,
0.944452,13.6672,0.0314851,0.0284182,0.0397143,0.0526006,0.0220883,0.0199318,0.027419,0.0469707,0.713064,31.0099,22.1121,0.769635,627.866,
0.89795,13.4339,0.0129971,0.0185323,0.0119613,0.0829825,0.00972687,0.00873387,0.0101039,0.0555797,0.787535,33.8158,26.6311,0.847379,720.482,
0.986306,13.8034,0.00791762,0.01709,0.0338814,0.0130203,0.00354216,0.00806171,0.0197374,0.00821187,0.767962,31.0167,23.8196,0.827189,639.13,

0.554903,10.819,0.0385537,0.142698,0.0382444,0.416546,0.0199862,0.0739271,0.0214958,0.284919,0.482098,40.9013,19.7185,0.777654,688.358,
0.547962,10.7561,0.0375138,0.154471,0.0275246,0.422181,0.0150418,0.0864722,0.0147933,0.284848,0.494644,40.7941,20.1786,0.774838,675.843,
0.58077,11.1369,0.0143123,0.120368,0.0388545,0.38974,0.0111905,0.0658855,0.0373582,0.265206,0.498325,39.4845,19.6761,0.769003,683.769,
0.520321,10.0301,0.0562325,0.189187,0.0626072,0.456957,0.0335786,0.104519,0.0465859,0.313489,0.46731,39.2886,18.3599,0.793293,619.522,
0.568755,11.014,0.053021,0.142913,0.0445291,0.39887,0.0288119,0.0760755,0.0276476,0.270024,0.466647,41.5239,19.377,0.718629,678.763,

0.294488,6.51849,0.176374,0.480018,0.13908,0.726629,0.091095,0.302106,0.0663299,0.525719,0.26088,48.7687,12.7228,0.63491,510.637,
0.424292,5.93468,0.091077,0.284542,0.0765589,0.566661,0.0421668,0.171686,0.0398022,0.396066,0.396288,30.0534,11.9098,0.742389,297.454,
0.221943,5.9804,0.0573881,0.615015,0.0269801,0.841862,0.0234425,0.447088,0.0146301,0.704364,0.223843,54.4437,12.1868,0.597781,543.594,
0.478035,5.76924,0.0449416,0.255767,0.0162037,0.493091,0.0169966,0.149036,0.00853596,0.330022,0.449492,27.1124,12.1868,0.794582,254.484,
0.655198,6.3467,0.0576309,0.100356,0.0426275,0.302874,0.027835,0.0614595,0.0122612,0.201445,0.622072,20.8697,12.9824,0.866705,236.545,
0.383994,6.09995,0.0489765,0.343703,0.0474256,0.602493,0.0166412,0.1943,0.0207118,0.41598,0.332572,38.2556,12.7228,0.649192,357.529,

0.294525,6.30331,0.140435,0.4868,0.10999,0.719023,0.0774094,0.293078,0.0637357,0.518815,0.260432,44.6419,11.6262,0.631917,437.212,
0.331117,6.33713,0.0645856,0.439671,0.0456214,0.671537,0.0408006,0.26869,0.0341233,0.480171,0.292537,40.7122,11.9098,0.638166,389.235,
0.331687,6.34842,0.143138,0.396104,0.11023,0.699225,0.083491,0.250653,0.0500432,0.537302,0.30127,39.532,11.9098,0.694975,387.567,
0.312284,6.35144,0.104492,0.430508,0.0692153,0.727324,0.0533905,0.282622,0.0320921,0.574455,0.284144,40.9166,11.6262,0.585385,402.168,
0.293843,6.41852,0.0743364,0.461176,0.0440179,0.765106,0.0338943,0.320184,0.0128647,0.625459,0.280205,39.6585,11.1125,0.617979,405.923,
0.392824,5.81272,0.0860576,0.305669,0.0620302,0.615968,0.0523239,0.19127,0.0314282,0.450247,0.35186,30.2747,10.6525,0.746842,284.521,

0.901214,10.2919,0.0521499,0.0788043,0.105931,0.0912035,0.0388799,0.0454863,0.0745762,0.0732487,0.656865,25.6415,16.843,0.781273,415.935,
0.72355,8.20626,0.0958993,0.100694,0.119023,0.235406,0.0598142,0.0531541,0.0900003,0.162636,0.596106,26.3635,15.7154,0.81598,311.221,
0.834754,8.46792,0.0590824,0.0263487,0.0815494,0.15073,0.0378723,0.00847988,0.0670869,0.117528,0.685994,21.9606,15.0648,0.862697,291.614,
0.92808,10.4853,0.068204,0.103166,0.0336103,0.0454928,0.034798,0.064537,0.0120357,0.0251467,0.676321,26.7406,18.0852,0.738035,415.101,
0.910126,10.7157,0.050826,0.0673422,0.0076954,0.0748467,0.0264423,0.0419839,0.0105597,0.0567546,0.727376,27.0508,19.6761,0.828734,430.537,
0.741148,9.90138,0.0849716,0.064276,0.0715589,0.220445,0.0536999,0.0408178,0.041637,0.146265,0.568917,29.8655,16.991,0.767682,443.052,

0.666834,9.59434,0.0934719,0.115551,0.0864105,0.269881,0.0442472,0.0548897,0.0514733,0.174203,0.499722,38.7755,19.377,0.764061,508.134,
0.80845,10.6579,0.0205438,0.0541572,0.091634,0.162465,0.0105844,0.0287385,0.0565468,0.114482,0.686977,31.9116,21.9226,0.847549,555.276,
0.741141,10.3952,0.0489266,0.0665571,0.0886403,0.21968,0.023379,0.0327452,0.0628755,0.147194,0.605783,34.3847,20.8296,0.875384,552.773,
0.595348,9.36707,0.0935706,0.187392,0.0814063,0.352807,0.0430768,0.098799,0.0517191,0.23171,0.478355,41.2214,19.7185,0.766377,554.441,

0.70188,4.66389,0.106659,0.0834666,0.107418,0.264458,0.0426513,0.0738814,0.068607,0.170053,0.51778,12.4744,6.459,0.809286,85.1061,
0.580398,5.5969,0.102767,0.106772,0.0834884,0.411731,0.0579564,0.0682971,0.0387638,0.308529,0.50094,18.2345,9.13441,0.79552,153.108,
0.630948,6.51033,0.156362,0.0452372,0.151655,0.332062,0.0991301,0.0168606,0.103455,0.226464,0.471808,22.0743,10.4148,0.761554,191.489,

0.696751,9.86235,0.0754432,0.0431536,0.111476,0.278501,0.040969,0.0288391,0.0699218,0.204018,0.582072,31.0704,18.0852,0.829201,466.832,
0.821326,10.9978,0.1181,0.0678826,0.214675,0.172076,0.0694324,0.0460635,0.145149,0.14699,0.602715,28.5952,17.2348,0.804251,443.47,
0.76175,10.5282,0.110472,0.0580668,0.155314,0.223029,0.0677414,0.0392348,0.101113,0.175464,0.617796,29.7184,18.3599,0.83365,456.402,
0.700969,9.74721,0.0977467,0.0787967,0.12993,0.273547,0.0582696,0.0427236,0.0838645,0.203665,0.616053,29.8025,18.3599,0.806351,438.463,

0.47237,8.37855,0.122479,0.247936,0.150634,0.503007,0.0642866,0.142567,0.085589,0.351046,0.422693,42.7857,18.0852,0.708363,493.115,
0.490873,8.46877,0.12936,0.241343,0.149827,0.478012,0.0735723,0.142419,0.090005,0.322487,0.441726,41.3578,18.2688,0.718148,497.704,
0.462339,7.88483,0.15305,0.258771,0.0922142,0.513854,0.0880534,0.150646,0.0334471,0.350353,0.462729,35.3125,16.3401,0.848488,433.457,

0.780643,8.28692,0.0405379,0.120827,0.198513,0.195492,0.0182277,0.07509,0.105641,0.150047,0.51778,24.9488,12.918,0.732701,301.626,
0.715169,7.95183,0.0838125,0.0237275,0.191354,0.280422,0.0411727,0.0206274,0.108553,0.229341,0.501233,24.3137,12.1868,0.738136,299.957,
0.789705,7.90161,0.0826631,0.0525457,0.179803,0.188494,0.0427489,0.0410652,0.083086,0.156835,0.491561,22.6065,11.1125,0.780972,247.392,

0.657741,8.15572,0.0924039,0.108456,0.135178,0.289054,0.0471778,0.0614259,0.0787591,0.184723,0.494678,29.7745,14.7288,0.832613,334.167,
0.613106,7.64197,0.0735008,0.126775,0.103933,0.338842,0.0378388,0.0737497,0.0614254,0.219548,0.46135,30.1574,13.9131,0.826777,324.154,
0.605892,8.09702,0.113802,0.149623,0.161012,0.335816,0.0516571,0.0874682,0.0965255,0.209645,0.461012,33.7417,15.5553,0.750106,388.818,
0.796763,9.77264,0.130189,0.155462,0.342901,0.172458,0.0741135,0.104327,0.216912,0.11961,0.464937,30.0534,13.973,0.726887,340.842,

0.3973,9.2977,0.0335085,0.250053,0.067926,0.648274,0.020914,0.159478,0.0495585,0.515139,0.414355,46.7642,19.377,0.755728,781.391,
0.431846,10.1453,0.0905081,0.157262,0.0447074,0.62144,0.0576229,0.0974291,0.0287431,0.50446,0.396921,46.9379,18.6306,0.747057,766.372,
0.832022,7.70321,0.0455332,0.0388535,0.142511,0.125678,0.0257233,0.028903,0.0906893,0.0697355,0.588011,22.9363,13.4868,0.871567,261.159,
0.746482,6.93829,0.0378438,0.0804198,0.199639,0.215697,0.0281855,0.0544429,0.136892,0.139996,0.560435,19.0075,10.6525,0.883846,196.495,

0.902658,8.51101,0.0136243,0.0319641,0.0558079,0.0764862,0.0116771,0.0280687,0.0303749,0.0477036,0.745069,23.2614,17.3313,0.848357,332.081,
0.879679,8.36887,0.00981534,0.0191344,0.0349086,0.0929064,0.00653661,0.0197505,0.0172364,0.0546246,0.781289,21.558,16.843,0.883082,328.743,
0.795302,8.22121,0.014794,0.0290233,0.0433113,0.171081,0.00865048,0.019905,0.0300143,0.112112,0.681799,24.1155,16.4419,0.906093,343.345,
0.782641,8.18325,0.0233314,0.0428344,0.0608397,0.182161,0.0147919,0.0277817,0.0391755,0.121107,0.681499,23.9767,16.3401,0.926301,328.743,
0.905599,8.64032,0.0074336,0.0134597,0.0375407,0.0740389,0.00390771,0.0111279,0.0232405,0.0461932,0.804571,21.1181,16.991,0.972344,314.142,

0.800412,9.63888,0.0436117,0.0646298,0.159831,0.145956,0.0209713,0.0439127,0.093863,0.0836754,0.591169,31.057,18.3599,0.775558,430.537,
0.665661,8.30521,0.0196705,0.144511,0.0728871,0.281442,0.00617792,0.0820755,0.0462851,0.179738,0.576656,29.4647,16.991,0.89967,395.076,
0.706228,8.4589,0.00878782,0.0737074,0.138429,0.25021,0.0126304,0.0464288,0.090755,0.165123,0.632456,25.2645,15.9787,0.916439,350.02,
0.780876,8.92279,0.0267827,0.0896342,0.0618646,0.182033,0.0206796,0.0589694,0.04193,0.120577,0.712645,26.764,19.0732,0.896182,429.285,
0.893787,8.65993,0.032973,0.0582909,0.140474,0.096419,0.0189411,0.0376336,0.0952437,0.0735476,0.755468,18.4958,13.973,0.894525,243.637,

0.93883,9.96139,0.0432227,0.0111775,0.0351425,0.0464556,0.0290142,0.00128307,0.0241621,0.0325235,0.794394,26.0691,20.7091,0.899247,431.788,
0.918459,9.52948,0.0318532,0.0119974,0.0103269,0.069623,0.0185589,0.0113805,0.00685846,0.0533974,0.775738,24.7558,19.204,0.920602,395.91,
0.840245,9.05732,0.0629975,0.0169435,0.0426207,0.134806,0.0393969,0.0156577,0.0221178,0.0989294,0.649227,28.1393,18.2688,0.823258,391.738,
0.839347,9.12261,0.0410371,0.0605205,0.0102289,0.137268,0.0218528,0.0454734,0.00479012,0.101144,0.623648,31.0704,19.377,0.801091,420.107,
0.886568,9.29093,0.0333915,0.0300291,0.014759,0.102895,0.0156029,0.025091,0.0169473,0.0820667,0.745356,25.997,19.377,0.834204,414.267,
0.929245,9.39514,0.0339617,0.0265703,0.0610402,0.0361064,0.0173008,0.024741,0.0421066,0.0105596,0.743294,26.0691,19.377,0.870832,401.751,

0.578625,9.96787,0.107588,0.166873,0.14471,0.349726,0.0539726,0.0817527,0.0953747,0.21123,0.410214,49.1903,20.1786,0.546296,619.94,
0.645805,9.79167,0.106303,0.0809618,0.131281,0.296655,0.0540899,0.035779,0.0827453,0.183014,0.480508,40.3261,19.377,0.714386,540.674,
0.697711,10.1119,0.0625306,0.0325396,0.0637702,0.253905,0.0386181,0.0100108,0.0404315,0.16267,0.54748,35.4716,19.42,0.700421,543.594,
0.728873,10.0435,0.0381585,0.0350507,0.0359011,0.216129,0.0179908,0.00832077,0.0204462,0.128523,0.538149,36.7199,19.7607,0.702053,545.68,
0.795129,10.3289,0.043653,0.0371032,0.0738972,0.148868,0.0218141,0.016122,0.0447466,0.0845113,0.606407,33.3437,20.2199,0.667046,508.134,
0.643711,9.48721,0.0349988,0.144966,0.0330576,0.290907,0.0173715,0.076354,0.0192869,0.179618,0.494961,39.2354,19.42,0.79106,523.569,

0.490939,7.46689,0.304214,0.348555,0.322574,0.473345,0.159435,0.207527,0.211688,0.327166,0.331604,35.9158,11.9098,0.586083,299.957,
0.386483,5.98056,0.242793,0.359604,0.174259,0.583015,0.121267,0.190024,0.074542,0.40043,0.349215,34.1045,11.9098,0.673817,287.025,
0.311045,5.41563,0.174807,0.444878,0.102092,0.697163,0.0900972,0.250472,0.0543251,0.499807,0.272718,37.894,10.3344,0.600123,311.221,
0.426428,5.38505,0.131199,0.276609,0.11986,0.549165,0.0666293,0.143552,0.067608,0.375788,0.379865,28.0428,10.6525,0.780796,232.373,
0.312514,5.1669,0.141112,0.469194,0.085095,0.690417,0.0740138,0.274818,0.0322669,0.489188,0.284515,34.5783,9.83806,0.641185,256.57,
0.464753,5.82305,0.121449,0.231554,0.0820957,0.514241,0.07258,0.117607,0.0441223,0.365678,0.368154,31.7741,11.6977,0.740948,275.76,

0.744584,11.5045,0.164799,0.079459,0.30741,0.219338,0.0936804,0.0480711,0.18825,0.156245,0.405309,48.231,19.5485,0.585812,585.313,
0.808437,11.5128,0.0726758,0.100074,0.239096,0.176029,0.0509624,0.0551342,0.150872,0.133645,0.476409,40.0354,19.0732,0.657987,580.307,
0.759874,11.3887,0.0470031,0.079623,0.249936,0.223351,0.0344904,0.0448908,0.157306,0.167897,0.491803,39.3999,19.377,0.648548,579.89,
0.728295,11.1371,0.0488174,0.091983,0.225633,0.248202,0.0255111,0.0443686,0.141803,0.184732,0.489746,39.6532,19.42,0.609087,584.896,
0.744245,11.8666,0.0318335,0.087393,0.239153,0.237769,0.0144579,0.0418556,0.151569,0.177428,0.48476,40.3261,19.5485,0.551707,653.732,
0.956002,13.3321,0.102346,0.147607,0.264579,0.0240066,0.0611644,0.087604,0.167614,0.0107507,0.542173,38.4188,20.8296,0.641673,629.535,

0.857596,8.83789,0.00351988,0.0459276,0.020368,0.104314,0.00583898,0.0249878,0.0195297,0.0539558,0.734966,24.8567,18.2688,0.926919,378.388,
0.844655,8.31566,0.0239708,0.0365493,0.023117,0.113188,0.0166567,0.017868,0.0190119,0.0578655,0.729696,22.5326,16.4419,0.944854,305.798,
0.787346,8.81376,0.0254588,0.049639,0.0859537,0.165252,0.00897855,0.0236122,0.0549925,0.0960786,0.673745,27.2506,18.3599,0.906534,407.592,
0.753618,7.49776,0.0138197,0.0549449,0.0684449,0.202635,0.00726749,0.0249871,0.0483267,0.126859,0.675711,20.6789,13.973,0.941379,253.232,
0.789496,8.71344,0.0339019,0.0491843,0.090722,0.166544,0.0127804,0.0252181,0.0612703,0.101564,0.664822,27.4792,18.2688,0.898551,394.242,
0.778068,8.87893,0.0283953,0.0762419,0.094058,0.18315,0.00869518,0.04066,0.0542601,0.119994,0.629887,29.5777,18.6306,0.850605,420.941,

0.690505,5.53972,0.0540269,0.0744018,0.0646803,0.272065,0.0396102,0.0387514,0.0555224,0.183063,0.541491,21.4707,11.6262,0.796219,196.495,
0.714205,5.64003,0.0229887,0.0796293,0.0500779,0.230107,0.0172039,0.0439976,0.0354726,0.143483,0.504844,21.7122,10.9613,0.814447,171.881,
0.62797,5.51465,0.126284,0.136767,0.150118,0.276001,0.0564063,0.0625535,0.0872028,0.135671,0.472648,23.5111,11.1125,0.830793,196.078,
0.563201,5.68812,0.180772,0.185784,0.185439,0.31958,0.0775837,0.0710254,0.078785,0.156087,0.409127,26.0371,10.6525,0.724288,197.329,

