0.720294,13.8315,0.0725945,0.0969775,0.120254,0.257339,0.0367252,0.0489603,0.0616956,0.203278,0.501299,47.3758,23.7495,0.660514,882.767,
0.702472,12.3519,0.0763339,0.0905469,0.117849,0.265209,0.0401829,0.0404184,0.0784679,0.197027,0.550382,40.1758,22.1121,0.744162,654.983,
0.812414,13.6914,0.0328409,0.0352583,0.118388,0.167621,0.0215109,0.0276658,0.0850056,0.130093,0.691711,38.9955,26.9736,0.841553,856.067,

0.916747,9.31763,0.0115619,0.0298756,0.0440387,0.0646119,0.00876102,0.0257661,0.0254637,0.038599,0.713988,25.7146,18.3599,0.841399,406.34,
0.663047,8.72236,0.0151922,0.0910415,0.199395,0.330812,0.0115864,0.0573202,0.147472,0.258761,0.482329,26.5134,12.7882,0.78286,318.731,
0.914761,11.0863,0.0343322,0.0705682,0.0490104,0.0481538,0.0159582,0.046009,0.0316072,0.0335192,0.719588,27.1662,19.5485,0.912184,434.709,

0.538152,13.0254,0.247295,0.178891,0.366354,0.467693,0.170669,0.118249,0.259153,0.361363,0.435814,41.9189,18.2688,0.607026,705.88,
0.574263,15.0758,0.198217,0.187699,0.322399,0.418833,0.146201,0.128455,0.22311,0.311959,0.438142,50.0354,21.9226,0.577096,988.316,
0.674685,11.6219,0.065369,0.0335943,0.0383431,0.283224,0.0396861,0.0155506,0.0387493,0.180866,0.546304,35.548,19.42,0.739949,633.29,
0.968184,13.3753,0.0666978,0.0638737,0.0348958,0.0275867,0.0384343,0.0411277,0.0192748,0.021815,0.682928,31.7084,21.6545,0.765068,567.791,

0.557901,8.52276,0.0822775,0.118481,0.168514,0.377875,0.02526,0.0368518,0.0858222,0.224032,0.468521,34.1045,15.9787,0.757331,439.715,
0.786744,8.47112,0.0205515,0.039379,0.0296988,0.167912,0.00704945,0.0273321,0.0303783,0.100388,0.668562,24.2105,16.1862,0.917722,337.087,
0.452128,5.08658,0.0727595,0.225441,0.137183,0.563785,0.0447251,0.126697,0.109016,0.43436,0.378513,20.7594,7.85771,0.726742,139.758,

0.779702,9.24543,0.0654146,0.0470292,0.103301,0.175704,0.035637,0.0296743,0.0655917,0.110976,0.674877,24.9572,16.843,0.848606,357.946,
0.711098,9.06841,0.0795901,0.0676251,0.0985,0.248076,0.0456365,0.0309542,0.0575787,0.168704,0.613572,26.6311,16.3401,0.868015,351.688,
0.673259,8.80588,0.0829241,0.129081,0.138247,0.271898,0.0434999,0.0755253,0.0850506,0.167881,0.589452,27.8936,16.4419,0.843676,367.542,
0.735394,8.74443,0.0705867,0.0555127,0.101044,0.236363,0.0386223,0.0378439,0.0638331,0.170322,0.646791,24.1328,15.6089,0.878814,313.307,
0.60729,8.4248,0.127286,0.105111,0.156367,0.354452,0.0708613,0.0597691,0.0986866,0.237097,0.52264,29.8655,15.6089,0.814645,378.388,

0.290852,4.24482,0.106893,0.479192,0.0656732,0.742361,0.045659,0.309159,0.0152884,0.560595,0.276961,29.8655,8.27156,0.710907,216.937,
0.20636,4.83345,0.167947,0.666759,0.0819405,0.840792,0.0871876,0.462168,0.0362692,0.653472,0.175576,44.7539,7.85771,0.560323,339.173,
0.262266,3.80292,0.155215,0.522483,0.0789662,0.786423,0.085867,0.34009,0.0346023,0.619438,0.250812,27.7361,6.95656,0.642978,167.292,
0.205787,4.43551,0.102035,0.646428,0.0699215,0.838528,0.0538023,0.437455,0.063149,0.653479,0.182389,45.3512,8.27156,0.564956,334.584,
0.266084,4.094,0.145208,0.529597,0.0916226,0.774527,0.0497226,0.357671,0.0448731,0.604692,0.284347,27.2582,7.7508,0.670435,186.065,
0.213339,4.45454,0.0771786,0.633984,0.0614655,0.836541,0.041899,0.433386,0.0460145,0.657953,0.195684,40.155,7.85771,0.616621,315.393,

0.831862,13.31,0.0635482,0.0681769,0.0563059,0.136624,0.0428365,0.0426958,0.0325788,0.0910581,0.691851,33.8158,23.3955,0.848087,649.143,
0.865753,12.0696,0.0374054,0.0900017,0.025954,0.105857,0.0227557,0.0568804,0.0145748,0.0721846,0.65778,30.4876,20.0541,0.703528,500.624,
0.85273,12.1373,0.0177687,0.0359866,0.0404632,0.11781,0.0110116,0.0226632,0.0287974,0.0797205,0.705399,27.8936,19.6761,0.818025,507.716,
0.900775,12.7947,0.00553524,0.0814533,0.00868158,0.0747088,0.0040165,0.0516115,0.00874034,0.0487839,0.713706,30.9291,22.0743,0.864305,565.705,
0.855019,11.5652,0.0103069,0.067855,0.0478245,0.117043,0.0033698,0.0389664,0.0323064,0.0766914,0.689994,28.3314,19.5485,0.814984,460.574,
0.878999,12.6642,0.0270933,0.0656927,0.0357346,0.0938222,0.0141881,0.0377319,0.0244156,0.0606778,0.746118,30.6309,22.8543,0.823695,576.552,

0.669753,7.92787,0.194605,0.145005,0.0941527,0.289841,0.1133,0.0884338,0.0484476,0.191602,0.476014,26.8651,12.7882,0.698059,293.7,
0.690567,7.44151,0.0981758,0.118434,0.0849099,0.25428,0.054718,0.0595571,0.0403475,0.157838,0.585663,25.7227,15.0648,0.75109,292.448,
0.574385,6.85261,0.119794,0.214353,0.175613,0.377763,0.0708649,0.117359,0.0992294,0.238258,0.513191,27.2276,13.973,0.842343,274.509,
0.535741,6.80307,0.0686903,0.250553,0.0958663,0.410238,0.0422243,0.132774,0.0618812,0.261842,0.435788,33.5371,14.615,0.705334,324.571,

0.960471,9.53004,0.0129456,0.0184406,0.0157145,0.0322361,0.00626037,0.0224496,0.00711688,0.0244961,0.81271,24.2105,19.6761,0.942353,396.745,
0.910149,9.40435,0.0122803,0.0124975,0.00733468,0.0758501,0.00793793,0.00850143,0.00604468,0.057701,0.83198,23.3419,19.42,0.960835,394.659,
0.983493,9.63058,0.0122571,0.0207575,0.00749193,0.018439,0.00891262,0.0121297,0.0020681,0.0212143,0.867933,23.1535,20.0957,0.986103,396.745,
0.950001,9.50071,0.00274222,0.0081754,0.00426041,0.0397667,0.00223814,0.007069,0.00469101,0.0295356,0.836048,24.722,20.6688,0.933423,428.451,
0.930243,9.32605,0.0060834,0.0243142,0.00779346,0.0531178,0.005839,0.0183576,0.0049113,0.0316341,0.815326,24.1328,19.6761,0.957302,407.592,

0.681998,6.54464,0.0462937,0.111361,0.0734988,0.273205,0.03184,0.0719156,0.0448707,0.182484,0.565685,19.6443,11.1125,0.830297,181.893,
0.707458,8.9174,0.218614,0.248654,0.310117,0.239325,0.130717,0.161365,0.216072,0.140987,0.508164,25.4209,12.918,0.69076,269.503,
0.621081,8.29579,0.136766,0.256831,0.217199,0.340903,0.0776475,0.165355,0.143797,0.229899,0.520405,26.3872,13.732,0.672828,281.601,
0.899899,7.97526,0.0734125,0.0703461,0.194222,0.0769053,0.0491862,0.0454047,0.141329,0.0483048,0.703167,17.3313,12.1868,0.869281,201.084,
0.820754,7.74046,0.0519941,0.022292,0.210738,0.15917,0.0277894,0.0208057,0.147794,0.122785,0.5877,18.9084,11.1125,0.856315,201.084,
0.888689,7.88625,0.0562195,0.135825,0.182102,0.070161,0.0297341,0.0960292,0.124953,0.0390116,0.607259,19.6124,11.9098,0.792088,199.415,

0.962782,5.72339,0.0431078,0.0289682,0.0420948,0.0170896,0.0205396,0.0122797,0.031404,0.0108374,0.700696,15.2027,10.6525,0.867083,140.592,
0.425979,6.16249,0.284799,0.345316,0.24959,0.513564,0.148347,0.187871,0.117326,0.301743,0.426601,29.8235,12.7228,0.689724,259.49,
0.433615,6.17395,0.309742,0.31226,0.283268,0.507495,0.164712,0.160873,0.152169,0.313048,0.408161,31.1709,12.7228,0.689778,254.901,
0.252156,5.16128,0.0773063,0.560513,0.0454196,0.777173,0.0382243,0.36485,0.012055,0.58851,0.223174,44.0824,9.83806,0.591122,378.388,

0.612495,5.6041,0.0718107,0.142939,0.0598678,0.306008,0.0346437,0.0593369,0.0319235,0.171418,0.449325,25.7146,11.5542,0.729266,195.243,
0.768429,6.40662,0.0123476,0.0638685,0.0679391,0.165308,0.00492103,0.0274355,0.0395204,0.0884939,0.520846,24.5527,12.7882,0.709189,216.103,
0.843683,6.35489,0.024243,0.020324,0.0811783,0.113137,0.00437654,0.0209871,0.047443,0.0605377,0.679073,17.9463,12.1868,0.912571,181.476,
0.629731,6.13807,0.119662,0.124283,0.0874183,0.240484,0.0473107,0.0480994,0.0110317,0.111845,0.381539,32.1201,12.2551,0.574259,234.876,
0.835573,6.32661,0.00706604,0.0572056,0.0473191,0.122355,0.00300951,0.0255332,0.0387602,0.076582,0.620375,19.6443,12.1868,0.878152,199.415,
0.727728,6.41245,0.0947385,0.0660231,0.0787853,0.215479,0.0555617,0.0234229,0.0533558,0.143524,0.462995,27.4792,12.7228,0.732541,241.551,

0.387566,4.95593,0.113782,0.347015,0.0828436,0.6016,0.0565326,0.204866,0.0469587,0.415301,0.34525,26.9813,9.3153,0.728806,203.587,
0.462876,5.11619,0.0746774,0.253189,0.0721821,0.507817,0.0288373,0.148134,0.032402,0.339287,0.366798,25.3963,9.3153,0.760886,186.9,
0.551963,5.51791,0.111228,0.173905,0.116438,0.407914,0.0502678,0.101908,0.0619117,0.26959,0.459365,23.1895,10.6525,0.823392,183.979,

0.749546,9.81212,0.125381,0.173002,0.0792513,0.16473,0.0611123,0.0897752,0.045708,0.0944838,0.516739,35.5304,18.3599,0.699427,457.654,
0.757923,9.60341,0.0925614,0.171832,0.0858048,0.164787,0.038066,0.0927695,0.0453785,0.105025,0.51772,34.9324,18.0852,0.707848,417.187,
0.968338,10.0983,0.0646063,0.0934026,0.0635421,0.0438093,0.0424367,0.0582587,0.0440711,0.0543184,0.710221,25.7227,18.2688,0.828998,396.327,
0.902065,9.75243,0.0367736,0.0841299,0.0723234,0.0888452,0.0213233,0.0548698,0.0479312,0.0769945,0.710221,25.7227,18.2688,0.886164,392.156,
0.782591,8.85688,0.020963,0.0522609,0.0411441,0.19528,0.0109133,0.0342114,0.0203872,0.148321,0.659768,26.6311,17.5704,0.832748,392.573,
0.702621,9.52272,0.16867,0.202888,0.177797,0.198626,0.0800047,0.10631,0.0928465,0.101669,0.475277,36.2626,17.2348,0.673727,454.316,

0.939056,10.4813,0.011533,0.0157967,0.0309192,0.0540137,0.0086074,0.0154458,0.0204161,0.0493634,0.816774,24.7558,20.2199,0.926156,415.101,
0.90472,10.091,0.010588,0.0236154,0.0231693,0.0774799,0.00848739,0.0209365,0.0209184,0.0574564,0.803996,24.5782,19.7607,0.936969,408.009,
0.938916,10.2215,0.00181741,0.0323667,0.0242528,0.0474354,0.00176483,0.0337009,0.0164416,0.0352745,0.827688,24.2793,20.0957,0.926841,400.499,
0.941269,10.3158,0.00465109,0.0287041,0.0239491,0.038024,0.00362338,0.0292659,0.0161341,0.0194314,0.784712,25.7146,20.1786,0.930765,426.365,
0.930249,10.1991,0.0128342,0.0309143,0.0195955,0.0506487,0.0122392,0.0281669,0.0123764,0.0312037,0.83205,23.7495,19.7607,0.970265,401.334,
0.920254,10.0259,0.025698,0.0288094,0.0378508,0.0596004,0.015251,0.0253228,0.0227034,0.0367691,0.822078,24.0375,19.7607,0.972447,395.076,

0.714815,8.76258,0.0320074,0.052798,0.0418144,0.246669,0.0193431,0.0359077,0.032809,0.163152,0.642161,26.2286,16.843,0.853358,367.959,
0.671205,8.37974,0.0153291,0.0690218,0.0270694,0.297397,0.00890798,0.0443,0.0167669,0.209325,0.595108,26.2286,15.6089,0.864339,349.185,
0.701515,8.60767,0.0411597,0.0780337,0.0727129,0.264695,0.0193154,0.0533574,0.0471826,0.183303,0.62069,26.4898,16.4419,0.828494,362.953,
0.743609,9.23324,0.0257755,0.0836553,0.0564726,0.219266,0.01302,0.0550477,0.0352591,0.152327,0.590746,30.6921,18.1313,0.824484,413.015,
0.649705,8.30659,0.0527875,0.0791688,0.0500836,0.315567,0.0310633,0.0465028,0.0316616,0.218211,0.531891,29.1443,15.5016,0.809973,368.376,
0.711356,8.83018,0.0226492,0.0741523,0.052541,0.256889,0.0127092,0.0440128,0.0367128,0.182774,0.614295,27.4184,16.843,0.848797,371.296,

0.683769,13.8496,0.0524068,0.0495475,0.124098,0.301768,0.0276848,0.025737,0.0763497,0.234589,0.596913,45.0327,26.8806,0.75589,985.395,
0.707851,12.4804,0.0528323,0.013221,0.124153,0.280806,0.0347313,0.00739341,0.0851143,0.218032,0.651134,35.0992,22.8543,0.829746,722.15,
0.646827,11.7284,0.0506732,0.0340646,0.142685,0.359554,0.0352791,0.0243002,0.0900697,0.283836,0.526186,35.4069,18.6306,0.705772,643.719,

0.591357,12.2712,0.0533708,0.0864333,0.0939186,0.413939,0.0358662,0.0496716,0.0738479,0.330857,0.504656,40.0666,20.2199,0.74555,730.077,
0.591826,12.2048,0.00648993,0.0340179,0.00599064,0.410555,0.0145055,0.00395578,0.0103445,0.325155,0.501932,40.2018,20.1786,0.657017,741.758,
0.730462,14.7535,0.0471343,0.0862382,0.173104,0.265443,0.0262751,0.0633579,0.122351,0.215533,0.564212,40.051,22.5973,0.602742,817.686,

0.589538,15.8661,0.131388,0.0789357,0.115635,0.425568,0.0891193,0.0616838,0.103312,0.347842,0.481887,49.8641,24.0289,0.560601,1194.82,
0.633126,16.6274,0.207652,0.0952376,0.253074,0.379808,0.13538,0.0640373,0.187307,0.304333,0.465184,47.534,22.1121,0.619343,1100.12,
0.57293,15.1575,0.149364,0.0898702,0.218157,0.455758,0.0931809,0.0711467,0.174658,0.378055,0.442755,49.5999,21.9606,0.60783,1033.37,

0.586336,7.29722,0.0378986,0.153617,0.153225,0.395122,0.027868,0.101112,0.143304,0.286324,0.352809,31.4971,11.1125,0.694411,296.203,
0.602251,7.34756,0.0518792,0.167075,0.10482,0.348116,0.0299286,0.0980276,0.0853246,0.226677,0.394113,32.9409,12.9824,0.732272,306.632,
0.582961,7.19819,0.0738578,0.148449,0.145905,0.389746,0.0377332,0.0951239,0.129398,0.276074,0.435274,29.3796,12.7882,0.782059,301.209,
0.686043,7.75267,0.0749328,0.100322,0.0852793,0.266851,0.0378775,0.0582156,0.066526,0.176054,0.473886,29.4859,13.973,0.783315,313.307,
0.834114,8.55054,0.0439228,0.0238089,0.0707168,0.124176,0.0243002,0.0174817,0.0309742,0.0737929,0.628168,24.8483,15.6089,0.903897,315.393,

0.690725,5.6676,0.148619,0.0562917,0.144746,0.270536,0.0859363,0.0341135,0.101311,0.172967,0.529021,15.6356,8.27156,0.759495,117.229,
0.932355,8.14733,0.0252537,0.0757571,0.0922713,0.0589805,0.0232974,0.0407519,0.0538721,0.0425398,0.599019,16.843,10.0893,0.730226,183.145,
0.920986,8.18468,0.0336192,0.0680997,0.0950303,0.064747,0.0254061,0.0475572,0.0615489,0.0490922,0.701702,18.1313,12.7228,0.87034,196.495,

0.44582,11.5771,0.091805,0.284777,0.0571728,0.567727,0.0696449,0.191371,0.0231739,0.428544,0.406417,47.7835,19.42,0.644641,840.214,
0.546195,10.316,0.0934677,0.141444,0.161472,0.449716,0.0601247,0.0913376,0.115834,0.3358,0.461455,37.6621,17.3794,0.714186,547.349,
0.595877,12.6606,0.0375331,0.0716388,0.035857,0.402225,0.0368028,0.0507762,0.0206721,0.316165,0.545878,40.1602,21.9226,0.813252,779.305,

0.945482,8.3755,0.0124846,0.0292513,0.0217351,0.0433169,0.011051,0.030491,0.0158341,0.0357186,0.797787,19.4308,15.5016,0.901968,252.815,
0.95289,9.01493,0.0274797,0.0125417,0.0282084,0.038013,0.0197885,0.0139063,0.0227783,0.0268069,0.732701,23.1895,16.991,0.844755,311.221,
0.908388,8.90166,0.0208704,0.0204664,0.0224134,0.0671457,0.0144796,0.0220828,0.0228974,0.039624,0.704394,23.3419,16.4419,0.826464,317.896,
0.955286,8.56509,0.00922947,0.0102134,0.0266866,0.0288456,0.00708432,0.0130883,0.0253034,0.0140636,0.746137,20.9196,15.6089,0.933524,280.35,
0.953563,8.77381,0.0284936,0.0146645,0.0212253,0.0375428,0.0214453,0.0174692,0.021381,0.0294743,0.751893,20.7594,15.6089,0.910837,281.184,
0.965267,9.63066,0.0180254,0.0790949,0.0597145,0.0165679,0.00351524,0.0522201,0.0323276,0.0195837,0.65192,25.836,16.843,0.8547,336.253,

0.890955,9.31762,0.0104003,0.0239489,0.0149445,0.0825714,0.00802764,0.0184692,0.0109443,0.0504927,0.728984,21.558,15.7154,0.89465,309.97,
0.852673,9.19957,0.0082415,0.0051608,0.0243361,0.114657,0.00507732,0.00793272,0.0144759,0.0701989,0.720458,22.6802,16.3401,0.877421,312.473,
0.88118,9.19405,0.0757024,0.0345101,0.0185935,0.0871678,0.0431587,0.0192042,0.0132157,0.0498864,0.647821,22.5603,14.615,0.83375,281.184,
0.826217,8.63986,0.0251138,0.0586128,0.0418292,0.137647,0.0234759,0.0393776,0.0297807,0.0921472,0.64,22.836,14.615,0.812521,274.926,

0.712603,8.54497,0.0889311,0.186321,0.157722,0.242073,0.0439512,0.117199,0.109494,0.167251,0.538511,26.3872,14.2098,0.833154,304.129,
0.572902,8.16541,0.0940231,0.229767,0.102427,0.392608,0.0464456,0.139628,0.0675566,0.276472,0.479242,31.5501,15.1201,0.745763,361.284,
0.669929,9.11658,0.180825,0.150801,0.120643,0.286799,0.110288,0.0908942,0.0657444,0.195002,0.536656,29.7745,15.9787,0.675824,375.885,
0.770665,8.6838,0.0260808,0.0466435,0.143751,0.203553,0.0112312,0.0397113,0.0993953,0.152148,0.632456,23.8196,15.0648,0.815348,304.964,
0.704773,9.4683,0.113808,0.0922949,0.16119,0.257769,0.0621965,0.0624237,0.0964462,0.178298,0.490396,29.8025,14.615,0.675223,397.579,
0.824056,9.7738,0.0652911,0.0298751,0.113059,0.146984,0.0389708,0.0284196,0.0643939,0.100546,0.638575,26.6076,16.991,0.707768,387.567,

0.903543,8.34337,0.0286209,0.0228486,0.022354,0.071702,0.0164895,0.0169539,0.0209769,0.0414645,0.746137,20.9196,15.6089,0.96875,278.681,
0.777438,7.84465,0.0277203,0.0700304,0.0215758,0.175075,0.0186209,0.0435003,0.00929332,0.104517,0.641481,23.4845,15.0648,0.890997,289.11,
0.72745,7.75895,0.031226,0.0549744,0.0557171,0.227489,0.0134053,0.0260509,0.032583,0.146439,0.631962,23.1265,14.615,0.917171,290.779,
0.815411,7.91825,0.0461171,0.0464505,0.0481411,0.14534,0.0279942,0.020849,0.0301064,0.0903238,0.693841,21.7122,15.0648,0.893231,266.165,
0.76033,8.03719,0.0461699,0.0541431,0.0364091,0.19143,0.0299171,0.0290207,0.0173539,0.115862,0.613628,24.0028,14.7288,0.91483,289.528,
0.895376,8.20304,0.0100838,0.035866,0.0412813,0.0783648,0.00821291,0.0247366,0.0208372,0.0463351,0.767354,20.2714,15.5553,0.91489,264.914,

0.629282,8.53505,0.0299831,0.056783,0.10476,0.35346,0.0135545,0.0260662,0.0728156,0.258996,0.518024,26.9736,13.973,0.805554,352.523,
0.943875,9.76715,0.0252554,0.0870408,0.118813,0.043516,0.0266193,0.0532393,0.0769246,0.030277,0.683175,21.3928,14.615,0.723035,300.375,
0.89949,8.96689,0.0225057,0.0893811,0.114486,0.0828737,0.0151035,0.0592073,0.0734564,0.0582336,0.712276,19.9498,14.2098,0.802996,253.65,
0.803035,8.72352,0.0824068,0.125058,0.131629,0.159052,0.0519328,0.0727585,0.0848091,0.109321,0.640184,22.5603,14.4428,0.835383,270.754,
0.424758,6.23142,0.0489928,0.231638,0.0654126,0.598915,0.0257579,0.13464,0.0284817,0.463327,0.376116,26.157,9.83806,0.696992,249.895,
0.700692,7.69268,0.131892,0.100906,0.11218,0.271071,0.0912212,0.0731511,0.0766984,0.192509,0.61105,21.2461,12.9824,0.898184,245.306,

0.670872,8.31996,0.0490682,0.0781801,0.0647428,0.284588,0.0239569,0.0402169,0.0387779,0.190582,0.534644,30.2747,16.1862,0.867854,371.713,
0.643175,8.38957,0.0472833,0.112283,0.0625132,0.30929,0.0260995,0.0653522,0.0415679,0.203806,0.451058,36.4519,16.4419,0.771795,420.524,
0.677684,9.27545,0.0921553,0.0503861,0.198529,0.282614,0.0532769,0.0249557,0.107035,0.19129,0.560778,28.8639,16.1862,0.708451,411.763,
0.663013,8.83774,0.147137,0.0595265,0.15063,0.283975,0.0788176,0.0294504,0.0800689,0.185638,0.447214,36.9915,16.5431,0.716032,425.113,
0.68259,8.70958,0.117696,0.0445328,0.142229,0.259052,0.0607511,0.012549,0.0730272,0.165695,0.46128,36.4061,16.7934,0.720115,404.671,
0.730962,9.01433,0.095707,0.0492029,0.120752,0.210295,0.0498341,0.0246253,0.0730507,0.127858,0.537179,32.3531,17.3794,0.703947,437.629,

0.566655,4.09863,0.0786147,0.142646,0.114257,0.409569,0.0327116,0.109547,0.0792709,0.283545,0.422106,13.6864,5.77711,0.834222,73.8421,
0.691297,5.40216,0.110154,0.084816,0.15785,0.287232,0.0894644,0.070665,0.119208,0.208916,0.40283,14.3413,5.77711,0.722408,99.2905,
0.794819,8.14388,0.114623,0.141918,0.0208043,0.181283,0.081896,0.0955407,0.0145542,0.13137,0.52232,20.3945,10.6525,0.707741,211.097,

0.792726,8.32304,0.129561,0.0587259,0.178454,0.156536,0.0844739,0.050783,0.115466,0.0888748,0.545455,22.4677,12.2551,0.803743,243.637,
0.904609,9.88022,0.0391067,0.0727958,0.125505,0.0711899,0.025877,0.0572726,0.0793187,0.0400519,0.64964,23.1895,15.0648,0.774746,313.307,
0.857746,9.71261,0.0991074,0.0938368,0.111533,0.124064,0.0643399,0.0614276,0.0701267,0.0974513,0.574513,22.5973,12.9824,0.740026,301.209,

0.778832,14.3881,0.0964546,0.104463,0.108568,0.183096,0.0677605,0.0759199,0.0682282,0.127423,0.631342,42.1818,26.6311,0.789929,889.859,
0.919322,13.7396,0.027358,0.00661001,0.0752027,0.0557379,0.0207469,0.0030891,0.0800248,0.0385935,0.834619,30.4876,25.4455,0.94795,653.315,
0.783128,12.6859,0.038415,0.0350833,0.110399,0.200035,0.0325424,0.027257,0.0937906,0.164327,0.727221,33.0421,24.0289,0.912747,630.369,

0.626275,4.98213,0.0880785,0.15048,0.185384,0.365046,0.0561189,0.114324,0.119183,0.264873,0.388514,14.1067,5.48064,0.73764,87.6092,
0.877604,8.37365,0.0432958,0.115336,0.163846,0.105958,0.0375063,0.0705006,0.106451,0.0830129,0.509266,18.2916,9.3153,0.758028,194.409,
0.843674,7.7443,0.133905,0.0485723,0.0616778,0.112739,0.079067,0.0217043,0.0418041,0.0638237,0.583805,18.7756,10.9613,0.646964,176.053,
0.686016,5.64762,0.0992894,0.0527516,0.157344,0.285774,0.0625807,0.0469341,0.097812,0.200945,0.467833,14.8697,6.95656,0.800993,113.058,

0.849228,8.1216,0.0664119,0.113952,0.0752154,0.105257,0.042957,0.0586481,0.0503125,0.0612257,0.603949,20.1786,12.1868,0.776999,211.514,
0.85999,8.27225,0.05658,0.158728,0.206263,0.113523,0.0400744,0.0812396,0.129709,0.0718551,0.589076,18.8643,11.1125,0.694436,209.011,
0.576382,6.57323,0.147427,0.071283,0.212646,0.423588,0.0916385,0.0437417,0.151987,0.322683,0.439003,20.598,9.0426,0.725336,189.403,
0.638373,4.77016,0.0933205,0.166193,0.0956017,0.316561,0.0437906,0.09415,0.0602181,0.211576,0.491085,14.1657,6.95656,0.763102,89.278,
0.829147,5.98036,0.10727,0.109025,0.0532508,0.137537,0.0598481,0.0928544,0.0337185,0.0935957,0.6,14.4428,8.66566,0.835792,117.229,
0.858865,7.36944,0.0519699,0.0877675,0.10145,0.0924488,0.0219612,0.0667248,0.0648719,0.0452482,0.587995,18.6418,10.9613,0.76128,178.556,

0.877799,10.7231,0.0362232,0.0614824,0.0516388,0.0992651,0.021432,0.0369326,0.030561,0.0691613,0.673946,25.7875,17.3794,0.804764,390.07,
0.951392,11.0366,0.0443378,0.0476261,0.0533605,0.0383694,0.0315488,0.0344329,0.0329781,0.0253184,0.78266,23.3419,18.2688,0.885051,391.321,
0.851235,10.6472,0.0366343,0.0747533,0.0639232,0.117601,0.0187186,0.038877,0.0377112,0.0796326,0.677989,27.4792,18.6306,0.815911,412.598,
0.954002,11.2137,0.0738099,0.0895929,0.0248718,0.0310997,0.0484135,0.0553107,0.019652,0.01654,0.660826,27.2276,17.9927,0.819009,408.426,
0.945184,10.495,0.0486772,0.0573612,0.0791051,0.0427702,0.0316511,0.0426357,0.0472764,0.0318026,0.696656,22.9363,15.9787,0.76319,339.59,
0.895892,10.5825,0.025319,0.0636652,0.0616886,0.0902983,0.0135856,0.0444966,0.0404868,0.0718753,0.725107,23.968,17.3794,0.796168,370.462,

0.740461,7.77975,0.0211384,0.070765,0.0582096,0.226354,0.0226744,0.0411648,0.0352639,0.157656,0.593696,20.527,12.1868,0.77378,219.44,
0.881901,9.10655,0.0786635,0.0414553,0.109503,0.094677,0.0514436,0.0298744,0.0733997,0.0628787,0.626807,22.1968,13.9131,0.825236,265.331,
0.930798,8.54449,0.0432087,0.0537268,0.0279361,0.0555774,0.0254956,0.0361961,0.0232835,0.0387833,0.680663,19.0732,12.9824,0.802182,222.778,
0.959411,9.05362,0.0378727,0.0482399,0.0182085,0.0280044,0.0290133,0.0343481,0.0183986,0.012862,0.697528,19.6867,13.732,0.82181,247.392,
0.783856,8.35273,0.0882108,0.0348986,0.0579271,0.188112,0.0579191,0.0301129,0.0451431,0.136713,0.576816,21.2461,12.2551,0.80058,252.398,
0.89725,9.32961,0.0154195,0.0218735,0.0622005,0.0783468,0.0126874,0.0276624,0.043254,0.0521872,0.739124,21.1181,15.6089,0.819592,284.521,

0.807999,7.14269,0.17961,0.197372,0.228512,0.147938,0.104356,0.146738,0.140354,0.0930877,0.485071,17.8647,8.66566,0.646313,144.764,
0.802319,9.40253,0.0670315,0.0805592,0.107257,0.164969,0.0374004,0.0579835,0.0817198,0.113321,0.611552,23.8983,14.615,0.820333,332.081,
0.83371,8.87502,0.0978924,0.186761,0.190376,0.110629,0.052031,0.10508,0.0950186,0.0655746,0.556142,23.6879,13.1738,0.676596,260.742,
0.539723,7.21597,0.095163,0.276897,0.17169,0.430441,0.074002,0.183716,0.123125,0.295148,0.483965,25.3222,12.2551,0.776872,250.312,
0.606804,4.79607,0.0422852,0.0905458,0.0301514,0.356695,0.0373349,0.060227,0.0107227,0.239621,0.442975,14.8697,6.58691,0.846524,98.0389,
0.696725,6.03544,0.0955879,0.143402,0.115062,0.268759,0.0640257,0.111235,0.0757564,0.189238,0.492548,16.7934,8.27156,0.713088,132.248,

0.824449,7.97378,0.0064133,0.0740518,0.0656617,0.132463,0.00868825,0.050652,0.0404121,0.084013,0.646381,22.0743,14.2684,0.903743,253.65,
0.870509,8.27814,0.0269426,0.0603783,0.0404522,0.0939002,0.0201437,0.0420407,0.0210699,0.0570144,0.716047,21.0389,15.0648,0.893231,266.165,
0.817464,7.92404,0.00950032,0.106624,0.0280669,0.127673,0.015917,0.0666253,0.0146587,0.0702155,0.664229,22.6802,15.0648,0.909049,256.153,
0.850925,8.1192,0.0139636,0.0848476,0.0482832,0.105725,0.0128744,0.0511233,0.0319584,0.0601204,0.643431,23.4133,15.0648,0.807279,272.006,
0.848834,7.98558,0.0430328,0.0504082,0.0422021,0.110948,0.0312081,0.0339932,0.0314708,0.064641,0.718762,20.9594,15.0648,0.840747,262.411,
0.764166,7.78351,0.0456467,0.106619,0.0256607,0.182458,0.0251128,0.0670179,0.0176744,0.110287,0.598321,23.7495,14.2098,0.851607,262.411,

0.771368,15.2316,0.0186727,0.102044,0.0840657,0.170591,0.00736941,0.0505672,0.0538865,0.0973274,0.553914,48.5285,26.8806,0.770997,959.112,
0.897821,16.3294,0.0805966,0.0554963,0.13722,0.0847691,0.0450012,0.0349516,0.089463,0.068532,0.624426,43.9829,27.464,0.707216,943.259,
0.833586,14.5907,0.0324998,0.0321244,0.0953624,0.150485,0.0175501,0.0229259,0.0597928,0.118969,0.681235,36.228,24.6798,0.826955,801.833,
0.588375,14.7134,0.120421,0.191696,0.212861,0.388633,0.0840253,0.131787,0.166384,0.268797,0.5547,48.6273,26.9736,0.703391,1112.64,
0.865287,16.7599,0.0823761,0.137116,0.20709,0.144776,0.0552964,0.0929603,0.144163,0.12842,0.531076,46.9778,24.9488,0.690077,1077.59,
0.659012,12.1742,0.0361427,0.0316279,0.108279,0.318911,0.0217598,0.0248109,0.0771345,0.23178,0.54733,38.13,20.8697,0.8422,712.972,

0.343654,11.6681,0.100069,0.439779,0.0846431,0.690745,0.104257,0.320201,0.0858985,0.515802,0.335779,60.2178,20.2199,0.603243,1037.13,
0.833618,11.5929,0.0159161,0.105015,0.1664,0.13111,0.010256,0.0659679,0.114358,0.0840873,0.61248,28.1393,17.2348,0.747324,443.052,
0.376754,12.4716,0.101316,0.359179,0.149572,0.666638,0.0764827,0.266984,0.144564,0.521063,0.324772,57.3652,18.6306,0.576056,1056.32,
0.455992,9.89835,0.0407106,0.218839,0.0775925,0.571819,0.0355137,0.143867,0.102047,0.461149,0.43326,39.7793,17.2348,0.714047,575.301,
0.901604,10.7341,0.0704205,0.0438733,0.151978,0.0865129,0.0455289,0.0346556,0.103842,0.0658452,0.621623,23.5111,14.615,0.741348,346.265,
0.507855,11.0283,0.0572046,0.140709,0.100299,0.516485,0.0445205,0.0948818,0.0993449,0.418678,0.460653,39.6585,18.2688,0.707429,653.732,

0.56311,8.91005,0.0349677,0.257245,0.0591142,0.417145,0.0283744,0.150287,0.041829,0.296908,0.44274,36.9068,16.3401,0.662511,471.838,
0.511787,9.9555,0.13808,0.267999,0.165796,0.463225,0.0781392,0.1524,0.115604,0.325097,0.401886,46.0224,18.4958,0.607944,653.732,
0.526007,10.7743,0.130981,0.25684,0.148976,0.433972,0.071773,0.142539,0.101836,0.29028,0.431014,49.1563,21.1871,0.698978,716.727,
0.399553,8.17536,0.15174,0.410231,0.152417,0.587393,0.0750269,0.250894,0.0905304,0.411507,0.324828,43.9259,14.2684,0.606297,502.71,
0.347047,7.43961,0.13322,0.42483,0.129295,0.660986,0.0791944,0.26843,0.0863583,0.475169,0.33272,43.9259,14.615,0.668627,478.93,
0.528309,10.8574,0.0745087,0.281526,0.08998,0.484713,0.0467887,0.194856,0.0677413,0.381279,0.42407,43.2946,18.3599,0.703143,739.672,

0.935622,8.00721,0.0353832,0.00989993,0.0634112,0.048964,0.0187986,0.0210105,0.0375311,0.0351526,0.759847,19.0075,14.4428,0.88934,235.711,
0.900756,7.43392,0.0103302,0.0308216,0.0198165,0.0796798,0.00390226,0.0264084,0.0205402,0.0584311,0.729222,18.8311,13.732,0.934729,215.686,
0.929568,7.984,0.00957842,0.0465249,0.046973,0.0495386,0.00567975,0.0400006,0.0260665,0.0253285,0.751107,18.9965,14.2684,0.955835,241.551,
0.966779,8.2378,0.013307,0.0521036,0.0307457,0.0269728,0.00783628,0.0427481,0.0266291,0.0203278,0.745194,19.6124,14.615,0.90897,244.471,
0.971959,8.25439,0.0134456,0.0333592,0.0283755,0.0164442,0.0142668,0.0364176,0.0206456,0.0112516,0.768273,18.4958,14.2098,0.910195,233.625,
0.983888,8.10509,0.0142026,0.0265916,0.0497688,0.0108778,0.0120237,0.0192493,0.0359715,0.00709523,0.780393,18.507,14.4428,0.932105,231.539,

0.480899,10.309,0.132669,0.142026,0.110051,0.558821,0.108235,0.0730988,0.0922602,0.466148,0.319383,38.1573,12.1868,0.558021,519.815,
0.726607,13.296,0.108369,0.0886294,0.0517331,0.259552,0.0694805,0.0556351,0.0383189,0.203295,0.557467,32.9346,18.3599,0.622823,686.689,
0.717719,12.2429,0.0142018,0.0444182,0.118497,0.252926,0.00610007,0.0249442,0.0621403,0.177431,0.552366,34.53,19.0732,0.714442,612.013,
0.819165,12.458,0.0651016,0.0451831,0.139099,0.148402,0.0407735,0.0315263,0.0971293,0.0984301,0.617514,32.744,20.2199,0.741632,575.301,
0.850626,13.02,0.100371,0.0926003,0.0613023,0.114289,0.0682461,0.0551127,0.0464795,0.0743832,0.611982,34.6205,21.1871,0.755173,623.694,
0.605854,11.3849,0.108747,0.239654,0.23923,0.37206,0.0610852,0.162561,0.178303,0.268914,0.472645,39.795,18.8089,0.66753,607.841,

0.660143,7.01338,0.0269227,0.117902,0.0886949,0.296856,0.0101186,0.0667332,0.0525311,0.19788,0.566833,21.4998,12.1868,0.840573,224.864,
0.617659,13.3434,0.0570352,0.118148,0.106915,0.3848,0.0470059,0.0965465,0.0628689,0.291844,0.545199,37.9105,20.6688,0.682841,798.496,
0.595152,13.0614,0.0228099,0.207595,0.134858,0.398393,0.0236477,0.158074,0.0843009,0.297669,0.47369,38.7594,18.3599,0.575848,759.697,
0.609471,13.3172,0.0775768,0.166795,0.0481661,0.386834,0.0643201,0.129532,0.0280187,0.297098,0.526995,41.5992,21.9226,0.677132,869,
0.589875,12.4338,0.142426,0.142688,0.0752588,0.403894,0.104426,0.109696,0.0431298,0.304434,0.536774,38.5056,20.6688,0.731722,756.777,
0.640635,12.2589,0.0962448,0.16141,0.305399,0.335597,0.0480711,0.124931,0.224505,0.239178,0.389163,43.2801,16.843,0.641334,635.793,

0.766735,6.57023,0.0382378,0.128333,0.0499108,0.194538,0.0245276,0.101183,0.0334191,0.127778,0.506731,17.1011,8.66566,0.705389,136.837,
0.265335,11.5863,0.0401498,0.548328,0.0416994,0.81131,0.0313937,0.423763,0.0524487,0.677972,0.26428,68.4319,18.0852,0.506733,1231.95,
0.459567,12.2193,0.090966,0.192671,0.149086,0.581727,0.0666489,0.136375,0.111826,0.484693,0.463627,47.367,21.9606,0.68451,927.823,

0.754972,7.03401,0.0276403,0.0284018,0.0568843,0.204474,0.0149252,0.0133025,0.0385926,0.131495,0.58101,18.9965,11.0371,0.880323,190.237,
0.628454,7.66251,0.138476,0.174837,0.14666,0.311854,0.0734675,0.102746,0.0723233,0.199953,0.480432,26.4819,12.7228,0.734428,256.987,
0.833422,7.87225,0.064128,0.0706497,0.0124138,0.141151,0.0368754,0.0461258,0.00973241,0.0959356,0.690221,19.269,13.2999,0.838679,224.029,
0.938328,8.61394,0.0278914,0.0299146,0.00928649,0.0474926,0.0217967,0.0150954,0.00923656,0.0348095,0.713957,21.7122,15.5016,0.765468,264.496,

0.955318,10.9634,0.0393596,0.0173452,0.0311272,0.0405887,0.023511,0.0168195,0.0231682,0.0381855,0.744479,25.2645,18.8089,0.822136,404.254,
0.917479,10.1441,0.0461839,0.048648,0.0458558,0.0676243,0.0270566,0.0391874,0.0329285,0.0525005,0.701646,23.2883,16.3401,0.823227,327.909,
0.870815,10.6657,0.0789444,0.0783287,0.0476646,0.0939138,0.0447248,0.0628541,0.0244082,0.0531475,0.644772,27.2506,17.5704,0.735329,412.598,

0.846662,10.1018,0.0572964,0.0142207,0.0516442,0.128464,0.0362877,0.0132131,0.0295161,0.0869644,0.702347,25.5519,17.9463,0.846328,389.652,
0.936709,10.8857,0.0757392,0.0322351,0.0690424,0.053055,0.0467161,0.0214268,0.0481832,0.0401481,0.722874,25.0822,18.1313,0.801017,400.082,
0.951895,10.1447,0.0215344,0.0635295,0.0992581,0.0400613,0.0154176,0.0405034,0.0634776,0.0312677,0.699659,22.3093,15.6089,0.792047,313.307,
0.94637,11.0363,0.0249399,0.0283424,0.0851666,0.0374281,0.0244464,0.0162436,0.0578487,0.0189421,0.746451,25.5519,19.0732,0.81851,408.009,
0.95388,10.6623,0.048884,0.0863983,0.120969,0.0301647,0.0326433,0.0489533,0.0763499,0.0190212,0.669277,24.1846,16.1862,0.833926,360.449,
0.848072,10.2997,0.0357248,0.0851442,0.142734,0.116468,0.0237505,0.0546922,0.0930159,0.0737395,0.62893,26.7015,16.7934,0.831546,371.713,

0.925663,9.40336,0.0234413,0.0250322,0.0283823,0.056294,0.0165121,0.0235748,0.0170898,0.0429583,0.727053,22.7537,16.5431,0.912901,314.142,
0.931014,8.79213,0.0243861,0.0108214,0.00762988,0.0513289,0.0117786,0.0117358,0.0122846,0.0344714,0.78509,19.8134,15.5553,0.90155,270.337,
0.902829,8.80436,0.0256588,0.0387131,0.0596855,0.0759529,0.0134517,0.0163903,0.0337961,0.0535157,0.745507,20.2817,15.1201,0.921957,274.509,
0.782357,8.32129,0.0382528,0.041557,0.0662456,0.176247,0.0234415,0.0178128,0.0390738,0.11104,0.618347,22.5973,13.973,0.831174,274.092,
0.811998,8.71965,0.0425597,0.0354123,0.125616,0.152324,0.0219306,0.0246102,0.0691976,0.103414,0.600842,24.0375,14.4428,0.767932,281.601,
0.659629,8.88824,0.0884527,0.117141,0.0918902,0.293933,0.0532222,0.0661041,0.0490454,0.198294,0.528898,30.6037,16.1862,0.775026,372.548,

0.837474,11.3799,0.0898134,0.00955896,0.164034,0.128572,0.0428363,0.00462941,0.0945688,0.0822765,0.585987,33.0673,19.377,0.742447,554.441,
0.76454,9.12588,0.0556558,0.00980006,0.11667,0.196076,0.0273253,0.00833705,0.0673705,0.129352,0.608618,25.9086,15.7684,0.878785,365.873,
0.83362,11.8229,0.0963074,0.0204385,0.110569,0.139211,0.0616407,0.0080351,0.0704309,0.093793,0.643309,32.9346,21.1871,0.72936,610.761,
0.921931,12.0617,0.100168,0.0196756,0.120894,0.0772356,0.0565237,0.0148943,0.0750793,0.0658438,0.646144,30.2541,19.5485,0.701239,565.288,
0.888193,12.367,0.110994,0.016491,0.149356,0.101589,0.0658357,0.0143389,0.0955938,0.0766682,0.631803,31.8069,20.0957,0.699902,584.479,
0.761195,10.4127,0.114827,0.0483252,0.179515,0.210206,0.0661175,0.0220634,0.114283,0.144096,0.581586,29.6341,17.2348,0.782345,457.237,

0.702833,5.36508,0.0758298,0.0466304,0.189332,0.261467,0.033448,0.0517204,0.116249,0.180939,0.631055,13.732,8.66566,0.865471,105.131,
0.868106,6.66967,0.0465336,0.0432901,0.0545517,0.109191,0.0411292,0.0333222,0.0334862,0.0813477,0.626461,14.8697,9.3153,0.902091,136.837,
0.870921,6.78247,0.0773765,0.14524,0.20887,0.112738,0.0437458,0.0727771,0.139501,0.0773127,0.5547,14.9118,8.27156,0.701385,132.248,
0.833471,6.52315,0.0255312,0.0456374,0.0614236,0.139927,0.0199357,0.0427291,0.0467392,0.0895533,0.65029,15.5151,10.0893,0.851424,140.592,

0.82618,6.82826,0.0510688,0.101719,0.0781378,0.132454,0.0322086,0.0664735,0.0429615,0.0758869,0.691873,15.9526,11.0371,0.898821,158.114,
0.822394,7.02821,0.0287824,0.09015,0.0280327,0.150054,0.0136895,0.0588964,0.0219108,0.0989335,0.565685,17.3914,9.83806,0.816226,168.126,
0.931781,8.04467,0.0483827,0.034576,0.025152,0.0515782,0.0332671,0.0316277,0.00637784,0.0289092,0.802507,16.8058,13.4868,0.87146,196.912,
0.888072,7.32156,0.0221729,0.0602426,0.0909959,0.0881757,0.0280465,0.0396093,0.0508214,0.0586093,0.685435,15.9917,10.9613,0.886384,177.722,
0.852126,8.13707,0.0689293,0.045748,0.111964,0.116326,0.0465963,0.0273753,0.0743467,0.0711884,0.583949,20.8697,12.1868,0.784905,229.453,
0.863772,7.96016,0.0288076,0.112823,0.0632246,0.10528,0.0217073,0.0668529,0.0484351,0.059437,0.613308,19.0732,11.6977,0.827164,214.017,

0.678333,5.29114,0.190148,0.193549,0.0769419,0.262944,0.135252,0.127903,0.0545833,0.154565,0.478897,15.7287,7.53242,0.650856,98.0389,
0.736577,7.06098,0.142752,0.150815,0.152422,0.225465,0.0882176,0.0856927,0.0946173,0.152985,0.526268,19.1714,10.0893,0.740527,178.973,
0.644443,6.31169,0.0888214,0.0760806,0.00617299,0.321105,0.0633594,0.0380722,0.0129701,0.214304,0.497155,18.1887,9.0426,0.760887,166.04,
0.670038,6.60081,0.0406536,0.0937354,0.0421432,0.296041,0.0271581,0.0555282,0.021686,0.201746,0.535367,19.8975,10.6525,0.866702,180.642,
0.799316,5.40846,0.0336097,0.135931,0.129993,0.182049,0.0197408,0.0969604,0.0884925,0.129031,0.582983,11.2986,6.58691,0.782956,86.7749,
0.992492,8.1472,0.0537096,0.03773,0.0637243,0.00402544,0.032279,0.0194111,0.0525755,0.00855027,0.714163,17.0645,12.1868,0.816486,195.243,

0.637577,6.33697,0.0471134,0.103652,0.0295658,0.336281,0.0283016,0.0671793,0.0184785,0.232022,0.480847,18.9965,9.13441,0.724145,157.279,
0.712808,7.67149,0.0971412,0.0378235,0.028907,0.271687,0.070351,0.0225879,0.0277378,0.207403,0.544892,20.1164,10.9613,0.811275,221.943,
0.681416,7.46281,0.0444252,0.0704444,0.032593,0.293214,0.0258809,0.0414345,0.0230867,0.214383,0.549506,21.1575,11.6262,0.803791,218.606,
0.59107,5.27738,0.116338,0.147486,0.138263,0.406244,0.057874,0.0982852,0.0979841,0.31093,0.362143,15.9526,5.77711,0.621564,110.137,
0.497838,5.33362,0.0687031,0.108299,0.0344811,0.523837,0.0610516,0.0832854,0.0293402,0.400174,0.360555,18.2688,6.58691,0.650847,139.758,
0.603381,7.3422,0.00801001,0.0499275,0.139656,0.396857,0.0132744,0.0344701,0.0995809,0.299387,0.4,23.2883,9.3153,0.66833,225.281,

0.77214,7.69719,0.0463803,0.0366455,0.0540184,0.187216,0.0252453,0.0207881,0.0491914,0.118964,0.614355,20.7091,12.7228,0.750973,222.778,
0.794359,9.76958,0.0691643,0.107618,0.0914001,0.151816,0.0338435,0.0617447,0.0657843,0.0918071,0.578201,29.13,16.843,0.698033,362.118,
0.849655,9.137,0.0857513,0.0380352,0.0901929,0.128326,0.0492816,0.0289304,0.0779674,0.0908709,0.567733,22.7537,12.918,0.693599,285.773,
0.61993,6.7814,0.0613157,0.16446,0.185009,0.346312,0.0359818,0.104586,0.134072,0.240541,0.496139,21.4707,10.6525,0.831874,196.495,
0.70492,6.92951,0.0804969,0.09423,0.140459,0.262057,0.0544967,0.0567868,0.0981926,0.18113,0.512148,18.1887,9.3153,0.716502,177.722,
0.549802,6.64209,0.0131678,0.215549,0.0208491,0.422053,0.019885,0.140186,0.00585769,0.294784,0.46347,23.9767,11.1125,0.731159,222.361,

0.973597,9.56888,0.0979469,0.0601877,0.0519595,0.0139814,0.0582865,0.0452506,0.0337504,0.00453894,0.652201,20.6789,13.4868,0.745269,273.257,
0.846386,8.54167,0.0166697,0.0758018,0.149734,0.117295,0.00468502,0.0531004,0.101407,0.066972,0.605364,21.9701,13.2999,0.870731,260.742,
0.850712,7.696,0.018447,0.0303595,0.0353832,0.109427,0.0135531,0.0198861,0.0158982,0.0559681,0.697729,18.2345,12.7228,0.79726,196.912,
0.863036,7.91268,0.0501698,0.0668895,0.108158,0.106897,0.0410656,0.0477587,0.0608624,0.0734678,0.627539,19.42,12.1868,0.850829,219.023,
0.929168,8.33718,0.0600416,0.0642033,0.0616682,0.0693718,0.0437973,0.0424118,0.0563177,0.0681589,0.723102,17.8647,12.918,0.861075,218.189,
0.850762,8.1348,0.0837953,0.0503484,0.154605,0.118442,0.0551107,0.0422195,0.106956,0.0725208,0.565371,19.3878,10.9613,0.775874,215.686,

0.879993,14.8567,0.0263964,0.0787573,0.121933,0.103004,0.0165402,0.0613367,0.0797182,0.0748331,0.666548,34.2875,22.8543,0.648491,733.414,
0.820754,13.4531,0.0727291,0.115981,0.0969946,0.141214,0.0422409,0.0743402,0.0632695,0.0869783,0.584705,37.6233,21.9986,0.66544,653.732,
0.912049,15.3299,0.0257873,0.0238476,0.0168456,0.0659631,0.0126657,0.0205491,0.0169198,0.0375951,0.762637,34.5481,26.3477,0.74439,761.783,
0.821096,12.1709,0.00317767,0.13181,0.0425877,0.137431,0.00222739,0.0853193,0.0397942,0.08181,0.620584,31.7741,19.7185,0.804653,516.06,
0.762441,11.9595,0.0519041,0.143789,0.0315767,0.190515,0.0298871,0.0973158,0.00978272,0.116611,0.579458,32.9156,19.0732,0.703634,527.324,
0.913388,14.2008,0.0583537,0.0990667,0.0527041,0.0673462,0.039357,0.0708887,0.0380579,0.0433327,0.667478,34.6205,23.1084,0.741991,636.21,

0.931384,17.382,0.00899317,0.0992728,0.0373053,0.0543575,0.0101656,0.0591612,0.0204489,0.0374872,0.633114,42.4578,26.8806,0.670166,1026.28,
0.98892,15.0894,0.032297,0.0391781,0.0158847,0.0160008,0.023178,0.0209328,0.00350141,0.0246831,0.712445,34.4029,24.5102,0.675189,744.678,
0.898931,17.4129,0.0651419,0.0622358,0.153406,0.0689473,0.0322154,0.0323382,0.0961462,0.037846,0.562226,46.2394,25.997,0.646968,1037.13,
0.82547,14.7785,0.0445371,0.0190002,0.120145,0.133655,0.0197078,0.0133477,0.0724154,0.0844185,0.585668,39.9467,23.3955,0.66525,819.772,
0.846382,13.5491,0.0392245,0.0671818,0.086075,0.122022,0.0275445,0.0392897,0.0534734,0.083683,0.652863,36.3774,23.7495,0.776509,670.002,
0.804847,16.0222,0.0769798,0.050288,0.0268164,0.163246,0.0455099,0.0317249,0.0199214,0.113151,0.586029,43.7547,25.6415,0.613994,967.873,

0.760985,5.83531,0.0862111,0.0677374,0.142919,0.20425,0.0460759,0.0535711,0.097955,0.138938,0.565685,16.4673,9.3153,0.823023,141.009,
0.738752,5.59488,0.0775046,0.0927852,0.0856835,0.228082,0.0387215,0.0724349,0.0617509,0.156033,0.616086,15.1201,9.3153,0.793696,129.328,
0.793991,6.12283,0.0734007,0.0568229,0.051448,0.17559,0.043019,0.0315306,0.0231996,0.120626,0.632456,16.3401,10.3344,0.803597,143.512,
0.831703,5.61632,0.0360484,0.0400525,0.045806,0.146875,0.021221,0.00753478,0.045831,0.103943,0.666667,13.7016,9.13441,0.860146,118.898,
0.811001,5.59253,0.0721626,0.074121,0.0361053,0.15794,0.031503,0.046429,0.0180127,0.1058,0.612741,15.2027,9.3153,0.889046,121.401,
0.847872,5.76439,0.015296,0.077585,0.0818023,0.13735,0.00484715,0.0412377,0.0627956,0.105,0.64178,14.5148,9.3153,0.814581,119.733,

0.63194,10.9295,0.0251756,0.310306,0.217905,0.346152,0.0155301,0.204122,0.156322,0.249344,0.367607,35.1408,12.918,0.529685,459.323,
0.558877,7.91708,0.0971078,0.191263,0.0668292,0.415517,0.0601959,0.124076,0.0337989,0.29232,0.501584,26.8884,13.4868,0.74567,304.964,
0.483287,7.59239,0.0747954,0.163901,0.00708909,0.521214,0.0374869,0.10253,0.0302373,0.384083,0.371579,28.6681,10.6525,0.603917,300.792,
0.521368,7.69828,0.0683319,0.237001,0.137548,0.478998,0.03022,0.154535,0.103592,0.358374,0.367224,29.008,10.6525,0.617938,289.11,
0.517357,6.74322,0.0861197,0.148176,0.0332198,0.480325,0.0567578,0.083891,0.0384184,0.354784,0.358503,25.2232,9.0426,0.698463,228.201,

0.688895,7.64855,0.0811075,0.0487791,0.131867,0.265923,0.0419676,0.0255233,0.0809431,0.170235,0.620174,23.2883,14.4428,0.881592,296.203,
0.673923,7.80408,0.0637908,0.0625992,0.0673149,0.292519,0.0352585,0.0427362,0.0431709,0.199137,0.525588,27.4792,14.4428,0.756419,323.32,
0.653326,7.72105,0.104929,0.0745052,0.151993,0.309345,0.0561718,0.0485045,0.0960143,0.206253,0.562051,27.9608,15.7154,0.82582,354.609,

0.458679,7.05975,0.199411,0.288108,0.21011,0.512483,0.110651,0.160475,0.117696,0.356899,0.397179,32.6866,12.9824,0.720361,352.523,
0.469082,6.98042,0.148888,0.209783,0.195034,0.495585,0.0632831,0.0902467,0.105711,0.338693,0.362872,35.2415,12.7882,0.688287,337.921,
0.19251,5.13646,0.0625165,0.683877,0.0499916,0.870454,0.0453459,0.484452,0.0319613,0.711367,0.177729,50.8787,9.0426,0.547112,427.616,

0.266673,6.28036,0.205667,0.506674,0.144233,0.733235,0.0863952,0.293555,0.0585935,0.524985,0.245542,55.9254,13.732,0.552315,522.318,
0.302326,6.09638,0.14238,0.456881,0.111748,0.704466,0.0722576,0.272646,0.0688102,0.503947,0.246911,49.6335,12.2551,0.588755,452.648,
0.339752,6.44595,0.132354,0.387752,0.0682166,0.67407,0.0708543,0.235636,0.0386998,0.493242,0.288366,44.1202,12.7228,0.63154,436.795,
0.317974,6.14283,0.111827,0.422911,0.0666865,0.701397,0.0592254,0.258336,0.0414913,0.51762,0.273997,42.693,11.6977,0.658166,425.948,
0.301666,6.10044,0.115383,0.466567,0.0545817,0.714393,0.0582397,0.286119,0.0163247,0.518842,0.253518,43.2367,10.9613,0.610743,424.696,
0.307433,6.27634,0.136562,0.454873,0.0953482,0.707531,0.0721281,0.279134,0.0583179,0.514262,0.269056,45.5485,12.2551,0.631892,494.784,

0.971628,10.3954,0.031116,0.0180554,0.0343508,0.0203223,0.0184755,0.00284705,0.0278219,0.0197354,0.703598,27.5399,19.377,0.847103,425.113,
0.942497,10.0772,0.0351403,0.0144078,0.0154977,0.0475725,0.0201019,0.00454025,0.0146311,0.0392376,0.744001,25.8118,19.204,0.841066,413.015,
0.94498,9.93255,0.0230703,0.0113516,0.0111612,0.0490472,0.015971,0.0133159,0.00929032,0.0405418,0.82032,24.0375,19.7185,0.930228,403.002,
0.978406,10.2315,0.0255986,0.0198845,0.0143312,0.0239082,0.0143912,0.013731,0.0124901,0.0244955,0.789454,24.9237,19.6761,0.915204,406.757,
0.984945,10.2067,0.0235348,0.0197005,0.0313962,0.0112529,0.0171832,0.0171267,0.0210805,0.0168584,0.746564,26.3556,19.6761,0.901255,410.929,
0.949242,9.97138,0.0276689,0.0129254,0.0213765,0.0384026,0.0162886,0.0194188,0.0179458,0.0281258,0.737235,27.2582,20.0957,0.864885,418.438,

0.664668,7.79076,0.0648615,0.0694175,0.0917323,0.299621,0.0422447,0.0426315,0.061665,0.202366,0.500723,29.4151,14.7288,0.730697,343.762,
0.791163,7.77241,0.0147902,0.0306539,0.0469801,0.173805,0.0106837,0.0278846,0.0280708,0.115549,0.671902,22.4212,15.0648,0.878331,288.276,
0.879691,8.11548,0.051702,0.0559702,0.101056,0.088964,0.0353735,0.0284264,0.0624854,0.0525321,0.707107,21.3831,15.1201,0.880112,295.368,

0.674498,10.6293,0.0419151,0.0754,0.0524276,0.290421,0.021361,0.0406194,0.0344711,0.199394,0.594225,34.7828,20.6688,0.894161,573.215,
0.643266,10.225,0.0277314,0.0711217,0.0570021,0.319349,0.0139966,0.0378775,0.0361098,0.213851,0.532878,34.9622,18.6306,0.863155,556.11,
0.595216,9.6971,0.0592752,0.126568,0.0564001,0.367189,0.0306536,0.0683056,0.0345634,0.24795,0.534273,36.589,19.5485,0.872283,549.435,
0.607042,10.381,0.0525508,0.120336,0.0568745,0.352511,0.0303857,0.064305,0.0371296,0.234734,0.533633,38.8078,20.7091,0.871142,625.363,
0.587807,9.70246,0.0432659,0.139277,0.0585775,0.374976,0.0237131,0.0775805,0.0380003,0.252878,0.517472,37.4455,19.377,0.868784,545.68,
0.4909,9.30461,0.0191237,0.213582,0.00841813,0.488157,0.0125837,0.120279,0.00462909,0.33969,0.434119,39.7005,17.2348,0.763669,581.141,

0.897204,10.576,0.028468,0.045867,0.0142549,0.086092,0.0151102,0.0245679,0.011009,0.0604687,0.772938,26.7406,20.6688,0.88784,452.648,
0.869335,10.2487,0.0284965,0.0271274,0.0325383,0.102626,0.0156385,0.0151751,0.0214165,0.0666278,0.73082,26.9813,19.7185,0.902811,434.709,
0.84448,10.0516,0.0159841,0.0234459,0.0549965,0.122839,0.0102415,0.00923839,0.0337465,0.0803629,0.734333,26.3872,19.377,0.910407,440.966,
0.890213,9.92979,0.0304763,0.0143467,0.0553881,0.0852289,0.0218847,0.0105911,0.0332643,0.0554393,0.731941,25.4537,18.6306,0.860799,415.101,
0.779875,9.47098,0.0741972,0.037435,0.14613,0.172914,0.038434,0.0295992,0.08954,0.111113,0.618206,29.0296,17.9463,0.832882,420.107,
0.74591,9.1011,0.070113,0.042442,0.0558991,0.21433,0.0421574,0.019087,0.0460579,0.146808,0.634817,28.9216,18.3599,0.912485,419.69,

0.764834,8.199,0.0478682,0.00843027,0.107626,0.191254,0.0203975,0.00970869,0.0598048,0.121018,0.527046,29.5142,15.5553,0.756326,334.584,
0.682767,8.21671,0.100452,0.0512641,0.131205,0.264728,0.0474514,0.0225684,0.0739368,0.168768,0.454751,34.324,15.6089,0.694298,370.045,
0.696333,7.84058,0.0338693,0.0507005,0.0608215,0.258678,0.020293,0.0199844,0.0365479,0.165267,0.510971,28.6025,14.615,0.802837,320.399,

0.360589,6.31346,0.16603,0.373479,0.156346,0.624652,0.0830681,0.212821,0.093083,0.437117,0.274414,47.3097,12.9824,0.579565,395.91,
0.394291,6.62845,0.103176,0.351675,0.0680835,0.581817,0.0459056,0.199445,0.0274463,0.396623,0.275902,48.2051,13.2999,0.575847,421.776,
0.545096,8.11429,0.200495,0.190659,0.210769,0.416065,0.110265,0.114316,0.139739,0.275506,0.399688,36.5662,14.615,0.730863,396.327,
0.75354,12.6553,0.0613144,0.0367771,0.403214,0.2493,0.0403328,0.0351785,0.291345,0.202415,0.473184,33.2121,15.7154,0.687942,547.766,
0.56954,8.04744,0.192776,0.125159,0.151458,0.407276,0.103319,0.0701405,0.0913263,0.284613,0.405347,34.324,13.9131,0.703708,372.548,
0.958337,12.3245,0.108776,0.181282,0.412079,0.0180208,0.0778721,0.108091,0.271776,0.00821406,0.531398,25.3798,13.4868,0.726838,369.21,

0.439721,8.19452,0.24429,0.230234,0.240874,0.556992,0.1364,0.120058,0.129263,0.416419,0.283866,50.8787,14.4428,0.553813,492.28,
0.393365,7.24089,0.216777,0.305817,0.226414,0.601212,0.11377,0.166725,0.114381,0.437033,0.287525,48.5973,13.973,0.606514,468.918,
0.477988,7.23291,0.185066,0.197452,0.234012,0.50711,0.0958409,0.106658,0.13148,0.367589,0.38757,35.8983,13.9131,0.74519,366.707,

0.680927,9.33952,0.0735124,0.114695,0.0962477,0.238725,0.0283644,0.053783,0.0575396,0.133867,0.49248,36.8163,18.1313,0.808307,447.224,
0.654839,9.17359,0.0796367,0.149438,0.0725613,0.265883,0.0362679,0.0767784,0.0373432,0.149673,0.49992,36.1762,18.0852,0.79654,436.377,
0.56496,8.92807,0.0983728,0.212689,0.0696701,0.349013,0.0409555,0.108536,0.022062,0.201298,0.406511,42.6343,17.3313,0.694828,465.163,

0.431747,6.95833,0.161413,0.283441,0.1203,0.541272,0.0794619,0.153838,0.0510575,0.374556,0.324399,39.4211,12.7882,0.692931,380.057,
0.429223,6.91893,0.142479,0.306872,0.0871811,0.536126,0.0702137,0.166745,0.03643,0.361058,0.324399,39.4211,12.7882,0.662349,353.357,
0.490691,6.8415,0.097222,0.261168,0.0202804,0.478543,0.0552941,0.147937,0.0194078,0.331625,0.391856,32.9662,12.918,0.745075,309.97,
0.493607,7.09015,0.1204,0.193293,0.0554043,0.489828,0.0632192,0.113679,0.0144403,0.349286,0.383584,33.1681,12.7228,0.762061,350.437,
0.542296,6.82985,0.133196,0.158002,0.210115,0.383612,0.0604471,0.0801848,0.110273,0.213956,0.466931,27.8037,12.9824,0.825525,293.7,
0.527811,6.32497,0.112551,0.15056,0.146464,0.439893,0.0610385,0.0874286,0.0746031,0.29553,0.480441,24.3479,11.6977,0.83672,244.054,

0.686077,8.83188,0.0569114,0.117108,0.0586028,0.265051,0.0330803,0.074612,0.0340807,0.176938,0.472809,36.4519,17.2348,0.729118,444.304,
0.652211,8.9908,0.0771102,0.143586,0.126511,0.288859,0.0369745,0.0831997,0.0768872,0.18488,0.43032,39.4845,16.991,0.66632,488.526,
0.693901,9.05951,0.109513,0.11399,0.126186,0.253514,0.0596703,0.0711295,0.0767745,0.161636,0.507594,34.2388,17.3794,0.727998,455.985,
0.702952,9.20534,0.139896,0.130943,0.158574,0.238777,0.0754193,0.0801616,0.0881554,0.15153,0.465374,35.548,16.5431,0.771573,433.457,
0.708152,9.0665,0.12229,0.163721,0.165005,0.231143,0.0674168,0.0996438,0.0965434,0.144823,0.517785,31.7544,16.4419,0.839577,397.996,
0.772184,8.79097,0.0362449,0.0411399,0.0943814,0.185098,0.0252301,0.0242284,0.062183,0.119068,0.594635,27.4792,16.3401,0.805796,390.904,

0.545823,6.22661,0.0654838,0.183631,0.0542987,0.406291,0.0321368,0.0942536,0.0275186,0.272085,0.402816,30.2541,12.1868,0.760105,266.582,
0.489582,6.03349,0.0827517,0.237595,0.0626888,0.457016,0.0348573,0.120988,0.027294,0.297577,0.366939,33.2121,12.1868,0.719495,267.834,
0.515754,6.08777,0.123444,0.204057,0.0989767,0.437187,0.0626587,0.103806,0.0482788,0.293899,0.411146,29.6411,12.1868,0.75195,251.981,
0.55197,6.17284,0.0710546,0.168593,0.0486191,0.395468,0.0319761,0.0874884,0.0322876,0.260223,0.416659,30.6921,12.7882,0.761293,272.423,
0.606977,6.4385,0.0961271,0.133239,0.0900679,0.34379,0.0496907,0.0752701,0.04613,0.231045,0.509584,25.8521,13.1738,0.835898,259.907,
0.721299,6.54052,0.0366121,0.0781079,0.0366685,0.234665,0.0206409,0.0569861,0.0318695,0.161209,0.587364,22.6434,13.2999,0.876954,235.711,

0.366225,6.10425,0.18587,0.39617,0.148174,0.596025,0.0931676,0.212564,0.0788292,0.387881,0.341743,38.5489,13.1738,0.653677,325.823,
0.40762,6.63007,0.195961,0.34897,0.170545,0.53732,0.0924168,0.178303,0.0803989,0.339093,0.341313,40.2329,13.732,0.654807,378.388,
0.406444,6.45538,0.202467,0.357331,0.152959,0.53733,0.0978278,0.188916,0.0672791,0.341536,0.344957,39.097,13.4868,0.661784,342.51,
0.529573,6.64323,0.109482,0.246538,0.100994,0.409593,0.061258,0.135947,0.0629368,0.25618,0.445933,30.7939,13.732,0.738242,289.528,
0.438231,6.67919,0.191636,0.314669,0.184553,0.480829,0.0754259,0.155068,0.0892973,0.289679,0.363595,37.0929,13.4868,0.631194,332.081,
0.64396,7.22214,0.0600245,0.167378,0.0456367,0.304226,0.0334446,0.10062,0.036601,0.196787,0.511243,28.2503,14.4428,0.801797,296.62,

0.790296,7.62994,0.0827612,0.0733967,0.122876,0.159543,0.0454537,0.0457167,0.0738416,0.0935542,0.625303,21.9606,13.732,0.849051,228.618,
0.826266,7.30137,0.0383061,0.0418274,0.061418,0.13774,0.023855,0.0274295,0.0453947,0.0848764,0.699486,18.1887,12.7228,0.805549,200.25,
0.723726,7.2877,0.0765197,0.107232,0.0957621,0.234373,0.0451938,0.0615516,0.0598224,0.152751,0.556185,23.3419,12.9824,0.800589,231.956,
0.761017,6.87765,0.0459937,0.0899714,0.0243557,0.209021,0.0253742,0.0615325,0.0201152,0.14744,0.64153,18.9965,12.1868,0.888401,188.151,
0.690726,7.10238,0.0609914,0.128517,0.0636065,0.270297,0.0405575,0.0748882,0.0336018,0.183066,0.585206,22.0743,12.918,0.892433,231.539,
0.642322,6.44974,0.0734244,0.0907067,0.0950383,0.328476,0.0427973,0.0518765,0.0636188,0.23194,0.548186,20.2714,11.1125,0.860203,192.74,

0.435467,8.24386,0.0261867,0.223575,0.0458084,0.609636,0.0234253,0.156249,0.0660929,0.501177,0.490778,34.6205,16.991,0.840319,515.643,
0.418663,8.52508,0.0418388,0.295316,0.0783221,0.638049,0.037555,0.224238,0.105317,0.537216,0.422926,36.9068,15.6089,0.735799,567.791,
0.399996,8.06572,0.0342856,0.27781,0.0930308,0.659926,0.0066489,0.197363,0.107246,0.562855,0.448722,35.1408,15.7684,0.762858,521.066,
0.853065,7.89752,0.0216155,0.0119095,0.0904887,0.126399,0.0113108,0.0106278,0.059194,0.0918095,0.663555,22.1968,14.7288,0.892714,277.846,
0.3939,8.00274,0.00158918,0.25744,0.0421352,0.674197,0.0198594,0.19947,0.0766148,0.581505,0.466414,36.429,16.991,0.822744,543.594,
0.663108,16.087,0.233568,0.201855,0.5791,0.244392,0.132679,0.16777,0.471654,0.0986653,0.354002,44.3936,15.7154,0.608374,822.692,

0.43072,8.2186,0.257189,0.205185,0.219623,0.597855,0.143957,0.114104,0.106864,0.462966,0.30812,47.433,14.615,0.53776,490.612,
0.384307,7.26501,0.261323,0.252194,0.173907,0.65115,0.154283,0.145886,0.0842898,0.499117,0.312651,43.9212,13.732,0.593884,458.905,
0.429186,8.26226,0.306444,0.223913,0.256822,0.621825,0.183092,0.140123,0.147191,0.497206,0.305208,42.5363,12.9824,0.576763,469.752,
0.821264,7.67055,0.0891635,0.158985,0.213136,0.133896,0.0496211,0.0856218,0.113826,0.0896359,0.520846,24.5527,12.7882,0.71908,234.459,
0.437773,8.51811,0.254645,0.167032,0.203961,0.632034,0.164529,0.115906,0.12744,0.531666,0.28641,45.3282,12.9824,0.5645,491.029,
0.501036,6.21128,0.20834,0.265357,0.212169,0.434196,0.0960984,0.131562,0.11199,0.270922,0.391212,29.7184,11.6262,0.706668,241.551,

0.614374,14.454,0.254678,0.200501,0.154955,0.30329,0.161665,0.124114,0.100522,0.149985,0.470767,49.6965,23.3955,0.608861,876.509,
0.925803,16.3481,0.054727,0.118508,0.0960338,0.036592,0.0345874,0.069677,0.0609854,0.0148711,0.633333,38.754,24.5442,0.760697,798.913,
0.710315,15.9229,0.143271,0.176793,0.168432,0.21853,0.0842793,0.110243,0.116641,0.109819,0.58612,48.1358,28.2133,0.67742,1017.52,

0.539804,4.80303,0.0253942,0.230188,0.172644,0.44531,0.0058347,0.163612,0.134163,0.309173,0.42679,15.1339,6.459,0.597867,93.867,
0.591331,6.68941,0.055294,0.0673211,0.156493,0.397933,0.0316938,0.0413403,0.116919,0.290168,0.490321,20.0645,9.83806,0.777665,193.575,
0.586981,5.72603,0.134222,0.0435005,0.208967,0.411161,0.0742513,0.0130396,0.147087,0.306034,0.484724,17.0645,8.27156,0.806198,136.42,

0.727755,9.84634,0.0658204,0.0928206,0.0533223,0.236803,0.042019,0.0630719,0.0225392,0.162124,0.615253,29.2444,17.9927,0.820401,437.212,
0.786852,11.7281,0.0545764,0.0531567,0.046931,0.183868,0.0385389,0.0298636,0.0323877,0.127269,0.607543,32.4561,19.7185,0.749841,608.676,
0.701542,10.7151,0.0512773,0.0843566,0.0707462,0.266649,0.0295912,0.0459887,0.0485524,0.182946,0.606339,33.686,20.4252,0.829391,559.03,
0.598815,10.2485,0.0286678,0.134956,0.00631496,0.380787,0.0209014,0.0818495,0.00931174,0.271983,0.514669,36.1992,18.6306,0.777374,606.59,

0.618229,16.9887,0.0964208,0.157464,0.0993848,0.32361,0.0571756,0.0947396,0.0698951,0.18546,0.500972,57.659,28.8855,0.751165,1355.02,
0.84261,16.9058,0.0995085,0.0929707,0.0635737,0.106439,0.0621646,0.0589655,0.0372929,0.0463612,0.598633,46.131,27.6155,0.666833,991.236,
0.677537,16.5344,0.14365,0.169163,0.151792,0.251489,0.0867612,0.1145,0.110039,0.123981,0.509584,51.7043,26.3477,0.595502,1131.83,

0.593725,10.0609,0.0966333,0.138662,0.100518,0.41936,0.0591511,0.0914249,0.0711659,0.32634,0.366585,34.8846,12.7882,0.613239,416.77,
0.729663,8.12537,0.0924255,0.0912563,0.0349477,0.26204,0.0625242,0.059443,0.0295433,0.201505,0.515058,20.0645,10.3344,0.684224,229.453,
0.735374,9.20853,0.0667776,0.0472095,0.0367919,0.233631,0.0437577,0.0341108,0.0347684,0.16163,0.64198,24.3137,15.6089,0.784579,314.142,
0.669705,4.37121,0.106123,0.0805485,0.148869,0.324252,0.080788,0.0802624,0.0978731,0.244565,0.360505,10.7499,3.8754,0.6491,63.4124,
0.669062,9.67542,0.130544,0.0240168,0.183642,0.298249,0.08338,0.0139136,0.138157,0.203566,0.448449,28.806,12.918,0.59615,340.007,
0.677765,7.30367,0.156447,0.112204,0.301324,0.29142,0.0855156,0.0749009,0.200831,0.201082,0.45815,20.527,9.40445,0.693281,180.225,

0.704646,28.2287,0.108429,0.145455,0.176737,0.224645,0.0615452,0.083101,0.120418,0.118369,0.562743,85.1829,47.9361,0.623562,3008.75,
0.711381,29.3016,0.14076,0.0929231,0.225799,0.221716,0.086124,0.05117,0.145002,0.120517,0.535878,86.9498,46.5944,0.479503,3054.22,
0.640197,28.811,0.151453,0.133067,0.243978,0.290724,0.0855415,0.0608413,0.16723,0.162626,0.450501,91.9381,41.4183,0.500699,3076.34,
0.838445,31.2085,0.0367612,0.0562291,0.180817,0.11181,0.0374176,0.0269117,0.119726,0.0602505,0.570831,79.5926,45.4339,0.549554,2970.37,
0.921466,29.6334,0.0748502,0.011958,0.0663702,0.0453503,0.0495645,0.00813972,0.0453752,0.0128415,0.712536,65.3924,46.5944,0.64666,2626.19,
0.785878,27.1332,0.11047,0.0831089,0.120923,0.166978,0.069226,0.0487489,0.0795345,0.102282,0.583566,73.983,43.174,0.652012,2468.49,

0.871742,10.2411,0.0200438,0.0235859,0.0361176,0.106401,0.014522,0.0250762,0.0311669,0.0731641,0.670714,24.1328,16.1862,0.822324,352.106,
0.702019,8.82452,0.06638,0.019822,0.10581,0.251808,0.0431811,0.0129685,0.0704891,0.159962,0.557451,25.9086,14.4428,0.736548,309.553,
0.727026,7.96152,0.0367358,0.109282,0.0301857,0.233819,0.0225091,0.0827608,0.0447646,0.150621,0.590292,21.6641,12.7882,0.814566,238.631,
0.587365,7.78574,0.0940636,0.0984441,0.0845024,0.394381,0.0568337,0.0677038,0.0621094,0.282233,0.449325,25.7146,11.5542,0.66592,277.012,
0.650311,7.67801,0.101438,0.0560752,0.0394837,0.311369,0.0620096,0.0302972,0.0371314,0.20493,0.470154,23.4756,11.0371,0.698453,246.14,
0.716105,8.87847,0.0514443,0.065565,0.0498211,0.233461,0.0353163,0.0419008,0.0438351,0.140371,0.540158,25.8683,13.973,0.809924,319.148,

0.460486,12.3162,0.132271,0.248535,0.157036,0.538992,0.0847019,0.155912,0.128717,0.384644,0.401212,49.0416,19.6761,0.630113,886.939,
0.511703,13.1792,0.156132,0.236984,0.202686,0.476424,0.0996741,0.150006,0.151635,0.340008,0.454552,49.7133,22.5973,0.65545,904.461,
0.586235,15.0057,0.136338,0.238606,0.214795,0.397376,0.0828488,0.162034,0.144094,0.289195,0.462528,50.2724,23.2524,0.654493,1004.17,
0.604087,14.6082,0.216904,0.14891,0.279047,0.364919,0.134782,0.0906206,0.182551,0.251982,0.468186,48.2656,22.5973,0.646224,924.486,
0.582539,14.3552,0.16165,0.196634,0.187212,0.397534,0.1011,0.131106,0.132337,0.284204,0.464299,47.3802,21.9986,0.623328,902.792,
0.589251,14.6329,0.0776942,0.198898,0.146313,0.371994,0.050122,0.126128,0.1072,0.242436,0.518152,51.3358,26.5998,0.636612,1105.96,

0.538069,14.7376,0.117541,0.12483,0.0787912,0.468872,0.0758784,0.0824148,0.0520816,0.363428,0.411445,53.2819,21.9226,0.599509,1084.69,
0.624752,15.2516,0.0612277,0.0558492,0.0524326,0.373528,0.0437071,0.0355784,0.0317658,0.294102,0.520689,45.2729,23.5731,0.627474,1062.57,
0.681615,16.0519,0.100259,0.0700601,0.115387,0.307655,0.0600905,0.054634,0.0814807,0.232812,0.572415,45.64,26.125,0.784507,1060.07,
0.702331,16.9471,0.04552,0.00566961,0.0475999,0.273794,0.0306747,0.00537497,0.0336836,0.198859,0.607849,47.5209,28.8855,0.776684,1236.12,

0.645871,7.12479,0.0646969,0.201105,0.0990513,0.305995,0.0267413,0.117375,0.0410586,0.21499,0.459876,30.2541,13.9131,0.702873,282.018,
0.74709,7.33125,0.0151975,0.119724,0.109434,0.215533,0.0103411,0.0783055,0.0608213,0.152328,0.619444,21.4707,13.2999,0.831848,252.398,
0.942301,8.53187,0.012399,0.00529794,0.0514358,0.0542496,0.0126838,0.00591748,0.0319616,0.0460507,0.779848,20.2199,15.7684,0.867655,282.435,

0.745238,5.93787,0.0588142,0.0158309,0.0857906,0.227377,0.0245474,0.0071869,0.0509824,0.154987,0.606747,15.3529,9.3153,0.839313,141.426,
0.716539,5.44908,0.03786,0.0378247,0.109388,0.242162,0.0144753,0.0406425,0.0726489,0.149023,0.599694,15.0787,9.0426,0.885263,120.567,
0.35707,5.34832,0.032371,0.379926,0.043587,0.654346,0.0219959,0.238034,0.042549,0.483921,0.306232,30.4191,9.3153,0.715141,236.962,
0.421459,6.26998,0.0774564,0.315387,0.127521,0.580819,0.0303799,0.196452,0.098268,0.418106,0.338856,29.7745,10.0893,0.703519,282.435,
0.361451,5.51684,0.126028,0.382892,0.115415,0.627024,0.0533555,0.224956,0.0650067,0.428113,0.292258,32.1785,9.40445,0.609804,245.306,

0.839933,8.71877,0.0193367,0.023857,0.0853455,0.134498,0.00857508,0.0119156,0.0567759,0.0939501,0.718898,21.7122,15.6089,0.932642,299.123,
0.59709,7.78028,0.0533446,0.11967,0.0904223,0.364694,0.0343544,0.0666037,0.0669221,0.240967,0.524369,28.8349,15.1201,0.845849,362.535,
0.637698,7.47451,0.043169,0.120203,0.0734419,0.326207,0.0193454,0.0652252,0.065114,0.221411,0.537362,26.5527,14.2684,0.818139,283.687,
0.576395,9.97605,0.0737389,0.179807,0.0669001,0.410696,0.0487782,0.129649,0.0420142,0.302883,0.503262,37.0197,18.6306,0.808329,550.687,

0.859058,8.23861,0.0551441,0.0260855,0.059025,0.0983933,0.0351538,0.0113608,0.0365115,0.0471534,0.634633,24.5951,15.6089,0.808038,306.215,
0.84689,7.97152,0.0426908,0.0160439,0.0656812,0.102664,0.023335,0.0112556,0.0481017,0.0473272,0.562749,26.1729,14.7288,0.78923,294.534,
0.885526,8.20826,0.0244585,0.13952,0.159856,0.0800769,0.00649446,0.0797679,0.102718,0.0408751,0.527845,24.5951,12.9824,0.787082,266.165,

0.703284,8.02406,0.0666803,0.0533529,0.166499,0.247364,0.0392336,0.0341517,0.110756,0.156168,0.584705,25.1901,14.7288,0.914333,314.976,
0.653165,8.03461,0.0838314,0.049174,0.193845,0.298254,0.0416407,0.0230223,0.110363,0.196079,0.5547,26.5527,14.7288,0.804468,357.946,
0.573257,7.58736,0.036118,0.120964,0.0418039,0.397734,0.0356548,0.0710076,0.0110229,0.272405,0.526789,27.7436,14.615,0.879043,345.848,
0.528041,7.6181,0.122674,0.141204,0.153035,0.431197,0.058709,0.069371,0.0730779,0.28326,0.435162,33.8466,14.7288,0.7318,397.162,
0.521105,7.62283,0.144489,0.147288,0.174087,0.443879,0.0665203,0.0679614,0.0854338,0.295772,0.470445,32.0226,15.0648,0.787399,388.818,
0.583075,8.2158,0.150011,0.131188,0.122467,0.380519,0.0787283,0.0581386,0.0612718,0.256546,0.42512,34.3786,14.615,0.70185,393.824,

0.793834,8.31738,0.0712747,0.178267,0.0414945,0.171785,0.0572712,0.115176,0.0252003,0.118177,0.52791,22.5603,11.9098,0.746411,229.87,
0.782608,7.00486,0.0825756,0.171153,0.0524561,0.178233,0.0526349,0.110674,0.0282547,0.11254,0.515026,17.7358,9.13441,0.740257,158.948,
0.940528,9.23018,0.094094,0.0644145,0.0447993,0.0543981,0.0600046,0.0505804,0.022605,0.0496006,0.627811,20.6789,12.9824,0.756276,244.471,
0.929283,8.79569,0.0900826,0.0881518,0.0948151,0.0484092,0.0631332,0.0649088,0.0627489,0.0326596,0.66519,19.42,12.918,0.831063,220.692,
0.729111,6.73907,0.035916,0.0561255,0.17499,0.246526,0.030508,0.0555485,0.131657,0.1749,0.476431,18.1887,8.66566,0.731613,156.028,
0.755678,7.70807,0.0545781,0.0906429,0.186465,0.215407,0.0424328,0.051975,0.121958,0.152628,0.524097,19.7185,10.3344,0.754963,201.918,

0.914758,9.40041,0.0398591,0.019947,0.0316839,0.0698174,0.032737,0.00956556,0.0228474,0.0488647,0.762362,22.0932,16.843,0.925723,321.651,
0.878326,9.27563,0.00898708,0.0309662,0.00557026,0.098319,0.00713767,0.021242,0.00183294,0.0651708,0.762362,22.0932,16.843,0.93137,324.989,
0.79285,8.69878,0.0245989,0.0118742,0.0286533,0.177221,0.0177581,0.00748916,0.0223163,0.122042,0.695251,22.6802,15.7684,0.913058,320.817,
0.39719,6.90616,0.124888,0.241596,0.175537,0.638268,0.0668071,0.13456,0.138428,0.499767,0.342997,35.5304,12.1868,0.741525,369.628,
0.318028,6.30702,0.0461026,0.432824,0.0453393,0.705378,0.0388664,0.270874,0.0321823,0.51907,0.256074,43.3956,11.1125,0.605643,403.42,
0.42886,7.0021,0.182388,0.335531,0.160077,0.555558,0.113073,0.206625,0.0961666,0.390149,0.364908,35.5773,12.9824,0.6801,336.67,

0.669322,6.21886,0.123758,0.124893,0.157213,0.242852,0.0517751,0.0625773,0.0853954,0.133865,0.466527,23.8196,11.1125,0.698376,182.311,
0.836099,6.97353,0.0387547,0.074328,0.0924396,0.104294,0.016493,0.0555011,0.055784,0.0499022,0.617359,21.029,12.9824,0.898557,217.772,
0.948413,6.98719,0.0130639,0.0300109,0.0558361,0.0493845,0.00219907,0.0268079,0.0428851,0.0419814,0.806226,16.3401,13.1738,0.997767,177.304,
0.941656,7.01766,0.0365174,0.0298395,0.0530366,0.0496529,0.0233297,0.0294162,0.0405375,0.037945,0.759157,17.1011,12.9824,0.933263,193.575,

0.74281,6.50775,0.0940571,0.147684,0.166753,0.177403,0.0486495,0.0870892,0.0904718,0.0815247,0.614868,18.9084,11.6262,0.817638,181.893,
0.708004,6.22819,0.0969865,0.143386,0.157686,0.226779,0.0499026,0.0892069,0.0890401,0.129464,0.572218,19.42,11.1125,0.836038,174.801,
0.84998,6.50308,0.0333515,0.0401255,0.0564179,0.123862,0.0175059,0.033822,0.0461849,0.0816429,0.726708,17.8647,12.9824,0.966928,194.409,
0.894294,6.67516,0.0296691,0.05558,0.00966477,0.089474,0.0211489,0.0380914,0.00884094,0.0629571,0.713763,18.1887,12.9824,0.954728,195.661,
0.943016,7.12828,0.0395675,0.0536053,0.0821305,0.045573,0.0296415,0.0490876,0.0602812,0.0353709,0.747254,17.6296,13.1738,0.907394,205.256,
0.940637,7.34454,0.0109224,0.0163519,0.00905157,0.0400627,0.00961499,0.0235733,0.0067777,0.0273749,0.794051,18.1887,14.4428,0.952056,228.201,

0.547476,8.15825,0.0780917,0.209218,0.0828602,0.359625,0.0405725,0.0913881,0.0533438,0.208484,0.362281,49.5368,17.9463,0.643377,485.188,
0.536599,8.23797,0.0842462,0.215288,0.0812357,0.368046,0.0450275,0.0920764,0.0527649,0.213356,0.33997,52.9244,17.9927,0.599968,494.366,
0.540158,8.2914,0.108782,0.198714,0.0854187,0.375624,0.0600049,0.0842477,0.0586384,0.225673,0.334129,52.014,17.3794,0.622257,488.526,
0.529755,8.18933,0.0875729,0.221917,0.0898316,0.382214,0.0422999,0.101458,0.0479659,0.227071,0.347927,50.5001,17.5704,0.62825,478.513,
0.530668,8.12964,0.0900355,0.21754,0.0918434,0.385531,0.0461632,0.0979323,0.0590516,0.229613,0.367652,48.9394,17.9927,0.636366,506.465,
0.593202,8.34255,0.0619327,0.170779,0.0529462,0.327909,0.0355704,0.0781223,0.0371963,0.199582,0.377896,47.8577,18.0852,0.631657,476.845,

0.839452,7.55497,0.0628223,0.0885807,0.138693,0.13967,0.0379668,0.0525039,0.0903563,0.101791,0.727825,17.5704,12.7882,0.877984,204.422,
0.810851,7.36274,0.0427338,0.0761198,0.199312,0.163493,0.0290714,0.0431428,0.140197,0.11724,0.590115,18.8311,11.1125,0.830793,196.078,
0.862206,7.93837,0.0684882,0.0409115,0.212017,0.11897,0.0531744,0.024692,0.142879,0.0871421,0.548186,20.2714,11.1125,0.786718,211.097,
0.83637,7.25426,0.0669108,0.018353,0.195995,0.141466,0.0439391,0.0219407,0.147391,0.104741,0.67327,16.5052,11.1125,0.79898,175.218,
0.80748,6.90217,0.0750899,0.0624174,0.176443,0.168947,0.0602893,0.033258,0.127608,0.11875,0.632456,16.3401,10.3344,0.917845,158.948,
0.658349,6.70322,0.0850694,0.037543,0.212327,0.322496,0.0392268,0.0257605,0.153156,0.238751,0.51953,19.42,10.0893,0.846518,187.734,

0.92381,9.55905,0.0212809,0.016432,0.0563704,0.0610929,0.0184729,0.014996,0.0456892,0.0476856,0.780869,23.3955,18.2688,0.979599,369.21,
0.897235,9.53825,0.0172725,0.0264398,0.060512,0.0812527,0.0151342,0.0234418,0.0485003,0.0607011,0.696624,26.3556,18.3599,0.866501,377.554,
0.951797,10.027,0.0366176,0.0175048,0.0867904,0.0353048,0.0246724,0.016127,0.0607295,0.0280421,0.725709,25.4865,18.4958,0.855982,383.395,
0.746922,12.6338,0.00909202,0.0416449,0.0379458,0.23669,0.00775937,0.0303581,0.0147866,0.170909,0.664166,35.0099,23.2524,0.813805,743.427,
0.91489,9.86284,0.0359607,0.0189,0.0739592,0.0624233,0.0258951,0.0134975,0.0553243,0.0419444,0.705971,25.4865,17.9927,0.919095,372.965,
0.330528,10.4213,0.0874081,0.355409,0.0864356,0.773653,0.0764504,0.294643,0.0488358,0.727177,0.386494,50.1353,19.377,0.616929,774.716,

0.683523,8.83469,0.0883013,0.0816419,0.228452,0.292004,0.0414885,0.0445015,0.151048,0.211804,0.525424,28.777,15.1201,0.791844,367.124,
0.658767,8.79084,0.0957847,0.0751222,0.261695,0.321248,0.0455166,0.0418905,0.172962,0.233841,0.510436,27.9534,14.2684,0.803259,350.854,
0.598298,8.37064,0.128412,0.0721912,0.261974,0.397543,0.0624312,0.0453662,0.17652,0.300387,0.423735,28.9216,12.2551,0.737474,332.081,

0.844017,7.5594,0.0781074,0.0655673,0.127331,0.0858448,0.0416259,0.0464135,0.0756821,0.0443664,0.59115,24.0375,14.2098,0.856637,248.226,
0.667457,7.01512,0.155358,0.0983741,0.168104,0.251035,0.0654576,0.0547145,0.0916682,0.146009,0.48806,27.2506,13.2999,0.717034,276.178,
0.672911,7.12345,0.167373,0.0807461,0.205707,0.235612,0.0837746,0.0343985,0.130118,0.133039,0.450303,31.0301,13.973,0.669696,279.515,
0.67229,6.83446,0.131798,0.0880737,0.179742,0.237225,0.0622822,0.0223342,0.0981071,0.138637,0.479001,28.6681,13.732,0.732332,285.773,
0.665481,6.8999,0.140062,0.14655,0.177637,0.218753,0.0652169,0.0653407,0.0938776,0.104063,0.483132,28.9216,13.973,0.783782,274.926,
0.706092,6.78582,0.122711,0.0896506,0.133283,0.205017,0.0640746,0.0358386,0.0807645,0.101359,0.533848,25.7227,13.732,0.813217,253.65,

0.954112,10.767,0.00531574,0.0260942,0.0553928,0.0302857,0.00123947,0.0144767,0.0428973,0.0172499,0.783657,26.6311,20.8697,0.889281,453.899,
0.953758,10.699,0.00758113,0.015072,0.0923386,0.0335382,0.00736992,0.00741918,0.0651146,0.0192326,0.762954,25.4537,19.42,0.928837,432.623,
0.957238,10.6306,0.0287214,0.0113409,0.0974405,0.0286595,0.0168755,0.00886123,0.0656248,0.0149353,0.723996,26.764,19.377,0.924642,429.285,
0.924913,10.5589,0.0280991,0.00306772,0.101744,0.0493219,0.0152131,0.00563199,0.0648834,0.023504,0.682877,28.3755,19.377,0.852127,443.887,

0.765156,8.57424,0.0280055,0.0597466,0.020436,0.189222,0.020258,0.0276713,0.0109843,0.117288,0.627572,26.0371,16.3401,0.910868,339.59,
0.751167,8.56344,0.0227086,0.0575608,0.0260641,0.200876,0.0183081,0.0243242,0.0246064,0.125083,0.574811,28.4269,16.3401,0.866178,350.437,
0.673921,8.05796,0.0671427,0.117968,0.041371,0.260026,0.0352382,0.0501161,0.00766132,0.153663,0.508338,30.7057,15.6089,0.77642,337.504,
0.717392,8.11579,0.0513663,0.0899269,0.0121968,0.228126,0.0328837,0.0452122,0.000649837,0.138071,0.566675,27.8262,15.7684,0.915161,322.068,
0.722668,8.08291,0.0372393,0.0804452,0.0175386,0.228304,0.0209642,0.0377229,0.0138449,0.143515,0.569547,27.5929,15.7154,0.882067,321.651,
0.716193,8.14798,0.0240239,0.0851383,0.0195848,0.244013,0.0137889,0.0458852,0.021086,0.163576,0.683974,24.5527,16.7934,0.919943,331.664,

0.65248,6.14654,0.0191641,0.161272,0.173303,0.306472,0.0239854,0.101943,0.127249,0.205262,0.454957,17.9579,8.17006,0.687165,138.089,
0.722611,9.30174,0.0692201,0.121606,0.0448801,0.238874,0.0468798,0.0729977,0.0281651,0.159066,0.597286,26.133,15.6089,0.805556,334.167,
0.677334,8.83802,0.0745799,0.110463,0.0991383,0.284496,0.0542652,0.056344,0.0616301,0.194333,0.527742,26.3635,13.9131,0.77757,326.657,
0.829534,9.29571,0.0383635,0.121377,0.154682,0.143317,0.0262162,0.0828002,0.0978712,0.101851,0.636585,21.8559,13.9131,0.793158,280.35,
0.686623,7.26041,0.0249392,0.0167711,0.209752,0.280101,0.00174719,0.0164933,0.15279,0.188463,0.453267,19.9498,9.0426,0.723323,188.568,
0.509517,5.8472,0.0882156,0.306157,0.106998,0.461369,0.0605057,0.196761,0.0736269,0.307751,0.379473,22.836,8.66566,0.714442,161.451,

0.636983,7.76535,0.114968,0.185735,0.112742,0.28451,0.0566647,0.10253,0.0554193,0.167007,0.474559,28.4196,13.4868,0.716012,265.748,
0.932208,7.46664,0.024216,0.0629187,0.106683,0.0469297,0.0188413,0.0462143,0.0732424,0.0290935,0.681343,16.1991,11.0371,0.87656,165.206,
0.716662,7.6165,0.129043,0.135332,0.154017,0.214586,0.0650289,0.0758103,0.0803988,0.130716,0.56,22.836,12.7882,0.757055,225.698,
0.696966,8.03243,0.00188201,0.106629,0.0401312,0.247729,0.00654957,0.070048,0.0383206,0.150322,0.545902,25.4865,13.9131,0.777615,287.442,
0.839817,7.84221,0.0447301,0.0515267,0.0981844,0.124104,0.0227622,0.0442555,0.0733007,0.0774279,0.69958,18.8311,13.1738,0.897522,217.354,
0.561967,7.36861,0.0757891,0.202483,0.049646,0.385075,0.0462323,0.121827,0.0366547,0.241258,0.473756,27.4032,12.9824,0.790116,289.528,

0.666739,10.0323,0.0392622,0.053313,0.1263,0.308786,0.0303483,0.0225255,0.0946307,0.226295,0.586409,30.6037,17.9463,0.829928,489.777,
0.677286,9.87508,0.0477547,0.0266724,0.0887192,0.295336,0.0398551,0.0162708,0.0623202,0.210646,0.637253,28.6681,18.2688,0.860982,474.341,
0.796593,9.08541,0.0424167,0.0789804,0.100457,0.164029,0.0319671,0.0454711,0.0587414,0.109706,0.67262,23.1265,15.5553,0.837654,312.89,
0.801794,10.3792,0.0777896,0.00927537,0.0803186,0.148994,0.056646,0.0102901,0.0525762,0.0815519,0.634092,28.3755,17.9927,0.854211,475.593,
0.769123,9.96884,0.0690928,0.0544146,0.1314,0.170181,0.0467843,0.0291472,0.0842404,0.0930718,0.630848,28.6681,18.0852,0.870468,445.138,
0.767958,6.38007,0.122898,0.0626732,0.189181,0.190833,0.0803759,0.048738,0.134283,0.119561,0.591669,17.0522,10.0893,0.83092,151.439,

0.418902,5.05339,0.0671136,0.301025,0.0570799,0.575419,0.0304963,0.180328,0.0538585,0.399352,0.333333,22.5973,7.53242,0.691047,156.862,
0.892091,7.35666,0.164125,0.0226257,0.148266,0.075663,0.11843,0.017035,0.104204,0.0472053,0.487879,16.9541,8.27156,0.731658,152.273,
0.767373,11.9342,0.0622712,0.124203,0.082851,0.216198,0.0405742,0.0913312,0.0580809,0.166002,0.535572,29.1443,15.6089,0.723523,477.262,

0.722451,7.67706,0.257059,0.181125,0.187661,0.248535,0.144943,0.107745,0.118174,0.172017,0.387021,26.0691,10.0893,0.652837,229.453,
0.540721,6.79321,0.155671,0.226789,0.0414377,0.410546,0.0831896,0.118503,0.0430093,0.266117,0.414588,28.0428,11.6262,0.759862,271.589,
0.410908,6.72632,0.247332,0.28737,0.176686,0.531784,0.102123,0.131202,0.0849602,0.328213,0.283257,43.0239,12.1868,0.597734,332.081,
0.568032,6.57278,0.0880622,0.116077,0.0211945,0.380777,0.0427454,0.0386364,0.0266184,0.244262,0.428353,27.8037,11.9098,0.818079,256.153,

0.902046,8.95598,0.00546464,0.0350938,0.0307895,0.0782358,0.00688738,0.021824,0.0178674,0.0512507,0.745804,22.0459,16.4419,0.932777,325.823,
0.732828,8.85265,0.114267,0.120831,0.120482,0.160118,0.0483131,0.0501503,0.0458056,0.0687822,0.481737,32.1785,15.5016,0.699788,347.099,
0.627582,8.81892,0.155566,0.167448,0.169305,0.252495,0.0678226,0.0732247,0.0732186,0.1191,0.453934,34.6205,15.7154,0.670697,371.296,

0.530102,8.2562,0.191021,0.123406,0.279819,0.456913,0.112712,0.064807,0.189093,0.325778,0.38461,33.2497,12.7882,0.625447,351.688,
0.458405,6.44189,0.108569,0.205558,0.134462,0.528689,0.0522317,0.103769,0.0872629,0.367015,0.343958,28.6025,9.83806,0.726612,257.404,
0.494942,6.17155,0.103795,0.203114,0.101624,0.485237,0.0587784,0.11961,0.0633252,0.334481,0.44376,23.2883,10.3344,0.794346,214.434,

0.820616,7.34872,0.0482883,0.0931564,0.150697,0.16178,0.0376005,0.075471,0.101794,0.124323,0.560959,16.606,9.3153,0.826872,167.292,
0.699893,11.8185,0.0862561,0.182077,0.0973731,0.308977,0.065624,0.13663,0.0582123,0.256375,0.471405,31.9574,15.0648,0.577413,470.587,
0.652403,6.46353,0.0815333,0.0522178,0.037409,0.316572,0.0567103,0.0383214,0.0438825,0.217762,0.481002,18.0159,8.66566,0.752453,163.12,

0.412184,7.60604,0.0188967,0.323041,0.05723,0.58149,0.011528,0.206741,0.041918,0.399676,0.385331,36.1069,13.9131,0.649872,411.763,
0.484346,6.74312,0.0259994,0.247283,0.0272866,0.48428,0.0266102,0.142593,0.0230606,0.318696,0.407834,28.6826,11.6977,0.733841,281.601,
0.475557,6.81411,0.0443456,0.235836,0.0491549,0.500999,0.0318791,0.139255,0.030366,0.33661,0.374817,29.2444,10.9613,0.755021,294.951,
0.728623,8.51354,0.0483989,0.119914,0.0317102,0.215788,0.031441,0.07096,0.0243057,0.123494,0.583095,25.836,15.0648,0.746302,310.804,
0.695606,7.85106,0.0537158,0.163357,0.0922801,0.243462,0.0300051,0.102333,0.0654538,0.138576,0.520846,24.5527,12.7882,0.758068,255.318,
0.591609,7.61105,0.0424293,0.131559,0.0830586,0.374288,0.017991,0.0764144,0.0536445,0.255845,0.544016,26.8651,14.615,0.843825,322.903,

0.964492,8.66393,0.00603447,0.0169123,0.0196864,0.0221736,0.00251671,0.00989863,0.00737897,0.0207065,0.802625,22.5326,18.0852,0.9568,354.609,
0.978185,8.88632,0.0100235,0.0115464,0.0368403,0.0272873,0.0108731,0.0176775,0.0295668,0.034125,0.796935,23.9332,19.0732,0.933245,375.468,
0.943106,8.64299,0.0221256,0.0127194,0.0296067,0.0427082,0.0199543,0.010578,0.0293408,0.0320769,0.821995,23.5731,19.377,0.970583,370.879,
0.872966,8.36927,0.0115289,0.0187344,0.0453391,0.108731,0.0117717,0.0187848,0.0347128,0.0756959,0.825813,22.5603,18.6306,0.960362,349.603,
0.825365,8.40528,0.021535,0.0200063,0.0563834,0.151461,0.0128911,0.0158581,0.0461986,0.10641,0.8,23.2883,18.6306,0.99555,364.204,
0.860841,8.75782,0.0120146,0.0167728,0.0436662,0.127171,0.00755361,0.0104124,0.0454778,0.0977531,0.819524,23.6967,19.42,0.982911,386.732,

0.5423,7.067,0.0927823,0.177455,0.0997852,0.411174,0.0485449,0.096245,0.0576271,0.26716,0.403982,32.61,13.1738,0.776223,319.982,
0.76585,12.237,0.120353,0.0912468,0.207174,0.217213,0.0839196,0.0624257,0.155551,0.168086,0.461644,40.3571,18.6306,0.580832,651.229,
0.526649,7.76237,0.0354281,0.245588,0.0406849,0.418238,0.0232013,0.135171,0.0258903,0.269634,0.341593,42.2806,14.4428,0.682633,404.671,
0.454677,6.73883,0.0740967,0.281773,0.047935,0.499858,0.0379531,0.152152,0.0269537,0.322929,0.314531,41.884,13.1738,0.672036,361.701,
0.456044,6.72849,0.122799,0.277092,0.101086,0.490434,0.0587158,0.144875,0.0573596,0.308302,0.338506,39.8421,13.4868,0.6751,348.351,
0.511127,7.56162,0.116259,0.220848,0.0887945,0.408105,0.0546054,0.105662,0.0466309,0.247061,0.349639,43.0869,15.0648,0.616605,399.248,

0.481802,7.22419,0.0319642,0.253645,0.069235,0.476435,0.0193173,0.137777,0.0542778,0.315682,0.343732,40.6507,13.973,0.675359,375.468,
0.71124,11.8545,0.039239,0.0424667,0.112946,0.295423,0.0202151,0.0388671,0.0782326,0.241036,0.4778,41.3578,19.7607,0.678417,697.119,
0.598385,8.25041,0.19741,0.111337,0.205042,0.35279,0.103251,0.0579591,0.113278,0.229156,0.403952,33.9942,13.732,0.674894,375.051,
0.624206,7.94649,0.15126,0.100814,0.263589,0.340126,0.0768016,0.069688,0.174492,0.227457,0.468666,28.777,13.4868,0.71137,323.737,
0.487075,7.14128,0.233881,0.238217,0.215078,0.491657,0.131974,0.147341,0.137052,0.342099,0.331764,35.2593,11.6977,0.690173,308.301,
0.789163,12.4609,0.0739894,0.0311397,0.154153,0.211477,0.0373605,0.00705378,0.101602,0.170045,0.494892,40.7736,20.1786,0.77207,655.4,

0.771758,5.57266,0.0357425,0.0788321,0.0794408,0.184427,0.0324139,0.0459533,0.0510919,0.112823,0.707107,15.0648,10.6525,0.936856,145.598,
0.772688,5.71959,0.0651491,0.0593787,0.108021,0.18233,0.055856,0.0364193,0.0673209,0.110624,0.706502,15.6222,11.0371,0.985927,153.525,
0.777764,5.74373,0.0585969,0.0486992,0.121215,0.165541,0.0411107,0.0397237,0.0833047,0.0832261,0.632456,16.4673,10.4148,0.91647,149.353,
0.756354,5.50403,0.0702737,0.0667183,0.10825,0.192641,0.0476115,0.040345,0.0680139,0.110955,0.670297,16.3529,10.9613,0.967335,153.525,
0.78948,5.79934,0.0666298,0.0482813,0.104692,0.156846,0.0343085,0.0233145,0.0648706,0.0784665,0.641481,16.606,10.6525,0.910499,152.273,
0.782329,5.71419,0.0595561,0.0455876,0.108503,0.173059,0.0358351,0.0405811,0.0661848,0.104427,0.707107,15.6089,11.0371,0.976781,156.028,

0.815387,8.74495,0.0633126,0.0439256,0.0967471,0.146777,0.0309251,0.032382,0.0582606,0.0981019,0.608272,27.1969,16.5431,0.785267,337.921,
0.824281,8.84738,0.049044,0.0622721,0.154109,0.147562,0.0240094,0.0436666,0.088891,0.104395,0.670247,23.2883,15.6089,0.840054,339.173,
0.875342,9.1694,0.0504841,0.0204595,0.108243,0.0933631,0.0338047,0.0226351,0.0594558,0.0586648,0.668516,25.997,17.3794,0.883434,348.768,
0.727593,8.08566,0.0646716,0.0797873,0.0744384,0.229459,0.0350322,0.0466892,0.0487553,0.15123,0.610492,26.5134,16.1862,0.957069,333.332,
0.797515,8.57643,0.0741021,0.0803015,0.11385,0.153608,0.0373106,0.0466227,0.062868,0.0923444,0.612826,27.4032,16.7934,0.816461,354.192,
0.726436,9.54391,0.0890179,0.0883929,0.196706,0.237954,0.0482425,0.0503049,0.124801,0.161939,0.564317,30.1089,16.991,0.735815,425.531,

0.757142,6.47798,0.0564234,0.0733808,0.132847,0.186355,0.0290272,0.0456859,0.0841482,0.112283,0.604053,19.1278,11.5542,0.92515,185.648,
0.835741,6.95259,0.0496486,0.0662772,0.128839,0.128757,0.0312036,0.0439092,0.0704084,0.0837066,0.654221,17.7711,11.6262,0.837055,188.986,
0.868859,6.9253,0.0286409,0.0514485,0.0352982,0.103251,0.00883368,0.03594,0.0346978,0.0681573,0.704664,17.3914,12.2551,0.923899,185.231,

0.891796,8.76716,0.0336153,0.00670526,0.0453707,0.0886999,0.0200484,0.00300632,0.0302111,0.0619994,0.773836,22.2718,17.2348,0.915543,309.135,
0.905338,8.38636,0.0219036,0.0185922,0.0160569,0.0772275,0.0133867,0.0102469,0.0181137,0.0551585,0.80305,19.8975,15.9787,0.936805,282.018,
0.822536,8.71158,0.0075561,0.0255583,0.068818,0.148075,0.00534462,0.010768,0.0473734,0.10315,0.706584,23.767,16.7934,0.913058,320.817,
0.726644,8.91947,0.128733,0.117991,0.122844,0.168925,0.0605417,0.0410575,0.0480407,0.091681,0.53253,30.8751,16.4419,0.684099,361.284,
0.825267,8.69205,0.00817383,0.0322494,0.075409,0.151258,0.0133017,0.0261937,0.0600606,0.111713,0.741196,21.558,15.9787,0.89934,299.957,
0.896077,8.54956,0.0147613,0.00661919,0.0529586,0.0837437,0.0124026,0.0106659,0.0386863,0.0538275,0.808122,20.2199,16.3401,0.932271,292.448,

0.553399,9.09148,0.130085,0.213339,0.184828,0.415037,0.0753394,0.133575,0.129831,0.284961,0.390601,43.1208,16.843,0.673517,509.802,
0.565978,9.34212,0.124855,0.207517,0.217979,0.406366,0.0651408,0.126763,0.150931,0.281691,0.379747,43.5635,16.5431,0.642005,526.073,
0.524013,9.06034,0.116439,0.275184,0.200607,0.451039,0.0647037,0.165732,0.136452,0.311295,0.363299,44.9771,16.3401,0.640785,530.662,
0.503076,8.52516,0.15576,0.234893,0.179718,0.459752,0.0857306,0.13317,0.121428,0.307831,0.370378,45.4752,16.843,0.678905,516.477,
0.494553,8.13198,0.0767903,0.239035,0.0989644,0.474923,0.0324227,0.132317,0.0704372,0.32188,0.377411,41.3578,15.6089,0.732252,453.899,
0.442992,7.69191,0.152883,0.284044,0.136662,0.526249,0.092519,0.155305,0.0935397,0.354069,0.340064,45.8998,15.6089,0.678581,478.096,

0.949333,7.67351,0.0221815,0.0305279,0.0141169,0.045912,0.0172757,0.0315317,0.0124754,0.0452488,0.765006,17.6296,13.4868,0.941838,201.918,
0.760864,7.55411,0.0178514,0.0428081,0.0482196,0.20054,0.0166153,0.0243895,0.0359804,0.135817,0.633406,20.3945,12.918,0.822764,237.379,
0.755194,7.77295,0.045927,0.096768,0.0287617,0.205144,0.0301017,0.0610025,0.0290059,0.134938,0.587622,22.0932,12.9824,0.805056,249.478,
0.690464,6.8568,0.067638,0.0762718,0.0639239,0.279414,0.0476785,0.0525173,0.04251,0.200643,0.5945,20.0333,11.9098,0.884799,201.918,

0.713199,12.8825,0.0868844,0.0557704,0.245037,0.287922,0.0482052,0.0401253,0.165079,0.23254,0.583687,36.6345,21.3831,0.859671,691.696,
0.844048,14.0184,0.0866146,0.0676665,0.204751,0.146714,0.0484099,0.0393388,0.122234,0.118108,0.592638,41.3578,24.5102,0.800968,833.539,
0.751599,11.0925,0.0269859,0.0420368,0.0836144,0.212576,0.0148172,0.0219298,0.054583,0.135737,0.604197,32.7058,19.7607,0.811844,627.449,
0.845134,10.8904,0.0465161,0.0164407,0.0808248,0.128202,0.0277788,0.0105473,0.0376466,0.086421,0.72383,28.777,20.8296,0.906736,509.802,

0.928956,11.0883,0.0413376,0.0313024,0.0913446,0.0588357,0.0322598,0.0181675,0.0662845,0.0418813,0.746577,25.7227,19.204,0.834918,428.868,
0.616515,12.1109,0.0409037,0.0443502,0.0131969,0.367951,0.0290743,0.0179847,0.0145398,0.267458,0.582381,37.1828,21.6545,0.879103,738.003,
0.961198,11.284,0.00772763,0.038235,0.0742135,0.0297276,0.00771118,0.021725,0.0538224,0.0194736,0.798087,24.2793,19.377,0.856695,411.763,
0.809944,10.3647,0.0429773,0.0235749,0.075998,0.151597,0.0263503,0.018832,0.0559027,0.0953338,0.614295,28.6025,17.5704,0.894613,435.543,
0.804118,10.5085,0.0271253,0.0572575,0.0185387,0.153891,0.0227823,0.0400847,0.0174037,0.0927026,0.668886,28.5149,19.0732,0.882062,432.623,
0.678888,12.408,0.0432202,0.0540133,0.110816,0.305837,0.0104736,0.0437701,0.0967159,0.220258,0.509721,38.0149,19.377,0.738627,678.346,

0.480582,9.7469,0.178975,0.266874,0.215613,0.490485,0.102169,0.159778,0.124824,0.331376,0.434526,39.1023,16.991,0.665698,531.913,
0.678784,8.48978,0.0607808,0.129456,0.0139983,0.28008,0.0346176,0.0849391,0.0339208,0.193334,0.556243,25.9649,14.4428,0.794632,320.817,
0.508552,10.7795,0.0808093,0.127782,0.105462,0.496305,0.0597412,0.0745112,0.0644792,0.371869,0.421197,39.9885,16.843,0.690089,656.652,
0.680859,10.724,0.0446077,0.0580684,0.116472,0.290035,0.0262027,0.0268923,0.0777787,0.20543,0.63557,30.4876,19.377,0.793685,526.49,
0.75086,8.53065,0.0149864,0.104267,0.0632736,0.215184,0.02293,0.0657777,0.0507954,0.156485,0.580276,23.9767,13.9131,0.863676,286.19,
0.442754,9.00016,0.181437,0.274791,0.136335,0.538429,0.0967606,0.157814,0.0486469,0.376193,0.420005,38.5381,16.1862,0.64952,492.698,

0.597897,7.77438,0.0691144,0.0792673,0.123386,0.363124,0.0319106,0.0342873,0.0766298,0.241898,0.510669,28.8422,14.7288,0.848166,364.204,
0.599564,7.83595,0.069442,0.0952399,0.100389,0.362422,0.0321982,0.04519,0.0647002,0.242241,0.528861,29.5142,15.6089,0.882014,375.051,
0.704641,8.11724,0.0432973,0.0588115,0.12759,0.25011,0.0157134,0.022632,0.0795156,0.163249,0.602642,25.7227,15.5016,0.849678,326.657,
0.705327,8.15247,0.0220195,0.0733553,0.0519197,0.25567,0.019288,0.0361792,0.0359232,0.172631,0.595458,27.4412,16.3401,0.828879,350.437,
0.661304,8.03255,0.0539802,0.0625309,0.0820706,0.298528,0.033767,0.0283098,0.0533433,0.199577,0.570234,27.3728,15.6089,0.86188,347.517,
0.51426,7.10471,0.016782,0.16202,0.0529849,0.469394,0.0165312,0.0842993,0.0366796,0.333351,0.438108,29.4859,12.918,0.784722,319.982,

0.800468,10.745,0.0945858,0.0395472,0.0740835,0.162871,0.0535681,0.0192262,0.0423295,0.107144,0.599694,30.1574,18.0852,0.733677,448.893,
0.877894,9.79044,0.0357566,0.0556198,0.0438921,0.0880657,0.0225673,0.0305464,0.0191378,0.049742,0.68352,22.836,15.6089,0.798372,323.32,
0.887084,10.3474,0.0647998,0.0432391,0.0498946,0.0887137,0.0419129,0.0336882,0.0310706,0.0572083,0.655295,23.8196,15.6089,0.769192,355.86,
0.855626,9.33909,0.0767638,0.0342769,0.0813084,0.111886,0.0454872,0.0177265,0.053959,0.0750984,0.677695,23.1895,15.7154,0.849243,307.884,
0.717586,8.48413,0.0763366,0.0706744,0.0339796,0.23854,0.0523176,0.0426727,0.0107196,0.157163,0.54976,23.2614,12.7882,0.739852,285.356,
0.843665,12.2025,0.0863767,0.0827319,0.042773,0.123906,0.0550699,0.0502298,0.0262245,0.0828142,0.617822,32.5267,20.0957,0.707009,531.496,

0.918175,7.98092,0.0174256,0.0635003,0.060362,0.0529198,0.00904815,0.0501494,0.0393545,0.023395,0.680697,21.4707,14.615,0.894161,260.742,
0.975316,8.18413,0.0367506,0.0159669,0.0330807,0.0227999,0.022287,0.0172092,0.0195411,0.0201244,0.775738,19.42,15.0648,0.894123,254.901,
0.93208,7.88204,0.0266274,0.0185108,0.00295823,0.0483803,0.0193505,0.0176455,0.00485231,0.0295429,0.817492,18.4958,15.1201,0.949953,239.048,
0.942705,8.02758,0.0165668,0.0337014,0.0354871,0.041836,0.00799025,0.0298385,0.0186836,0.0274199,0.706762,20.6789,14.615,0.920451,261.576,
0.922814,7.90842,0.0103679,0.0106864,0.0334138,0.0505632,0.0127907,0.0168838,0.0222313,0.0292043,0.793033,18.9965,15.0648,0.947765,244.054,
0.997991,8.12353,0.00951254,0.0101808,0.0340289,0.00973905,0.00890655,0.00108752,0.0276754,0.0116572,0.720969,20.2714,14.615,0.894525,243.637,

0.80549,9.22992,0.0986352,0.0823307,0.21203,0.143957,0.048344,0.0532427,0.127469,0.0845883,0.541862,28.806,15.6089,0.767153,336.67,
0.759455,8.08633,0.0538723,0.0264184,0.128566,0.199605,0.0301843,0.0238933,0.0784765,0.129161,0.605364,21.9701,13.2999,0.882277,272.423,
0.676714,7.93105,0.0701905,0.103652,0.124679,0.268035,0.0363017,0.0579245,0.0748221,0.164887,0.521474,26.7951,13.973,0.766556,307.884,

0.865987,6.77136,0.0214357,0.0307376,0.0603322,0.110725,0.0136155,0.00869191,0.0421768,0.0808237,0.681673,16.3018,11.1125,0.847737,165.206,
0.876521,7.50525,0.0463901,0.00556863,0.0761863,0.10286,0.0362936,0.0201767,0.0607363,0.0785357,0.691411,18.4958,12.7882,0.879773,210.262,
0.837564,6.83642,0.0196024,0.0497825,0.0344375,0.133993,0.0225161,0.0332348,0.0259912,0.0920637,0.67873,17.2348,11.6977,0.965854,178.139,

0.81931,8.81307,0.0557735,0.0610118,0.0718186,0.154328,0.042642,0.0505782,0.0528295,0.106018,0.569687,20.2817,11.5542,0.72179,249.895,
0.924968,9.04583,0.0933487,0.0197648,0.0317118,0.0549918,0.0557938,0.0139916,0.0230412,0.028507,0.637352,20.0645,12.7882,0.731146,236.128,
0.960145,9.29007,0.0169446,0.0407528,0.0719706,0.0345925,0.0231589,0.0302749,0.0508714,0.0322824,0.681098,19.5271,13.2999,0.783487,243.637,
0.961221,7.75179,0.0281428,0.0503741,0.0852427,0.0287697,0.0173428,0.0427989,0.0562378,0.0159869,0.717707,16.1991,11.6262,0.786873,175.218,
0.91869,6.91758,0.076464,0.206998,0.136899,0.0448313,0.0363781,0.146929,0.0875282,0.010969,0.559553,16.1604,9.0426,0.758688,130.997,
0.838719,7.42569,0.101147,0.211405,0.116991,0.093007,0.0599811,0.127754,0.0688041,0.0312592,0.477963,19.6761,9.40445,0.641679,156.445,

0.841891,11.3147,0.00927414,0.0721628,0.0638725,0.118973,0.00707159,0.0438319,0.0446726,0.0739143,0.614599,31.8069,19.5485,0.718952,525.655,
0.870655,11.2222,0.0383103,0.0646698,0.0483343,0.0998758,0.0242035,0.0405843,0.0296782,0.0644981,0.722837,27.7436,20.0541,0.841729,493.949,
0.931725,12.3335,0.0237204,0.0400133,0.0751661,0.0459355,0.0137699,0.0297315,0.0426284,0.0239845,0.648537,31.1776,20.2199,0.713632,553.607,
0.87659,11.961,0.0328406,0.060204,0.175514,0.0866362,0.0140757,0.0412721,0.10198,0.05129,0.585741,31.8069,18.6306,0.759557,517.312,
0.859748,12.2393,0.0417451,0.0393007,0.0776576,0.102819,0.0302429,0.0323949,0.0562208,0.0571678,0.657596,30.6853,20.1786,0.822744,543.594,
0.840643,11.6005,0.0822981,0.0476498,0.0170035,0.128975,0.0553054,0.0289459,0.00959124,0.0879061,0.650896,31.7544,20.6688,0.722534,536.919,

0.809078,7.26295,0.0521869,0.00958067,0.0549187,0.150093,0.0358201,0.019581,0.0380148,0.093589,0.591669,17.0522,10.0893,0.701669,164.372,
0.807559,8.46743,0.198924,0.0877169,0.212007,0.151144,0.126304,0.0644726,0.141963,0.0970748,0.447739,23.0813,10.3344,0.626657,215.268,
0.838502,7.6815,0.139233,0.0850783,0.185714,0.123558,0.0984722,0.0710163,0.126825,0.0758151,0.542601,18.1313,9.83806,0.752343,175.218,
0.847155,6.55279,0.13536,0.0316308,0.162605,0.144808,0.0926229,0.0310422,0.125477,0.116924,0.597022,14.5148,8.66566,0.780696,125.99,
0.72771,6.70629,0.038474,0.0884727,0.171008,0.223927,0.0185684,0.0569847,0.124321,0.140195,0.519067,17.9463,9.3153,0.74582,153.108,
0.92267,5.4345,0.0796484,0.159893,0.082485,0.0747938,0.0566322,0.118325,0.0512443,0.0682777,0.639068,11.7866,7.53242,0.925336,80.0999,

0.874336,11.9155,0.0919345,0.0657733,0.15137,0.0881414,0.0457812,0.0358,0.0858352,0.0552082,0.537603,33.982,18.2688,0.609749,513.14,
0.926393,10.4104,0.013089,0.0241182,0.0799227,0.0521848,0.00405644,0.0176592,0.0448001,0.0302646,0.71212,25.3963,18.0852,0.801902,381.309,
0.961028,10.5332,0.0212274,0.0372157,0.0524289,0.0286183,0.00916729,0.0203543,0.0316864,0.0178287,0.732196,24.5102,17.9463,0.763661,387.984,
0.978034,10.5246,0.0286157,0.0488472,0.0253719,0.0177354,0.0215779,0.0370446,0.0133982,0.0152168,0.732196,24.5102,17.9463,0.798209,378.388,
0.739909,10.1925,0.0349857,0.0294571,0.0921573,0.215094,0.0218472,0.0139116,0.0544968,0.136072,0.572414,30.1089,17.2348,0.709662,455.985,
0.725848,11.1005,0.0972392,0.0734233,0.0856906,0.20338,0.0496995,0.0369299,0.0349931,0.108279,0.544639,35.8925,19.5485,0.677772,561.116,

0.661717,13.3232,0.147533,0.261051,0.184344,0.255631,0.0708056,0.158117,0.0983316,0.140389,0.440633,43.5827,19.204,0.497676,715.893,
0.934168,14.8797,0.040315,0.0880454,0.0812579,0.0408225,0.0244016,0.0616025,0.0544859,0.0185234,0.688811,34.8846,24.0289,0.748593,735.083,
0.904575,14.8681,0.0258949,0.0306852,0.0737433,0.0790166,0.0158896,0.0228747,0.0522161,0.0576829,0.714258,35.671,25.4783,0.730033,753.857,
0.800112,12.4928,0.0578228,0.0935708,0.0987135,0.172723,0.0352034,0.0554694,0.0577242,0.118805,0.597377,32.4368,19.377,0.680349,591.988,

0.875817,9.04229,0.038521,0.0443733,0.0500838,0.0984354,0.0307805,0.0290817,0.0382291,0.0645558,0.71285,22.0459,15.7154,0.865262,299.123,
0.826803,8.83936,0.0320737,0.00952394,0.0339159,0.138132,0.0219869,0.0103794,0.0184522,0.0868283,0.684811,21.9986,15.0648,0.811319,314.142,
0.882296,8.81844,0.0389833,0.0509333,0.027276,0.0921589,0.0255701,0.0365332,0.0202745,0.0568571,0.71531,21.9701,15.7154,0.9228,287.442,
0.790568,8.7659,0.0365845,0.0640365,0.0358638,0.177143,0.0265974,0.0391355,0.0174674,0.117502,0.640458,24.6206,15.7684,0.871505,327.909,
0.684844,8.34729,0.056443,0.133792,0.0311637,0.259122,0.0310725,0.0804665,0.0187815,0.157379,0.521304,27.2582,14.2098,0.752242,320.399,
0.849738,9.22908,0.0114693,0.0558412,0.0596275,0.120214,0.0118169,0.037809,0.0494813,0.0770975,0.665675,23.6879,15.7684,0.82157,332.915,

0.476197,6.8489,0.10498,0.201529,0.0914163,0.514224,0.0715952,0.132991,0.0538308,0.355995,0.382352,28.6681,10.9613,0.674702,282.853,
0.48001,5.68883,0.0473249,0.212214,0.0536812,0.510466,0.0302116,0.12735,0.024416,0.360907,0.395166,23.5731,9.3153,0.798198,201.918,
0.42497,5.67646,0.0942021,0.280649,0.107772,0.566095,0.0593215,0.163598,0.0552681,0.396668,0.343188,27.4032,9.40445,0.741391,222.778,
0.521513,6.81208,0.122433,0.218504,0.0837423,0.457852,0.0619135,0.138613,0.0373119,0.323718,0.425606,27.9832,11.9098,0.681745,273.257,
0.432565,5.98302,0.0106493,0.325645,0.0644398,0.544135,0.00340395,0.200849,0.0600435,0.367252,0.361403,28.5952,10.3344,0.710388,248.226,
0.556583,6.62135,0.0776597,0.214432,0.146605,0.417584,0.0328988,0.121075,0.0965739,0.297099,0.441129,24.8483,10.9613,0.763093,228.618,

0.886559,11.0706,0.0344486,0.0169244,0.0396465,0.0889864,0.0204313,0.0263857,0.0329526,0.0550003,0.673313,25.8118,17.3794,0.793469,420.107,
0.885663,10.3011,0.0107415,0.060726,0.0325368,0.0898505,0.00653232,0.0323071,0.0245776,0.059136,0.670232,25.7146,17.2348,0.878528,372.548,
0.88804,10.3813,0.0599332,0.050051,0.0803787,0.0825716,0.0351584,0.0235916,0.0543998,0.0502788,0.623968,25.9407,16.1862,0.667913,374.217,
0.923784,10.0527,0.0182183,0.0284384,0.0725484,0.0564716,0.0145993,0.0236002,0.0440152,0.0365186,0.65192,24.5102,15.9787,0.81257,332.915,
0.898941,10.3464,0.0219448,0.0851775,0.0398331,0.0760312,0.00213854,0.056951,0.0308891,0.0470684,0.632242,24.8567,15.7154,0.731782,344.596,
0.845937,10.5785,0.0397062,0.0911499,0.045491,0.126442,0.020622,0.047052,0.0285364,0.08448,0.638302,26.3872,16.843,0.736683,413.849,

0.659918,6.43476,0.0510007,0.151482,0.110083,0.282085,0.0273691,0.0840861,0.0716314,0.17916,0.541745,22.4955,12.1868,0.775874,215.686,
0.656997,6.0071,0.099198,0.163321,0.12893,0.283724,0.0607984,0.0917522,0.0780037,0.180706,0.553837,20.0645,11.1125,0.848211,178.973,
0.628569,6.48957,0.119586,0.156918,0.15881,0.317604,0.0682903,0.0843535,0.095385,0.204946,0.552863,23.8284,13.1738,0.826843,249.895,
0.651064,6.29266,0.0786252,0.149327,0.127702,0.286523,0.0421943,0.0786465,0.0748617,0.17953,0.52856,22.5326,11.9098,0.836781,223.195,
0.675066,6.51235,0.103502,0.158011,0.115498,0.266046,0.0589578,0.0859121,0.0681211,0.169275,0.565916,22.5973,12.7882,0.80034,221.943,
0.63056,6.36263,0.112736,0.188523,0.127246,0.303151,0.0624939,0.101799,0.0662653,0.18698,0.509831,24.0375,12.2551,0.840896,240.717,

0.620135,5.81615,0.104969,0.0282058,0.206917,0.357,0.0616336,0.00871996,0.130618,0.257412,0.435143,16.7934,7.30752,0.74869,131.831,
0.605211,6.53136,0.159862,0.164293,0.115217,0.351818,0.106639,0.102096,0.0645578,0.227023,0.503453,20.527,10.3344,0.748084,181.893,
0.595528,5.5733,0.0279213,0.146139,0.121216,0.37634,0.00321622,0.082192,0.0789891,0.26593,0.48197,17.162,8.27156,0.821263,132.665,

0.822157,7.53338,0.061842,0.064799,0.0275374,0.144428,0.0405187,0.0396532,0.0187879,0.0931847,0.591858,18.7756,11.1125,0.839736,180.642,
0.595635,6.69222,0.0373653,0.0713011,0.0344048,0.381043,0.0262653,0.037429,0.030279,0.264089,0.484862,21.9701,10.6525,0.817279,209.845,
0.810985,5.80026,0.0279922,0.253622,0.162688,0.16146,0.0105845,0.16914,0.120522,0.115455,0.506745,12.9985,6.58691,0.625915,95.1186,
0.653016,6.14879,0.10108,0.111391,0.08682,0.319851,0.0647525,0.0733671,0.0640733,0.220438,0.514751,18.0967,9.3153,0.825271,153.942,
0.68812,5.66882,0.0259185,0.210129,0.0705282,0.271253,0.0304257,0.157333,0.0352708,0.171855,0.498273,15.5553,7.7508,0.839513,118.064,
0.654942,6.09579,0.0169082,0.0596615,0.0333446,0.317632,0.00627457,0.0551308,0.0283289,0.219694,0.431922,17.4393,7.53242,0.694804,143.929,

0.738713,21.8731,0.120963,0.218736,0.134049,0.219789,0.0626164,0.130504,0.0823153,0.148594,0.522173,69.4455,36.2626,0.641992,2072.58,
0.447239,8.25668,0.146093,0.171619,0.214111,0.585329,0.0855904,0.111443,0.151955,0.459017,0.407158,31.8855,12.9824,0.697423,378.388,
0.973568,8.06421,0.0148835,0.0676786,0.0341434,0.0199152,0.0118065,0.052638,0.0205611,0.0168274,0.717958,17.9927,12.918,0.803484,199.415,

0.903911,11.2189,0.0791689,0.058641,0.0379088,0.0681268,0.0475046,0.0351166,0.0319646,0.0404191,0.600482,29.8864,17.9463,0.675027,449.727,
0.843744,9.73009,0.0684984,0.10149,0.0250839,0.117254,0.0374218,0.0575219,0.0112592,0.0719709,0.62166,26.0371,16.1862,0.737186,348.768,
0.90777,11.0824,0.0137703,0.0356699,0.10014,0.0704754,0.00161907,0.0152103,0.0679957,0.039729,0.678363,27.464,18.6306,0.74641,468.501,
0.918179,9.04728,0.0224661,0.0132963,0.0532468,0.061365,0.0125942,0.0186657,0.0420824,0.0368739,0.775252,20.2714,15.7154,0.903591,277.429,
0.923895,10.5299,0.0214043,0.0153458,0.0363766,0.0559799,0.0160429,0.00970246,0.0226019,0.0293351,0.737865,24.5102,18.0852,0.81298,396.745,
0.602905,4.25911,0.0663784,0.12719,0.0853968,0.366323,0.0366903,0.0725032,0.0476456,0.232175,0.519067,12.6899,6.58691,0.833926,76.7624,

