0.828049,9.25759,0.0284886,0.0740753,0.0168857,0.133749,0.0179002,0.0456702,0.0141211,0.0887623,0.630244,23.1895,14.615,0.820076,302.043,
0.790954,8.81703,0.0465525,0.0529864,0.0590218,0.163106,0.0187202,0.0371662,0.0299013,0.0958143,0.57029,22.3093,12.7228,0.678954,276.178,
0.846498,6.93886,0.122087,0.0243373,0.0279594,0.124979,0.0707928,0.0129862,0.0292507,0.0789758,0.648606,15.5553,10.0893,0.828082,150.604,
0.82199,10.6695,0.0765775,0.0725051,0.00616892,0.138084,0.046256,0.0442394,0.00605731,0.081701,0.571317,28.3314,16.1862,0.756915,407.174,
0.89817,11.7378,0.0152455,0.0317942,0.0257765,0.0753294,0.00822257,0.0193482,0.0191575,0.0461278,0.698276,27.502,19.204,0.75852,474.341,

0.366726,7.54729,0.194145,0.417363,0.147208,0.618743,0.0982512,0.239935,0.0757988,0.423324,0.384019,39.3734,15.1201,0.678906,435.96,
0.380394,7.32147,0.210521,0.389022,0.145511,0.599192,0.113692,0.218817,0.0741401,0.398887,0.380521,39.59,15.0648,0.684847,412.598,
0.392323,6.51582,0.192617,0.36403,0.157732,0.631335,0.148083,0.249772,0.154992,0.480726,0.380006,32.2498,12.2551,0.737746,321.234,

0.852133,11.1299,0.0405429,0.024791,0.0323021,0.111571,0.0231283,0.0129082,0.0252519,0.0630985,0.67082,28.8855,19.377,0.85958,503.962,
0.812304,11.8448,0.0296612,0.0229762,0.0194109,0.154282,0.0215184,0.0164908,0.00521049,0.0996908,0.68822,33.9942,23.3955,0.822123,710.886,
0.849105,10.0272,0.0264746,0.0306864,0.039068,0.114445,0.0114509,0.0147338,0.0261917,0.0644042,0.697681,25.7227,17.9463,0.876663,385.063,
0.7936,10.1502,0.0142112,0.0559236,0.0412543,0.158464,0.00492375,0.0312986,0.0265048,0.0895894,0.628932,27.4032,17.2348,0.832704,413.015,
0.889957,12.2411,0.0209954,0.0136085,0.0378123,0.0723985,0.0127848,0.0117825,0.0229372,0.0315065,0.737057,31.057,22.8908,0.814676,614.516,
0.777707,11.1691,0.0301732,0.0167591,0.0906804,0.171721,0.0150886,0.0100417,0.0546344,0.0978619,0.644162,32.3982,20.8697,0.900131,562.368,

0.631934,10.3903,0.141351,0.0819162,0.151696,0.327298,0.0674495,0.0275491,0.0796367,0.225372,0.49985,37.2724,18.6306,0.700669,497.287,
0.537252,8.51032,0.171651,0.137533,0.166076,0.446637,0.0759268,0.0609642,0.0738234,0.317344,0.454186,32.1785,14.615,0.664566,350.02,
0.578645,9.08984,0.0969473,0.106049,0.0859616,0.40236,0.0545857,0.0605078,0.0401028,0.288211,0.461628,30.9089,14.2684,0.756373,413.015,
0.721064,9.76838,0.0611362,0.0466986,0.0491464,0.25978,0.0418961,0.0405497,0.026731,0.193184,0.589412,26.3001,15.5016,0.784931,380.474,
0.798917,12.1117,0.0489038,0.039975,0.0847413,0.183734,0.0336694,0.0279328,0.0567583,0.138312,0.610267,30.5286,18.6306,0.725672,513.14,
0.819871,12.8668,0.0509839,0.0967989,0.0489741,0.136825,0.0253307,0.0551479,0.0358074,0.0800499,0.603496,32.6036,19.6761,0.695453,544.012,

0.932029,11.0581,0.0157058,0.0395383,0.0430651,0.0677849,0.0170752,0.0294979,0.0304901,0.0579633,0.759063,27.4412,20.8296,0.809081,491.029,
0.85004,10.0173,0.0507591,0.0149468,0.0282293,0.134973,0.0396755,0.0232412,0.0196647,0.100724,0.767261,25.4783,19.5485,0.876235,442.635,
0.912059,10.7894,0.0339353,0.0154079,0.0554581,0.0808358,0.0312511,0.0204252,0.0551469,0.0676719,0.819575,26.7951,21.9606,0.868777,497.287,
0.934384,11.3378,0.0235698,0.0381612,0.0274205,0.0444292,0.0175031,0.0304162,0.0218228,0.0225202,0.758361,29.008,21.9986,0.860321,528.576,
0.953964,11.9268,0.0573499,0.0366982,0.0138626,0.0497059,0.0435669,0.0289568,0.0221676,0.0472232,0.721256,30.8142,22.225,0.815306,590.737,
0.960532,11.4799,0.020089,0.0267471,0.0212813,0.0294952,0.015409,0.0250374,0.0276124,0.022185,0.726985,30.3642,22.0743,0.823491,544.429,

0.906401,10.3974,0.0123396,0.0120749,0.0127128,0.0690182,0.0119186,0.011273,0.00452871,0.0381808,0.795848,26.1729,20.8296,0.920859,465.58,
0.918152,10.4973,0.0152626,0.0049137,0.0498228,0.0642932,0.0124765,0.00249144,0.031993,0.0433878,0.788024,26.2286,20.6688,0.89072,455.151,
0.84229,9.8447,0.0431283,0.0245981,0.035508,0.129396,0.0248458,0.0175273,0.0167101,0.084806,0.714785,27.6457,19.7607,0.871354,460.991,
0.883903,10.6278,0.0244565,0.0911327,0.146374,0.079743,0.00774479,0.0464339,0.0933804,0.0472652,0.626172,31.4905,19.7185,0.802525,498.955,
0.900965,9.7489,0.0731073,0.125852,0.121876,0.0819576,0.0431539,0.0822428,0.0868958,0.0684092,0.681115,28.4489,19.377,0.829212,430.954,
0.507314,7.93716,0.22121,0.219363,0.271784,0.436345,0.115657,0.109391,0.148406,0.28098,0.485071,33.686,16.3401,0.707697,381.726,

0.655268,7.67513,0.0392398,0.0969572,0.0437707,0.309959,0.0295918,0.0583916,0.026648,0.212493,0.576427,25.5519,14.7288,0.900658,319.982,
0.586345,7.24142,0.0352719,0.119209,0.0568646,0.407375,0.0296967,0.0783027,0.061148,0.305615,0.56233,26.8884,15.1201,0.892173,368.376,
0.715664,8.0223,0.0965065,0.0775608,0.169681,0.233356,0.0533748,0.0426873,0.0999134,0.138937,0.605843,24.9572,15.1201,0.912357,320.399,
0.818291,7.8393,0.0623479,0.0416376,0.10784,0.13653,0.0373439,0.0254605,0.0610809,0.0804813,0.681343,22.909,15.6089,0.84047,290.779,
0.94124,8.67249,0.00865047,0.022328,0.0791955,0.0303961,0.00956146,0.0208414,0.0496146,0.0070177,0.724791,22.0459,15.9787,0.896277,304.546,
0.798525,8.02012,0.0139874,0.0199113,0.00648291,0.17187,0.00943959,0.0153175,0.00599516,0.118386,0.685994,22.7537,15.6089,0.915543,309.135,

0.960104,12.5731,0.0525656,0.0300168,0.0502221,0.0294246,0.036848,0.0251264,0.0276388,0.0181082,0.703157,28.0428,19.7185,0.793292,489.36,
0.945529,13.4231,0.0300764,0.0469109,0.031104,0.0446292,0.0190827,0.0277166,0.0120623,0.0283211,0.750831,31.0167,23.2883,0.804483,617.854,
0.968583,12.9583,0.00850552,0.0190186,0.0674322,0.0244842,0.00185148,0.00606192,0.0343706,0.0201667,0.757798,29.0296,21.9986,0.85278,561.116,
0.978783,13.2462,0.028795,0.0406764,0.0597035,0.0156906,0.00993014,0.020591,0.0331007,0.00878981,0.742256,29.7395,22.0743,0.840031,579.472,
0.894702,12.2163,0.0275765,0.0195701,0.0180592,0.0853725,0.0123807,0.0131113,0.00944801,0.0591177,0.730956,30.4054,22.225,0.843891,575.718,
0.959713,13.2888,0.0216389,0.0209962,0.0457336,0.0385748,0.00753294,0.0104726,0.0287982,0.0368378,0.72313,32.3531,23.3955,0.795468,655.4,

0.810979,5.74781,0.0633391,0.134414,0.130277,0.148255,0.0403603,0.0911253,0.0714867,0.0894041,0.505964,14.4428,7.30752,0.675877,98.0389,
0.886023,12.9255,0.030808,0.0195246,0.0492842,0.090703,0.0166076,0.0138548,0.0287573,0.0619052,0.720131,29.5848,21.3049,0.761884,549.018,
0.853339,11.1285,0.0406075,0.149581,0.0276393,0.11498,0.0292363,0.0956877,0.0136966,0.0714844,0.653446,27.464,17.9463,0.807399,418.856,
0.851757,8.74168,0.0346662,0.11513,0.0765592,0.137118,0.0230688,0.0855053,0.0508984,0.104099,0.525226,19.6761,10.3344,0.685298,225.698,
0.887367,12.9926,0.0980529,0.0463592,0.016052,0.0922369,0.0609782,0.0282027,0.0138427,0.063604,0.595087,30.1574,17.9463,0.7124,511.054,
0.955291,13.7381,0.0372249,0.0479957,0.0456954,0.0354575,0.0242727,0.031297,0.0252394,0.0237727,0.661172,29.8235,19.7185,0.729299,552.355,

0.865911,16.7827,0.0543588,0.0958314,0.319613,0.103091,0.0355408,0.0715411,0.230939,0.0672377,0.577272,39.145,22.5973,0.742471,890.694,
0.429776,7.12329,0.0923927,0.301542,0.0660977,0.55039,0.0506639,0.171714,0.0372338,0.377008,0.379545,36.6573,13.9131,0.699465,385.898,
0.3967,7.7782,0.141416,0.3476,0.0933523,0.574957,0.0692027,0.193186,0.0432131,0.377178,0.356915,40.4655,14.4428,0.60672,458.071,
0.468073,9.0038,0.147169,0.238075,0.122256,0.494978,0.0757944,0.120651,0.053063,0.321344,0.368873,42.3151,15.6089,0.649243,529.41,

0.939829,12.1339,0.00535623,0.0110551,0.0206463,0.046221,0.00509576,0.0129544,0.0150859,0.0286406,0.893602,30.0812,26.8806,0.996592,660.407,
0.939708,11.7327,0.0147232,0.0105669,0.0164814,0.0472448,0.0124132,0.00402093,0.0103464,0.0307601,0.877646,28.4269,24.9488,0.985367,607.841,
0.934295,11.7982,0.00805453,0.0129239,0.0364653,0.04829,0.00775524,0.00669202,0.028147,0.0275023,0.874758,29.8655,26.125,0.994425,657.904,

0.84507,7.09486,0.0593708,0.117419,0.0722105,0.114121,0.0315361,0.0533097,0.0246397,0.0849772,0.5547,21.0884,11.6977,0.823223,212.348,
0.706587,9.01636,0.138897,0.140403,0.183729,0.204545,0.0706082,0.0595917,0.0873957,0.121201,0.491935,28.8855,14.2098,0.657748,339.173,
0.42586,7.51094,0.188905,0.346737,0.0883108,0.526225,0.085018,0.192427,0.0228032,0.330709,0.311673,39.3204,12.2551,0.556059,330.829,

0.572525,8.35528,0.203011,0.254034,0.273222,0.396049,0.129612,0.166366,0.182961,0.270817,0.576063,27.3728,15.7684,0.820368,319.982,
0.57435,8.4273,0.209724,0.265082,0.223051,0.391778,0.136203,0.174678,0.151864,0.267371,0.555654,29.13,16.1862,0.737251,337.504,
0.576739,8.6087,0.215436,0.269977,0.271015,0.40737,0.149525,0.199973,0.206102,0.292885,0.600604,27.9608,16.7934,0.792856,343.345,
0.527434,7.84501,0.213752,0.289181,0.298746,0.458874,0.146811,0.203305,0.2235,0.323706,0.517984,26.0371,13.4868,0.744821,283.27,
0.973025,9.97329,0.0120146,0.0146236,0.0143131,0.0218182,0.00741552,0.0087053,0.0108095,0.0187671,0.800732,22.6434,18.1313,0.871067,353.774,
0.762051,9.14766,0.0480214,0.0524117,0.0795412,0.209828,0.0270778,0.0337459,0.0564524,0.148593,0.696192,24.7558,17.2348,0.879335,380.057,

0.870292,9.73073,0.0131235,0.0202706,0.00478068,0.103175,0.00970644,0.0131966,0.00584903,0.0660065,0.783657,26.6311,20.8697,0.898201,453.899,
0.833915,9.45659,0.00705082,0.0388498,0.0107849,0.131357,0.00656439,0.0192157,0.00500746,0.0857672,0.711391,27.4792,19.5485,0.898178,415.935,
0.841445,9.45771,0.0298936,0.0434362,0.0398598,0.131347,0.0194448,0.0245585,0.0277219,0.0899297,0.730107,28.3093,20.6688,0.872282,461.826,
0.863799,10.1811,0.1026,0.0786554,0.0391055,0.104288,0.0638189,0.0510974,0.0220703,0.0682471,0.700133,29.5212,20.6688,0.840404,462.66,
0.896135,9.9648,0.033948,0.059775,0.052671,0.0826049,0.0202817,0.0415731,0.037206,0.0585734,0.73082,26.9813,19.7185,0.933451,413.015,
0.931901,10.1728,0.0265106,0.0588208,0.0695593,0.0463448,0.0170912,0.0439374,0.0452963,0.0279131,0.743718,26.5134,19.7185,0.894998,443.47,

0.867176,8.39168,0.0129427,0.00584849,0.0213755,0.1143,0.00778612,0.00338973,0.0189303,0.0773549,0.779428,22.1121,17.2348,0.944152,339.59,
0.846234,7.53057,0.00876635,0.0279152,0.046208,0.124597,0.00973406,0.0295463,0.0330544,0.0760096,0.751893,20.7594,15.6089,0.943603,279.098,
0.860747,7.47822,0.0660469,0.0759904,0.0495169,0.0989238,0.0324338,0.0385271,0.0219352,0.0716719,0.628705,22.225,13.973,0.87951,242.386,
0.904606,7.58163,0.064532,0.0406579,0.0645096,0.0575283,0.0410712,0.0126457,0.0393302,0.0389907,0.65316,21.3928,13.973,0.885316,239.465,
0.90939,7.75342,0.0373704,0.0327933,0.0813629,0.0586417,0.0198858,0.018422,0.0562793,0.042253,0.7042,21.3928,15.0648,0.898485,256.987,
0.960818,8.55187,0.0122547,0.0470316,0.142352,0.0349406,0.00651941,0.0412168,0.11584,0.0349205,0.755567,20.8697,15.7684,0.921061,292.865,

0.910675,8.39842,0.0098335,0.0101191,0.0229746,0.0596077,0.00592214,0.0115704,0.00740022,0.0308972,0.71629,22.5973,16.1862,0.955576,304.964,
0.793319,8.3289,0.0396543,0.0537483,0.0892888,0.157711,0.0234491,0.027928,0.047126,0.0962244,0.621194,26.6311,16.5431,0.912571,347.517,
0.549556,7.22112,0.151092,0.165257,0.219967,0.362414,0.0577762,0.0580534,0.107604,0.213842,0.444918,31.2712,13.9131,0.746114,321.651,
0.733418,7.94411,0.10062,0.101423,0.140994,0.16747,0.0446689,0.0482727,0.0639878,0.0775488,0.511101,28.5952,14.615,0.819446,325.406,
0.64676,6.90023,0.0598046,0.0904234,0.0889925,0.276732,0.0250586,0.0384417,0.0360923,0.157296,0.504866,25.7146,12.9824,0.807293,266.582,
0.972205,8.87081,0.0297275,0.0500158,0.0567033,0.0417337,0.0286769,0.03569,0.0583972,0.0541684,0.80032,22.8269,18.2688,0.920724,345.848,

0.761583,7.65495,0.070595,0.0738023,0.0946519,0.194645,0.0375528,0.0558415,0.0534833,0.129999,0.624695,23.3955,14.615,0.876349,281.184,
0.670832,7.63414,0.0462968,0.103264,0.137882,0.302563,0.0366966,0.0757586,0.104839,0.211489,0.63573,24.5527,15.6089,0.859502,326.657,
0.877262,8.3644,0.0225533,0.0169137,0.0176867,0.100323,0.0108242,0.0129892,0.0143251,0.0704978,0.727013,22.6157,16.4419,0.866309,312.056,
0.815576,7.66678,0.0192048,0.051232,0.0321936,0.144616,0.0124526,0.0291595,0.016612,0.090348,0.712276,19.9498,14.2098,0.923766,245.306,
0.584121,7.25592,0.134813,0.19832,0.139316,0.358416,0.0655901,0.115544,0.0725302,0.229521,0.480266,29.0942,13.973,0.785624,297.871,
0.96444,8.98416,0.0436742,0.0473337,0.0137156,0.0366783,0.0310519,0.0425316,0.0156309,0.0387503,0.790184,20.6789,16.3401,0.877887,294.117,

0.792365,11.152,0.0171024,0.0070269,0.0363976,0.173332,0.00769257,0.0065282,0.0167958,0.114341,0.748665,31.6755,23.7143,0.996599,629.952,
0.839987,11.5202,0.0130829,0.0208132,0.00716187,0.12577,0.00947043,0.0156607,0.00478377,0.0758232,0.801413,31.6689,25.3798,0.993846,667.499,
0.910335,12.2498,0.0143252,0.0297524,0.0470759,0.0693101,0.00915746,0.0260254,0.0324526,0.0439694,0.835359,32.1785,26.8806,1.02092,710.469,

0.948829,8.51818,0.0197444,0.0267256,0.0221884,0.0355695,0.0147968,0.0258049,0.0148822,0.0260098,0.769996,20.2714,15.6089,0.926931,277.012,
0.899507,8.16256,0.0176953,0.0332372,0.0119243,0.0816501,0.00956541,0.0144606,0.0147306,0.0580911,0.739124,21.1181,15.6089,0.908155,273.675,
0.909831,8.3212,0.0228868,0.0282543,0.0272823,0.0736364,0.0111539,0.0216556,0.0157671,0.0483687,0.708077,21.3538,15.1201,0.859184,277.846,
0.957765,8.3827,0.028062,0.0158895,0.0433085,0.0365174,0.0241002,0.0138936,0.0380821,0.0258637,0.795848,18.507,14.7288,0.924326,257.404,
0.949149,8.58366,0.0121269,0.00776218,0.0248522,0.0427813,0.00875778,0.00476213,0.0228017,0.0279772,0.824621,19.377,15.9787,0.920426,279.932,
0.981543,8.84799,0.016289,0.0248076,0.0229683,0.0130825,0.00712533,0.0187888,0.00954594,0.0041132,0.81693,19.8134,16.1862,0.903833,283.687,

0.954374,10.6578,0.0013336,0.00707066,0.0100533,0.0374342,0.00200442,0.00249219,0.00250785,0.0275664,0.803571,23.8983,19.204,0.93771,393.407,
0.842344,10.1274,0.0406791,0.0334451,0.0455369,0.128154,0.022532,0.0140238,0.02434,0.088514,0.70691,27.4108,19.377,0.854755,438.881,
0.895817,10.2634,0.0278185,0.0202629,0.0183153,0.0814825,0.0201455,0.020038,0.0101185,0.0499287,0.804351,24.9321,20.0541,0.910407,440.966,
0.932238,10.7577,0.0144499,0.0118465,0.0289693,0.0511493,0.00959736,0.00804866,0.0153184,0.0336847,0.794301,25.7146,20.4252,0.859548,443.052,
0.945992,10.2232,0.00927712,0.0199261,0.0239252,0.0442036,0.00941563,0.00798013,0.018172,0.03109,0.78903,23.1535,18.2688,0.914858,370.045,
0.72061,9.14987,0.0243121,0.0401153,0.0682152,0.248181,0.0122452,0.0230033,0.0553241,0.173626,0.653372,27.9608,18.2688,0.80268,435.126,

0.918106,9.05552,0.0136569,0.0248941,0.0472026,0.0615768,0.00801685,0.0220584,0.0313401,0.0401837,0.773007,21.789,16.843,0.906724,317.062,
0.859002,8.87993,0.0250952,0.0423218,0.0469535,0.109891,0.0194921,0.0328504,0.0362226,0.0708019,0.702034,24.7558,17.3794,0.886418,357.529,
0.951322,9.24267,0.0131543,0.024002,0.0183961,0.0405403,0.010936,0.022464,0.0117232,0.034619,0.803487,22.3933,17.9927,0.934984,347.934,
0.928482,9.59677,0.0167298,0.0237505,0.045996,0.055816,0.00929369,0.0247081,0.0282357,0.0370371,0.784166,23.4133,18.3599,0.889186,366.29,
0.971644,9.62745,0.0269666,0.0379377,0.0489673,0.0219606,0.0184278,0.0333283,0.0288569,0.0135534,0.796783,21.3245,16.991,0.893668,335.418,
0.951645,9.52018,0.017335,0.0269847,0.0150335,0.0388714,0.0155116,0.0249758,0.0183648,0.0271701,0.79421,23.2883,18.4958,0.915465,370.462,

0.987686,9.56136,0.0146241,0.0777701,0.0595945,0.0221095,0.0124643,0.0642996,0.038039,0.0375626,0.795417,21.789,17.3313,0.915764,315.81,
0.980733,9.44299,0.0218112,0.0238827,0.0208089,0.0154185,0.0135102,0.0238626,0.0126751,0.0191708,0.835848,21.4707,17.9463,0.947196,327.492,
0.848996,9.91233,0.0681708,0.130789,0.114618,0.0885047,0.0333049,0.0652103,0.0419842,0.0476479,0.590489,29.1872,17.2348,0.672098,372.548,
0.907342,9.68536,0.0532049,0.0308431,0.0333959,0.0700267,0.0332624,0.0270797,0.0250203,0.0438104,0.753027,23.333,17.5704,0.922281,360.867,
0.967019,10.285,0.0370411,0.0679739,0.0113502,0.0284078,0.0259246,0.0518315,0.0107719,0.025222,0.793616,23.4756,18.6306,0.890677,381.309,
0.849444,9.83467,0.0450502,0.028378,0.0828825,0.110355,0.0230521,0.012966,0.0385294,0.0627519,0.670268,27.0508,18.1313,0.825868,387.149,

0.827483,8.66268,0.0175935,0.0269509,0.0917978,0.129805,0.00899288,0.0168722,0.049045,0.0771998,0.69793,24.1328,16.843,0.873503,355.443,
0.945121,9.11296,0.0314252,0.0382674,0.0325796,0.0475244,0.0236516,0.0219017,0.0401934,0.0407432,0.780803,22.1968,17.3313,0.914822,342.093,
0.842546,8.94053,0.0692164,0.0521427,0.0137508,0.125326,0.0396771,0.0371511,0.00441999,0.0836722,0.692495,24.3222,16.843,0.905853,350.02,

0.90251,16.6498,0.0283097,0.0359554,0.0362523,0.0761678,0.0235648,0.0288824,0.0214266,0.0530275,0.729773,38.13,27.8262,0.788625,868.166,
0.925015,17.0168,0.047278,0.0277709,0.064081,0.0584523,0.0276851,0.0201249,0.0397657,0.0388797,0.764161,37.8003,28.8855,0.813005,924.486,
0.882147,15.2739,0.00649021,0.0316024,0.0638951,0.0908535,0.00145268,0.0161541,0.0439589,0.0576016,0.697132,36.4061,25.3798,0.700812,767.624,
0.908615,15.3995,0.0230933,0.0141399,0.0352333,0.068017,0.0113271,0.0116297,0.0192451,0.0381264,0.78187,33.2497,25.997,0.784391,750.519,
0.956672,16.7292,0.030587,0.0223342,0.0230131,0.0364588,0.0187773,0.0179622,0.0132669,0.028782,0.775642,35.8751,27.8262,0.763803,868.166,
0.872015,15.4063,0.0445047,0.0569933,0.0110881,0.0999939,0.0311101,0.0373458,0.0118564,0.0597959,0.692997,36.9068,25.5763,0.782423,819.355,

0.96568,9.24233,0.0422971,0.0344868,0.024855,0.0183514,0.0257563,0.0277164,0.0162714,0.00304573,0.663901,25.5926,16.991,0.816468,347.934,
0.8603,8.5672,0.0122555,0.00690994,0.0214765,0.123849,0.00928045,0.0024192,0.0105351,0.0966203,0.772368,21.9986,16.991,0.920625,332.081,
0.921265,8.86535,0.0132423,0.025302,0.028728,0.0662383,0.00659571,0.0186807,0.0205522,0.0510713,0.789994,22.717,17.9463,0.927686,329.578,

0.633925,8.84519,0.0230939,0.0651775,0.024864,0.346623,0.0183357,0.0388881,0.0183752,0.254001,0.531978,29.6411,15.7684,0.80613,431.371,
0.609453,8.26191,0.0564518,0.114876,0.0747698,0.365294,0.0280144,0.0709882,0.0470096,0.260116,0.542414,27.7737,15.0648,0.784931,380.474,
0.599475,8.42821,0.0724464,0.0951464,0.0934386,0.388001,0.05011,0.0655201,0.0668509,0.292484,0.572598,29.4151,16.843,0.852624,415.518,
0.788602,9.65356,0.0979217,0.0992132,0.0822317,0.160411,0.0581874,0.0568939,0.0461609,0.0973103,0.659807,27.8262,18.3599,0.842579,414.267,
0.935599,9.52539,0.00896855,0.0204114,0.0534647,0.056378,0.00829868,0.0210742,0.0401413,0.0437041,0.768221,22.5603,17.3313,0.882001,334.584,
0.898188,7.36174,0.0778134,0.126408,0.14241,0.071181,0.0521275,0.0779622,0.0930886,0.0387152,0.621753,17.6296,10.9613,0.863038,179.39,

0.873716,11.7342,0.0104409,0.0122257,0.0123428,0.100058,0.00418768,0.00502005,0.00841529,0.0648537,0.725412,30.6377,22.225,0.806029,587.399,
0.919964,10.6987,0.0207839,0.0115997,0.014135,0.060251,0.0148036,0.0090109,0.0113842,0.0339202,0.771364,26.7951,20.6688,0.81551,490.195,
0.884099,9.9919,0.0137317,0.0114612,0.026414,0.091081,0.00494534,0.0101814,0.0192313,0.0562267,0.710802,27.502,19.5485,0.810115,463.077,
0.862943,9.26962,0.0180408,0.00455623,0.0373044,0.107607,0.00648867,0.00697933,0.0312144,0.0651603,0.768842,23.3419,17.9463,0.853894,361.701,
0.721552,8.7131,0.0288214,0.0651298,0.0286049,0.236079,0.0156055,0.0412733,0.0156742,0.153331,0.610412,27.5929,16.843,0.864788,390.07,
0.931664,9.07217,0.0119072,0.0380128,0.052348,0.0570055,0.00617828,0.033699,0.0331475,0.0391432,0.791356,21.4707,16.991,0.925723,321.651,

0.860058,9.68664,0.0284284,0.010221,0.0516215,0.114409,0.0209245,0.00603918,0.0248449,0.0767769,0.742852,23.3955,17.3794,0.857938,357.946,
0.625262,8.02094,0.0490592,0.08737,0.0784898,0.341732,0.0305347,0.0480825,0.0447282,0.234648,0.547144,26.9194,14.7288,0.782603,347.934,
0.350582,6.78574,0.0510871,0.39447,0.0523029,0.667666,0.0313232,0.246673,0.033833,0.491846,0.335342,38.5219,12.918,0.696898,442.635,
0.445176,7.52144,0.0450278,0.26272,0.0412846,0.565071,0.0363981,0.164322,0.0322739,0.422055,0.460887,32.6866,15.0648,0.761133,436.795,

0.872752,12.3734,0.0264942,0.0183144,0.0415832,0.109554,0.0163691,0.0177852,0.0202032,0.0803055,0.71586,30.6241,21.9226,0.816141,599.915,
0.894822,12.1362,0.0563531,0.0524749,0.0474463,0.0826987,0.0366923,0.0382301,0.0186873,0.051687,0.733903,29.0296,21.3049,0.852205,536.085,
0.867215,11.991,0.035955,0.0357174,0.0541279,0.106027,0.0186143,0.0235925,0.0284171,0.0658091,0.726971,29.1443,21.1871,0.842891,558.196,
0.831441,11.7033,0.0288696,0.0762483,0.0502707,0.142415,0.0168327,0.0497096,0.0249473,0.0965989,0.642029,31.8134,20.4252,0.776013,543.594,
0.855406,11.9586,0.0160784,0.0235036,0.0667564,0.115639,0.0128471,0.0133848,0.0384707,0.0746826,0.692306,30.6037,21.1871,0.813421,572.38,
0.868355,11.9549,0.0204275,0.0216747,0.0419333,0.114508,0.0146112,0.0147681,0.0205804,0.0823514,0.746443,29.7745,22.225,0.829308,583.227,

0.618055,13.9966,0.0459497,0.178253,0.099063,0.327657,0.0298111,0.101131,0.065971,0.20255,0.44496,46.9023,20.8697,0.622314,800.581,
0.699836,10.1165,0.065779,0.202943,0.0316254,0.29363,0.0496689,0.129458,0.0361843,0.232811,0.33143,24.9572,8.27156,0.445221,313.724,
0.390188,3.83856,0.0315076,0.259679,0.118026,0.648015,0.0183361,0.160098,0.093253,0.494524,0.308377,16.7561,5.1672,0.60241,75.928,

0.931558,9.1637,0.0344054,0.0824869,0.0465351,0.0751307,0.0210654,0.0584079,0.0228275,0.0758651,0.729631,21.3928,15.6089,0.90209,307.884,
0.695715,10.7361,0.0372465,0.0111295,0.0638651,0.283735,0.0308753,0.00608542,0.0366802,0.216353,0.627934,32.9156,20.6688,0.865253,583.644,
0.608806,9.56935,0.0190316,0.074065,0.0339922,0.375955,0.0194038,0.0503156,0.0232228,0.278321,0.573635,33.2497,19.0732,0.867704,561.116,

0.733105,10.3608,0.104985,0.155692,0.0649573,0.225589,0.0660282,0.0987744,0.034232,0.149377,0.537179,32.3531,17.3794,0.860203,421.776,
0.473093,11.6226,0.138921,0.242133,0.171745,0.539124,0.0840584,0.166067,0.128791,0.412656,0.43661,51.0751,22.2999,0.720165,890.277,
0.674144,11.8253,0.0550013,0.0508801,0.0642826,0.304084,0.0362296,0.0352645,0.0473062,0.223766,0.625843,36.1069,22.5973,0.845968,709.218,
0.669432,7.93983,0.0771685,0.158442,0.130826,0.282857,0.03792,0.100964,0.0797054,0.184968,0.441129,27.7812,12.2551,0.734711,272.006,

0.977024,10.6821,0.0344084,0.0189082,0.0381634,0.0207764,0.0203953,0.0164097,0.0263587,0.022551,0.776232,23.6526,18.3599,0.884494,390.904,
0.933759,9.02779,0.0456515,0.012168,0.0785633,0.063645,0.036698,0.0164257,0.0474611,0.0584441,0.704078,19.7607,13.9131,0.811001,257.821,
0.934422,9.43294,0.0254069,0.0128867,0.0401086,0.0591606,0.0164182,0.0166992,0.0210922,0.0523325,0.77578,21.3245,16.5431,0.90209,307.884,
0.85287,9.59071,0.0209711,0.03999,0.029123,0.134144,0.011048,0.0327069,0.0223919,0.109531,0.78619,22.8269,17.9463,0.889785,346.265,
0.828503,10.4717,0.00594751,0.0683669,0.0649866,0.135147,0.00757059,0.0395912,0.0370297,0.0894916,0.640312,28.8855,18.4958,0.806632,459.74,
0.905754,10.4758,0.0425477,0.0403852,0.0348398,0.0789722,0.0245639,0.030333,0.0278346,0.0557743,0.738839,26.6311,19.6761,0.855437,446.807,

0.818909,9.41217,0.0180956,0.0348514,0.0400547,0.150996,0.0134423,0.0229016,0.0221276,0.102785,0.716993,24.0375,17.2348,0.86195,374.217,
0.829539,9.58736,0.0296966,0.0578379,0.0715406,0.137788,0.01846,0.0355917,0.0441361,0.0935271,0.697901,25.7146,17.9463,0.886727,385.481,
0.961018,10.1139,0.0168765,0.01447,0.00311258,0.0229403,0.0117856,0.00687888,0.00282794,0.0118889,0.7396,25.1901,18.6306,0.912429,368.376,
0.966065,10.1284,0.0207873,0.0129146,0.0224711,0.0251751,0.0123193,0.00614013,0.0117112,0.0151136,0.746104,24.1155,17.9927,0.914176,376.72,
0.983502,10.3446,0.0151276,0.0194614,0.0439834,0.022516,0.0144694,0.00940518,0.0220286,0.0247367,0.791449,22.909,18.1313,0.893962,369.628,
0.872497,11.3804,0.0396919,0.0246861,0.0542824,0.0983618,0.0236191,0.00963519,0.029777,0.0659802,0.704032,29.4151,20.7091,0.826565,524.404,

0.85274,8.36364,0.0213291,0.0152017,0.0181799,0.129808,0.0154681,0.00897844,0.0133999,0.0984969,0.796783,21.3245,16.991,0.926444,315.393,
0.9673,8.88549,0.0100433,0.0293769,0.0236419,0.0278956,0.0100074,0.027198,0.0204324,0.0241367,0.814503,20.6789,16.843,0.943211,298.289,
0.974592,8.84488,0.00483947,0.00482254,0.0356615,0.0238164,0.00272357,0.00787476,0.022205,0.018618,0.820529,20.527,16.843,0.962646,302.043,
0.940559,8.40194,0.0249215,0.0327511,0.0528234,0.0525996,0.0199029,0.0232965,0.0460066,0.0390802,0.810679,20.2817,16.4419,0.880112,295.368,
0.859847,7.3306,0.0105599,0.0366891,0.0363072,0.116333,0.00386424,0.0169173,0.012132,0.0807797,0.756299,20.6385,15.6089,0.933524,280.35,
0.945971,7.73765,0.0520201,0.0520835,0.0624234,0.0232318,0.0320624,0.0388128,0.0434511,0.0110221,0.697324,22.384,15.6089,0.888374,281.601,

0.339945,6.58021,0.151878,0.398733,0.108454,0.665497,0.0720651,0.234648,0.0426091,0.478224,0.279748,45.7131,12.7882,0.645165,440.549,
0.381285,6.87073,0.1898,0.345246,0.141731,0.590033,0.076233,0.180506,0.0433029,0.40199,0.349206,39.8421,13.9131,0.668654,413.849,
0.501087,7.10862,0.0362054,0.191824,0.057989,0.454804,0.0130601,0.0884674,0.0245679,0.301691,0.417401,34.1839,14.2684,0.76631,371.713,
0.548667,6.99878,0.128043,0.149223,0.161288,0.406088,0.0592802,0.0717195,0.0824552,0.268684,0.470788,28.2503,13.2999,0.784286,297.037,
0.819518,8.74978,0.0643536,0.0898091,0.0996823,0.133583,0.0441772,0.0588471,0.0505488,0.0742596,0.624097,27.6155,17.2348,0.750991,365.456,
0.90549,8.63968,0.067722,0.0511221,0.15074,0.0639683,0.0430844,0.0370306,0.0981826,0.031606,0.694107,23.6879,16.4419,0.860634,333.749,

0.867758,9.3619,0.0190523,0.0387954,0.0404917,0.107223,0.0123517,0.0297201,0.0265902,0.0783894,0.669599,25.7389,17.2348,0.856535,383.812,
0.887342,9.39947,0.0467455,0.045099,0.0538172,0.0943546,0.0339322,0.0311849,0.0350244,0.0741416,0.725107,23.968,17.3794,0.816946,360.867,
0.841697,9.48525,0.0217624,0.0641449,0.0411077,0.13817,0.0136061,0.052146,0.0302457,0.104264,0.687795,25.1984,17.3313,0.854322,382.143,
0.842579,9.52979,0.0298329,0.0275087,0.0279617,0.12542,0.0220581,0.0123697,0.014864,0.0829251,0.664427,26.157,17.3794,0.838214,383.395,
0.965136,9.70346,0.0203415,0.00950174,0.0419667,0.0282418,0.0148994,0.00996308,0.0228327,0.0242555,0.762263,21.7026,16.5431,0.832309,321.651,
0.967398,10.25,0.0334679,0.0342353,0.0754937,0.0239064,0.0219936,0.0247617,0.0510549,0.0168774,0.766062,24.5527,18.8089,0.786696,407.592,

0.896928,9.89467,0.14396,0.142128,0.104797,0.0730389,0.0658102,0.0577092,0.0547999,0.0384937,0.583972,28.8422,16.843,0.696205,382.977,
0.75444,8.86922,0.128989,0.0888086,0.098162,0.205049,0.0575991,0.0451711,0.0585304,0.131511,0.526596,29.6411,15.6089,0.7095,377.554,
0.752028,8.73124,0.103547,0.0314657,0.0549782,0.183349,0.0434209,0.0115587,0.0305514,0.108126,0.473811,35.548,16.843,0.61208,415.518,
0.83581,8.50505,0.0452948,0.0487172,0.0488795,0.118988,0.0213813,0.0318112,0.0326767,0.0660148,0.605035,28.4856,17.2348,0.812882,364.204,
0.825675,8.32875,0.0457926,0.0478899,0.0542842,0.13208,0.0239438,0.0295385,0.0327996,0.0756098,0.657097,26.2286,17.2348,0.898821,345.431,
0.794555,8.73096,0.0850259,0.096825,0.119333,0.148541,0.0391758,0.0542473,0.0739581,0.0845873,0.568937,31.5435,17.9463,0.715671,394.659,

0.926504,7.11843,0.00123175,0.0124997,0.0270744,0.068517,0.00492002,0.00684381,0.0142859,0.0583115,0.795046,18.3826,14.615,0.964386,233.207,
0.992268,7.37078,0.00722984,0.0199053,0.0262529,0.0212286,0.0065786,0.0263072,0.0191385,0.0318875,0.821995,17.5704,14.4428,0.951022,227.784,
0.895516,6.93681,0.0202739,0.0169259,0.0166909,0.0938965,0.011201,0.0196102,0.00366456,0.0799529,0.819515,18.3826,15.0648,0.942698,247.809,
0.897931,7.21238,0.00735296,0.0146782,0.0225291,0.0820446,0.000465606,0.0202926,0.0168117,0.0585546,0.822666,18.9084,15.5553,0.982862,253.232,
0.921829,7.18568,0.00647542,0.00907787,0.0358422,0.0776518,0.00288474,0.00623928,0.0231965,0.0713617,0.819515,18.3826,15.0648,0.955152,229.453,
0.922606,7.53812,0.00199862,0.00712768,0.0203196,0.071177,0.00313507,0.011227,0.0175044,0.0622705,0.808176,19.7713,15.9787,0.96042,268.251,

0.965161,9.35433,0.0255978,0.0359584,0.0192829,0.0324969,0.0161198,0.0271877,0.0136683,0.0323035,0.805265,21.4026,17.2348,0.865634,317.896,
0.932192,9.07304,0.00975671,0.0190268,0.0245705,0.0504703,0.0029622,0.00945842,0.0238921,0.0273701,0.786961,21.4026,16.843,0.918619,317.479,
0.946521,8.90058,0.00685633,0.017587,0.0249528,0.0406537,0.0046083,0.0228519,0.0132573,0.0254201,0.815711,20.8296,16.991,0.90064,307.049,
0.904368,8.82768,0.0196275,0.0205733,0.006901,0.0775942,0.0114765,0.0205344,0.0119996,0.0520959,0.792687,20.8697,16.5431,0.930051,317.479,
0.967387,9.20797,0.00308092,0.0183964,0.0200124,0.023796,0.00464025,0.0109988,0.0105303,0.0158924,0.813456,21.1871,17.2348,0.925015,321.234,
0.916551,9.1375,0.0023474,0.016757,0.0381189,0.0652,0.00431883,0.0074737,0.0283709,0.0447084,0.736135,23.0813,16.991,0.870564,333.749,

0.782763,8.78335,0.0875642,0.108602,0.159612,0.144468,0.0501283,0.0561249,0.0902528,0.0747383,0.604551,27.1969,16.4419,0.796916,346.265,
0.846412,8.8346,0.0218501,0.0362617,0.0602684,0.115768,0.0118546,0.016451,0.0304054,0.069887,0.633762,26.5763,16.843,0.812975,357.946,
0.948791,8.96202,0.0281596,0.0233683,0.0275001,0.0319942,0.0215469,0.0168379,0.018929,0.0136408,0.786641,22.0932,17.3794,0.938819,315.81,
0.804967,7.32956,0.0160854,0.058981,0.03849,0.173933,0.0100539,0.0409205,0.0266033,0.134259,0.662085,22.0743,14.615,0.874067,262.411,

0.453981,6.09685,0.116855,0.237091,0.0874679,0.523209,0.0726487,0.137766,0.0586315,0.349744,0.380392,29.0152,11.0371,0.682397,273.675,
0.623123,6.58538,0.0519841,0.0999451,0.0733754,0.329622,0.0245954,0.0480869,0.0451816,0.219441,0.523424,24.6798,12.918,0.882995,255.318,
0.697496,7.70788,0.096738,0.0562411,0.0766517,0.265266,0.0474421,0.0445586,0.0377319,0.175924,0.586728,23.4044,13.732,0.835212,305.381,
0.523622,7.30697,0.116746,0.15485,0.0129857,0.463085,0.0641029,0.0860216,0.0166396,0.323448,0.458298,29.9631,13.732,0.771911,317.062,

0.346314,6.62646,0.134177,0.44137,0.104527,0.638686,0.0589553,0.270939,0.0487252,0.439187,0.307692,42.8149,13.1738,0.612373,384.646,
0.367286,6.63347,0.20311,0.402571,0.129409,0.598032,0.0982602,0.232763,0.0671697,0.398823,0.287065,47.8359,13.732,0.578,379.64,
0.396233,6.98923,0.26951,0.383944,0.204876,0.575504,0.136469,0.228479,0.121515,0.386752,0.302272,43.5827,13.1738,0.60699,354.609,
0.427186,7.29743,0.357225,0.274886,0.302548,0.554142,0.179293,0.167447,0.163588,0.380047,0.306786,39.9467,12.2551,0.604166,328.326,
0.423466,7.25451,0.372061,0.269801,0.326872,0.565937,0.200736,0.15248,0.176674,0.400795,0.334871,37.993,12.7228,0.65319,330.412,
0.493761,7.24019,0.112988,0.213346,0.12897,0.487526,0.06744,0.120968,0.0655914,0.348656,0.477134,30.6309,14.615,0.802513,344.179,

0.710616,10.4594,0.00956921,0.0165174,0.0517202,0.263268,0.0105206,0.0219181,0.0332032,0.19348,0.637281,30.8751,19.6761,0.891252,544.429,
0.697558,9.98367,0.0524533,0.124021,0.0532526,0.283434,0.0527269,0.0959789,0.0288705,0.211813,0.615269,27.6155,16.991,0.891679,455.985,
0.588937,8.79165,0.0511834,0.148815,0.0548405,0.425614,0.0406713,0.11428,0.034621,0.349112,0.507075,26.2286,13.2999,0.828289,350.02,
0.665298,7.25048,0.0648053,0.0650393,0.0608678,0.301841,0.0464171,0.0341374,0.0467592,0.209835,0.555935,23.6967,13.1738,0.898231,268.668,
0.837915,8.15845,0.0232719,0.00696573,0.0676012,0.119896,0.0105474,0.00436088,0.0462758,0.0726202,0.670755,21.789,14.615,0.920419,286.19,
0.778312,7.57045,0.0581429,0.0389467,0.102531,0.179691,0.0362365,0.0227657,0.0640919,0.111653,0.667007,20.2199,13.4868,0.954085,234.876,

0.916427,9.38855,0.0275554,0.0158502,0.0117761,0.0586488,0.0179016,0.0140926,0.00985041,0.035222,0.769136,23.333,17.9463,0.92919,351.271,
0.884485,8.95436,0.0123556,0.00845827,0.0234543,0.0883248,0.0135087,0.00872282,0.0130675,0.0568929,0.76906,22.0932,16.991,0.959873,335.001,
0.779275,8.80348,0.0362848,0.0605235,0.071121,0.185471,0.0196073,0.0419861,0.0443111,0.126254,0.680451,24.6798,16.7934,0.923491,354.609,
0.932544,9.51357,0.0152055,0.0258653,0.0630962,0.0385329,0.0101902,0.0260645,0.0490771,0.0164987,0.714675,24.1155,17.2348,0.935642,348.351,
0.901756,9.46533,0.0155181,0.0585032,0.00750934,0.0766424,0.0115551,0.0361558,0.00797806,0.0488948,0.772572,22.4955,17.3794,0.850372,359.198,
0.968564,9.52065,0.0123624,0.00835287,0.0259426,0.0319552,0.00823411,0.0101392,0.0209287,0.0344559,0.807656,23.2883,18.8089,0.940156,358.363,

0.826537,8.88028,0.0109815,0.0882607,0.126779,0.133213,0.00600941,0.0641536,0.0929085,0.0890741,0.643676,23.4044,15.0648,0.906,303.712,
0.993651,9.09667,0.0554066,0.024087,0.142908,0.00657685,0.0364048,0.019054,0.0920086,0.00595984,0.635241,18.1887,11.5542,0.826271,218.606,
0.937078,10.5829,0.0419469,0.0812793,0.039043,0.0514598,0.0272899,0.0545935,0.0175261,0.0370722,0.73384,23.1535,16.991,0.803684,345.013,

0.790869,11.1833,0.106343,0.0967047,0.221274,0.18101,0.0637778,0.0617859,0.136112,0.12576,0.552792,31.1776,17.2348,0.694405,496.452,
0.856215,11.5184,0.0392304,0.0563766,0.113409,0.127891,0.0208712,0.0290975,0.0681238,0.0942476,0.641898,30.2541,19.42,0.776367,500.207,
0.677108,9.45145,0.0327508,0.0957863,0.042136,0.294721,0.0274746,0.0598781,0.0337183,0.210943,0.593798,29.1872,17.3313,0.81837,414.684,
0.656945,9.70216,0.0259439,0.0649821,0.0602376,0.315882,0.0141978,0.030771,0.0436337,0.226765,0.580364,30.2747,17.5704,0.807504,460.574,

0.935283,6.01801,0.0953243,0.170463,0.178632,0.0666691,0.0697846,0.131594,0.126447,0.0656557,0.48074,13.7016,6.58691,0.712032,91.3639,
0.822149,6.11829,0.0248697,0.216768,0.0963219,0.151938,0.0200554,0.151633,0.070732,0.107553,0.479301,15.7154,7.53242,0.694314,108.051,
0.755937,8.74953,0.151648,0.0721502,0.120964,0.225005,0.109029,0.0491467,0.0645044,0.164241,0.45106,20.8497,9.40445,0.615693,244.889,

0.315226,6.21696,0.115963,0.419662,0.101134,0.732409,0.0519671,0.280019,0.0504356,0.567635,0.293881,41.4686,12.1868,0.672999,406.757,
0.648448,6.91455,0.125312,0.0324433,0.0806885,0.306554,0.0809366,0.00898065,0.053709,0.190248,0.561288,21.7122,12.1868,0.914961,224.447,
0.536666,6.79118,0.126821,0.103157,0.042182,0.440546,0.0668158,0.0460645,0.0499311,0.312965,0.402656,27.4108,11.0371,0.731755,241.134,

0.915167,8.66072,0.0353061,0.00872392,0.0458448,0.0607076,0.0271185,0.00129054,0.029482,0.0343161,0.775265,20.0645,15.5553,0.913615,270.337,
0.965484,9.86241,0.00762575,0.034386,0.0292623,0.0220805,0.00409565,0.0230678,0.013786,0.0131264,0.73434,22.9363,16.843,0.785132,355.86,
0.966101,9.79756,0.0177373,0.0195891,0.0394848,0.0266641,0.0141963,0.0120657,0.0219995,0.0149262,0.775099,23.1535,17.9463,0.832416,352.94,
0.920247,8.24835,0.00660708,0.0411962,0.0254579,0.066308,0.00655392,0.0229626,0.010052,0.0516128,0.741906,21.0389,15.6089,0.909332,292.865,
0.860023,7.18576,0.0363285,0.0452192,0.081142,0.119262,0.020539,0.0351406,0.0617565,0.0897617,0.724491,19.204,13.9131,0.905766,220.692,

0.375721,7.31798,0.183747,0.380946,0.146717,0.620148,0.103549,0.227668,0.0974121,0.440288,0.34961,44.6466,15.6089,0.661609,476.845,
0.309405,7.09326,0.242092,0.474779,0.159395,0.70675,0.136481,0.292871,0.0843402,0.513512,0.340168,42.4578,14.4428,0.675249,455.985,
0.425232,8.87221,0.171502,0.31377,0.115381,0.565038,0.0925333,0.184232,0.0651258,0.400347,0.399009,44.9771,17.9463,0.68244,581.141,
0.479654,9.60601,0.120697,0.237713,0.120497,0.502612,0.0713681,0.134882,0.0811169,0.349946,0.424826,43.8547,18.6306,0.694369,626.615,
0.641175,12.7132,0.0952663,0.11575,0.078974,0.317856,0.0482558,0.0702257,0.0380492,0.211769,0.545786,42.3397,23.1084,0.699482,822.692,

0.813414,9.25142,0.0533927,0.044463,0.0346184,0.169161,0.0329283,0.0275599,0.0130603,0.124856,0.689416,26.6311,18.3599,0.834702,400.917,
0.69027,8.62339,0.00224614,0.0846863,0.00570922,0.290806,0.00167677,0.0537526,0.011467,0.216547,0.695789,26.3872,18.3599,0.890986,403.002,
0.640624,8.75012,0.0147895,0.106763,0.0265195,0.332165,0.0134931,0.057773,0.0244346,0.235361,0.614755,29.8655,18.3599,0.837079,474.341,
0.637649,8.93624,0.0651905,0.114053,0.092202,0.32777,0.0374842,0.0620434,0.0646104,0.224803,0.561483,32.9409,18.4958,0.824945,492.28,
0.735598,9.07092,0.0280013,0.0858157,0.0483708,0.234127,0.0232896,0.0529192,0.0354108,0.162108,0.653944,26.5763,17.3794,0.888387,393.824,
0.811373,9.38203,0.0355538,0.0364428,0.0604517,0.158998,0.0177552,0.0193794,0.040505,0.106616,0.71397,25.3305,18.0852,0.93706,385.481,

0.839964,11.4559,0.0413505,0.035672,0.0226804,0.138309,0.0275114,0.0285165,0.0207504,0.102876,0.730387,29.008,21.1871,0.889278,533.999,
0.881782,11.19,0.0466482,0.0622306,0.123841,0.104163,0.0393194,0.0518901,0.0915687,0.0798877,0.741083,26.6076,19.7185,0.913066,450.979,
0.891552,10.9926,0.0225636,0.0342692,0.0421452,0.0894121,0.0175228,0.0212181,0.0284567,0.0667873,0.806502,26.5134,21.3831,0.908045,486.44,
0.754153,9.63009,0.0622801,0.0848478,0.116,0.197902,0.0396001,0.0457531,0.0747318,0.124738,0.664001,28.9216,19.204,0.89411,435.126,
0.815038,9.75653,0.0431127,0.0251625,0.119164,0.15388,0.0273248,0.00873911,0.0915437,0.10683,0.676875,26.5134,17.9463,0.890684,388.401,
0.661239,12.5129,0.0978272,0.145553,0.193335,0.276609,0.0518355,0.0812566,0.125421,0.162555,0.604738,41.0337,24.8147,0.755499,789.735,

0.910808,9.48236,0.0115747,0.00877596,0.00711071,0.0721671,0.00947437,0.019428,0.0113842,0.0507322,0.746107,25.7389,19.204,0.945056,406.34,
0.852335,8.78372,0.0183232,0.0240513,0.0414614,0.123258,0.0114557,0.0234968,0.0303606,0.0868056,0.749675,21.9321,16.4419,0.92861,316.645,
0.857067,8.43766,0.00877801,0.0372413,0.0121096,0.119073,0.00607639,0.0326594,0.0125651,0.082829,0.734416,21.4707,15.7684,0.910697,299.957,
0.83018,8.23111,0.0203885,0.0556618,0.0333956,0.150511,0.00953678,0.0431971,0.0324016,0.108343,0.732013,24.0028,17.5704,0.861428,353.774,

0.92055,10.2145,0.0181497,0.0220123,0.0387752,0.0650087,0.0112416,0.0146994,0.0272448,0.0458755,0.761191,23.8196,18.1313,0.875029,370.045,
0.97312,10.4228,0.0204995,0.0313951,0.025791,0.020168,0.0109079,0.018162,0.0215609,0.0126655,0.750423,23.9767,17.9927,0.852104,380.474,
0.880454,10.976,0.0125947,0.0183503,0.0261156,0.0904537,0.00595615,0.0184392,0.0153936,0.0556391,0.724519,26.9813,19.5485,0.809255,455.151,
0.820853,11.8753,0.0363417,0.011613,0.00923682,0.146926,0.0271922,0.00464515,0.00836293,0.0985474,0.679124,31.1977,21.1871,0.858709,576.135,
0.832892,12.8836,0.0278603,0.0138159,0.0686436,0.137839,0.0195809,0.00575647,0.0406312,0.0959919,0.685178,32.4368,22.225,0.785327,649.56,
0.933893,13.172,0.0732244,0.019479,0.0795662,0.0469484,0.0472573,0.016848,0.0466594,0.0234871,0.740743,28.6025,21.1871,0.81272,571.546,

0.798209,7.84645,0.0268429,0.0541941,0.0190732,0.171459,0.0214539,0.0349663,0.0166483,0.122053,0.657596,21.1575,13.9131,0.831837,257.821,
0.842924,8.05081,0.0273005,0.0310924,0.0249884,0.128258,0.0118712,0.0190639,0.0124055,0.0908766,0.619805,20.527,12.7228,0.872401,261.576,
0.849567,8.02267,0.0248434,0.0126602,0.00430063,0.121255,0.0107714,0.0105065,0.014576,0.0841149,0.735077,21.0884,15.5016,0.862946,268.251,

0.939878,10.3975,0.0122891,0.00837658,0.0333115,0.0376132,0.0085136,0.00351479,0.0142355,0.0287811,0.729041,26.989,19.6761,0.80401,457.237,
0.904806,9.65328,0.0272289,0.0231841,0.0361587,0.0735767,0.0219395,0.0161984,0.0228765,0.0481139,0.751788,23.9332,17.9927,0.901599,367.959,
0.893648,10.0288,0.0051268,0.0304595,0.033293,0.0945463,0.00422327,0.012262,0.0151536,0.0755563,0.765641,25.0822,19.204,0.884563,434.709,
0.84903,9.45895,0.0273558,0.0181781,0.0317179,0.141866,0.0199799,0.0206069,0.0234749,0.117376,0.787675,23.6526,18.6306,0.855982,383.395,

0.899076,7.68222,0.0119484,0.0425462,0.0779765,0.0757737,0.0152691,0.0248509,0.0470493,0.0468789,0.71397,17.9114,12.7882,0.840788,204.839,
0.89949,7.94567,0.0289368,0.0818427,0.0553271,0.0770216,0.0180908,0.0551962,0.0478161,0.0491563,0.668338,18.2345,12.1868,0.780491,217.772,
0.889307,7.92152,0.020813,0.0936252,0.0398187,0.0912484,0.0211466,0.0514493,0.0205211,0.0655376,0.622841,19.6761,12.2551,0.805348,214.434,
0.925523,9.23498,0.0335896,0.0832262,0.01274,0.060434,0.0144219,0.0599688,0.00496574,0.0397771,0.66396,22.6894,15.0648,0.77351,290.362,
0.910048,9.18568,0.0111964,0.0337506,0.0880627,0.0770111,0.0085821,0.0195626,0.0477264,0.0572365,0.720494,21.6641,15.6089,0.832467,303.712,
0.740711,7.8228,0.0477585,0.0461089,0.0861232,0.238499,0.033183,0.0332697,0.0510203,0.176846,0.712032,21.1575,15.0648,0.916352,277.846,

0.469707,6.87072,0.211617,0.280123,0.201686,0.463308,0.100035,0.144578,0.0927033,0.272672,0.422632,31.1709,13.1738,0.638816,299.957,
0.652666,7.2053,0.0879997,0.147394,0.14093,0.282628,0.0420947,0.0817613,0.0848037,0.162648,0.515572,25.5519,13.1738,0.784068,264.496,
0.916483,8.94953,0.0393152,0.0558761,0.0973549,0.064263,0.019692,0.0371363,0.0743087,0.0408365,0.644157,22.4212,14.4428,0.810568,284.939,
0.566679,7.43936,0.0215607,0.123522,0.0708025,0.398446,0.0165513,0.0750957,0.0430994,0.261958,0.464433,26.3872,12.2551,0.814599,298.706,
0.914289,8.5563,0.0192658,0.0435891,0.0325129,0.0745528,0.0114817,0.033287,0.0219641,0.0598947,0.709677,20.0229,14.2098,0.861887,261.993,
0.715797,7.55053,0.0603862,0.0576089,0.0486828,0.255696,0.040065,0.0401115,0.0356065,0.182499,0.567602,21.4707,12.1868,0.858511,238.214,

0.730493,13.5603,0.0372924,0.0947346,0.0731611,0.245609,0.0298762,0.0641799,0.0561207,0.176825,0.554227,34.9622,19.377,0.695473,642.885,
0.867575,18.5455,0.047665,0.034986,0.108527,0.106523,0.0259855,0.0207804,0.0675524,0.0698968,0.66272,43.2801,28.6826,0.755536,1126.4,
0.799716,16.9956,0.10003,0.0429241,0.0637596,0.166446,0.0701374,0.0291558,0.0452503,0.111043,0.663019,40.5428,26.8806,0.760245,946.18,

0.879532,16.8013,0.028062,0.00393889,0.055025,0.0994765,0.0176002,0.00519208,0.0396182,0.0729832,0.738839,39.9467,29.5142,0.739968,988.733,
0.93909,16.088,0.0943501,0.104052,0.186394,0.0565997,0.0667414,0.0695595,0.13539,0.0450792,0.595229,35.5949,21.1871,0.663164,738.003,
0.769653,16.6603,0.0347204,0.125335,0.0946994,0.186717,0.0306409,0.0811027,0.0688156,0.121086,0.590385,46.8266,27.6457,0.745977,982.892,

0.833923,24.5977,0.0791487,0.0697048,0.312436,0.147872,0.0516102,0.0549738,0.225288,0.111266,0.545124,57.3652,31.2712,0.557684,1692.11,
0.7428,23.3122,0.114686,0.0527352,0.374783,0.237347,0.0690858,0.0346809,0.273499,0.175585,0.439737,61.1289,26.8806,0.532769,1673.75,
0.706329,19.8877,0.164215,0.176144,0.41618,0.255819,0.0829051,0.118173,0.28619,0.175045,0.369077,54.6731,20.1786,0.432953,1057.99,
0.622768,15.8595,0.0705563,0.0272092,0.199776,0.362529,0.0346369,0.0242447,0.152406,0.261661,0.451571,48.6316,21.9606,0.512937,979.972,
0.583956,22.5023,0.204445,0.0889264,0.364338,0.435829,0.135015,0.0633144,0.284753,0.361438,0.310553,67.2015,20.8697,0.374527,1714.22,
0.875428,25.9071,0.0912303,0.112251,0.251461,0.0925982,0.0572978,0.0734822,0.181471,0.0554344,0.488597,63.9474,31.2445,0.515778,1888.19,

0.871081,13.1389,0.0129928,0.0556706,0.0279537,0.122204,0.00755664,0.0308977,0.0213065,0.098507,0.662489,32.6866,21.6545,0.752063,666.665,
0.795937,11.7677,0.0406631,0.070195,0.067487,0.178094,0.0225503,0.049822,0.0553861,0.121205,0.670747,29.1443,19.5485,0.774494,534.416,
0.793754,11.1937,0.0571255,0.0125313,0.0621835,0.173822,0.0369876,0.0146862,0.047741,0.109864,0.616252,32.744,20.1786,0.812431,539.84,

0.944592,9.88772,0.0999741,0.0318959,0.18866,0.0473547,0.0676529,0.0278894,0.134034,0.0368115,0.612564,21.0884,12.918,0.74615,263.662,
0.791533,10.9437,0.0149665,0.0599106,0.0917064,0.167371,0.0179281,0.0323235,0.0543505,0.103065,0.655233,28.0204,18.3599,0.834436,428.451,
0.844644,8.75044,0.0978404,0.172615,0.269099,0.143433,0.0639915,0.112457,0.200916,0.118166,0.368154,22.4677,8.27156,0.573304,198.164,
0.887178,12.1041,0.0302414,0.102892,0.037043,0.0943456,0.0198149,0.0741717,0.0242639,0.064422,0.68214,27.9608,19.0732,0.856989,463.077,
0.809111,12.5437,0.0175466,0.0217364,0.0668474,0.157464,0.00571775,0.0137879,0.0357081,0.10152,0.712921,30.1574,21.4998,0.802633,583.227,

0.516029,6.20359,0.0858713,0.146968,0.11693,0.477892,0.0465715,0.0820949,0.0836329,0.349213,0.447764,22.5326,10.0893,0.761903,214.017,
0.441718,5.0846,0.0649858,0.174413,0.0694546,0.580883,0.0353555,0.0990284,0.0597669,0.447049,0.356016,21.1575,7.53242,0.73293,152.69,
0.469815,5.78283,0.0691627,0.251018,0.089033,0.526159,0.0552952,0.158793,0.0778832,0.386024,0.39908,23.3419,9.3153,0.734801,201.918,
0.471053,4.93947,0.0715537,0.16993,0.162074,0.531777,0.0474502,0.0948616,0.127251,0.38693,0.417766,18.8089,7.85771,0.775204,131.831,
0.492669,5.96603,0.101472,0.154724,0.178838,0.514603,0.0560441,0.099467,0.116512,0.386686,0.360083,22.6894,8.17006,0.682854,191.489,
0.533485,6.69079,0.0436906,0.159779,0.125812,0.454629,0.0183467,0.0934216,0.0954676,0.33494,0.370777,25.1238,9.3153,0.701667,229.87,

0.878316,12.7528,0.0194795,0.0122666,0.021715,0.095588,0.0166243,0.0152908,0.0101891,0.0607842,0.716705,31.0099,22.225,0.842251,632.872,
0.882088,14.354,0.00601373,0.0239653,0.0146746,0.0917533,0.0064983,0.0123732,0.0146464,0.0572724,0.736279,37.1771,27.3728,0.807541,845.22,
0.85572,12.7454,0.0284375,0.0125014,0.0364389,0.11577,0.0206732,0.00906346,0.0199264,0.073971,0.717218,32.0681,22.9998,0.840753,657.069,
0.864942,13.7071,0.0253469,0.0158767,0.0230518,0.105036,0.0188576,0.0147141,0.0115516,0.0659907,0.748453,33.1995,24.8483,0.895825,732.58,
0.884043,14.5068,0.0056082,0.0440211,0.0313918,0.0954958,0.00562928,0.0290729,0.0140723,0.0662367,0.72791,38.7594,28.2133,0.767167,884.019,
0.857237,13.5563,0.00624787,0.0243806,0.0253383,0.113462,0.00434073,0.0179837,0.0182615,0.0728324,0.743878,36.1358,26.8806,0.832769,801.833,

0.968072,9.57901,0.0094378,0.0126247,0.017257,0.0208569,0.00538807,0.0179649,0.0158213,0.012858,0.739124,21.1181,15.6089,0.850735,290.779,
0.924834,12.8076,0.0343857,0.0288555,0.0106556,0.0517358,0.0257701,0.0211387,0.00760407,0.0249646,0.762544,29.6341,22.5973,0.863472,598.663,
0.952417,10.6867,0.0195569,0.0360531,0.0153791,0.0328012,0.0150808,0.021826,0.0116943,0.0187592,0.832993,23.0542,19.204,0.855203,389.652,
0.916948,12.2757,0.05013,0.0409479,0.0244272,0.0614956,0.0292609,0.0318434,0.0175175,0.0390593,0.71316,30.3642,21.6545,0.804964,562.368,
0.963927,12.6868,0.0241014,0.0343736,0.0290231,0.0240504,0.0130431,0.0157427,0.0224308,0.0144261,0.715542,30.6377,21.9226,0.843229,583.227,
0.900051,12.4014,0.0240039,0.0356354,0.0354176,0.08136,0.0156663,0.0262226,0.0304964,0.0573268,0.667879,30.2747,20.2199,0.767084,608.676,

0.332441,12.8153,0.269444,0.435096,0.203209,0.719512,0.179235,0.316323,0.129913,0.549154,0.300095,67.3782,20.2199,0.631585,1303.71,
0.557758,12.8597,0.0868372,0.12116,0.177835,0.447482,0.0464554,0.0800918,0.128572,0.342113,0.565716,43.6258,24.6798,0.842545,950.769,
0.624686,12.8543,0.0752868,0.0784389,0.164738,0.365174,0.0425449,0.0455716,0.125848,0.274002,0.620112,41.0337,25.4455,0.861401,870.252,
0.68889,13.376,0.0714704,0.0613057,0.200776,0.301507,0.0429716,0.0405131,0.14318,0.233136,0.63732,39.9258,25.4455,0.84228,847.306,
0.588917,12.6316,0.0537387,0.0917791,0.152812,0.417294,0.033523,0.0613099,0.123089,0.325151,0.564317,42.5804,24.0289,0.801908,893.197,
0.292341,11.0879,0.104342,0.470065,0.0835639,0.780996,0.0886428,0.347713,0.0787371,0.642127,0.352233,67.3256,23.7143,0.704117,1329.57,

0.649664,7.07703,0.102393,0.144049,0.113763,0.294521,0.0515886,0.0867031,0.0664575,0.176134,0.561464,23.6879,13.2999,0.801704,258.239,
0.882307,8.53421,0.0177369,0.0637532,0.044831,0.0996403,0.0118523,0.0489641,0.034397,0.0678885,0.706502,22.0932,15.6089,0.953235,297.037,
0.890625,8.62571,0.0253934,0.0084549,0.0658265,0.102104,0.0230457,0.00172943,0.0450413,0.0839746,0.80307,21.1575,16.991,0.942582,311.221,
0.933892,9.72393,0.0318771,0.0263425,0.0440242,0.0540087,0.0172882,0.0159674,0.0330646,0.0412193,0.748606,25.4783,19.0732,0.871784,388.401,
0.894379,9.06861,0.04392,0.0177294,0.042833,0.0594956,0.0293646,0.00655135,0.0221072,0.02224,0.69793,24.1328,16.843,0.867022,337.921,
0.755861,8.79597,0.0668439,0.0815149,0.107817,0.211783,0.038711,0.0542023,0.0680288,0.148981,0.626686,27.1124,16.991,0.844472,355.026,

0.804567,7.68175,0.0160232,0.0318232,0.0416896,0.159928,0.0125735,0.0169803,0.0241216,0.105861,0.677795,20.527,13.9131,0.868703,254.067,
0.868455,7.89335,0.0356794,0.107116,0.127939,0.119254,0.0312939,0.0757444,0.0801762,0.0845047,0.556576,20.7594,11.5542,0.701324,225.281,
0.765518,7.32816,0.0170473,0.0351666,0.0232733,0.193559,0.0151749,0.0331264,0.0172864,0.121799,0.658773,20.1889,13.2999,0.822335,242.386,
0.835529,7.59544,0.0168141,0.0718198,0.0468164,0.139801,0.00931628,0.0462999,0.0314568,0.0911025,0.64715,19.7607,12.7882,0.822192,231.956,
0.790179,6.87249,0.0159975,0.0408219,0.0327175,0.177706,0.0122751,0.0314109,0.012764,0.115417,0.682485,18.6418,12.7228,0.894006,200.25,
0.755934,7.41873,0.0143084,0.0386982,0.0784176,0.209019,0.00987615,0.0301705,0.0426874,0.137524,0.631848,20.8497,13.1738,0.854727,252.815,

0.776432,9.34147,0.0704051,0.0534722,0.0839176,0.172388,0.0451945,0.022122,0.0514648,0.103844,0.615394,28.5514,17.5704,0.788717,396.327,
0.978141,9.72741,0.0327683,0.0252921,0.0680008,0.0252079,0.0179613,0.0193662,0.0356522,0.0284861,0.761139,22.6434,17.2348,0.930365,345.013,
0.787488,9.56419,0.019502,0.00545496,0.0523653,0.181812,0.0116958,0.00975294,0.0392556,0.125277,0.760907,26.3556,20.0541,0.91862,432.206,
0.586357,8.78434,0.0601066,0.118374,0.0909243,0.383353,0.029599,0.0599144,0.0500236,0.265434,0.535793,32.4368,17.3794,0.899373,470.587,

0.876228,5.61593,0.152644,0.197195,0.190669,0.11073,0.103199,0.162675,0.122044,0.0890612,0.519067,12.6899,6.58691,0.768198,84.2717,
0.571714,13.5108,0.0892718,0.0807464,0.111665,0.400417,0.0516755,0.0426449,0.0782433,0.269117,0.468477,46.7954,21.9226,0.667411,864.828,
0.621529,14.7612,0.0687904,0.115731,0.0596912,0.328006,0.0421584,0.062527,0.0419405,0.205571,0.473889,50.2641,23.8196,0.533059,932.83,
0.67991,15.3413,0.10756,0.10702,0.111324,0.273842,0.0651979,0.0642527,0.0765447,0.173586,0.547297,45.4018,24.8483,0.663162,939.088,
0.617163,12.5133,0.0633019,0.0200995,0.144433,0.366872,0.0396081,0.0260483,0.108058,0.266765,0.497681,36.1531,17.9927,0.635072,632.455,

0.62042,6.74794,0.059441,0.0688383,0.129646,0.362312,0.0327263,0.0405878,0.0905304,0.269167,0.527046,24.5102,12.918,0.821439,279.932,
0.75771,7.8017,0.0423069,0.0142111,0.0932721,0.211243,0.0269678,0.0162119,0.066646,0.146663,0.609506,22.8269,13.9131,0.84542,276.178,
0.84535,9.51252,0.0067267,0.0407726,0.0355586,0.129168,0.00940533,0.0354295,0.0263882,0.0934091,0.722237,25.4209,18.3599,0.841399,406.34,
0.900788,9.20366,0.0382333,0.0144071,0.0604354,0.0802323,0.0277157,0.0123524,0.0460391,0.0591255,0.716385,23.5111,16.843,0.830795,339.173,
0.875295,11.0267,0.00603981,0.0270059,0.0417746,0.11923,0.0103019,0.0265946,0.0333116,0.0987596,0.711292,28.4269,20.2199,0.762932,506.882,
0.850479,11.153,0.0406489,0.0393156,0.0248434,0.134036,0.0274538,0.0304926,0.0208739,0.108007,0.714278,28.2503,20.1786,0.836357,458.905,

0.515645,7.09887,0.0839489,0.236944,0.098617,0.470513,0.0443751,0.150354,0.064681,0.335797,0.466061,28.5368,13.2999,0.778774,327.492,
0.398677,6.79124,0.200327,0.337402,0.136836,0.584897,0.106105,0.194868,0.061694,0.40422,0.336072,36.2626,12.1868,0.614851,337.504,
0.488688,7.73482,0.19263,0.258619,0.1391,0.471151,0.0924227,0.145749,0.0533534,0.321611,0.403034,36.2626,14.615,0.638529,373.799,
0.570771,8.26507,0.112552,0.188576,0.0821386,0.383907,0.045749,0.11632,0.0474856,0.253588,0.428039,33.7417,14.4428,0.660632,383.812,
0.685341,9.061,0.0280461,0.124057,0.0256009,0.272459,0.0113684,0.076049,0.012375,0.180831,0.543462,30.2541,16.4419,0.777945,400.082,
0.632608,7.99326,0.0324508,0.146391,0.0600316,0.333172,0.014895,0.0827245,0.0436354,0.2302,0.493071,26.9736,13.2999,0.794479,309.135,

0.782629,11.5185,0.0513192,0.118063,0.107959,0.186652,0.0383583,0.069318,0.0714159,0.129099,0.581233,30.9561,17.9927,0.775799,513.974,
0.631334,12.1505,0.165674,0.155015,0.247183,0.353634,0.116807,0.108077,0.191798,0.263855,0.456341,40.2329,18.3599,0.62137,591.154,
0.702743,11.352,0.113113,0.154665,0.247813,0.294318,0.084977,0.122564,0.199894,0.231227,0.498273,31.1107,15.5016,0.750013,472.255,
0.689998,12.4307,0.177344,0.181454,0.308772,0.289235,0.123631,0.13589,0.223624,0.212101,0.541214,35.2415,19.0732,0.683596,569.043,
0.517045,11.0579,0.205043,0.329977,0.107377,0.474275,0.136891,0.237697,0.0811334,0.338562,0.417861,39.59,16.5431,0.632559,582.393,
0.744859,4.65475,0.0802321,0.129127,0.0354681,0.217612,0.0708943,0.0859767,0.0375207,0.149844,0.60208,11.5542,6.95656,0.893031,72.5905,

0.72999,12.7266,0.0451994,0.0861841,0.0293702,0.232762,0.0248378,0.044712,0.0141906,0.156793,0.622145,40.7941,25.3798,0.755499,789.735,
0.778916,14.8376,0.0413647,0.0422469,0.0418139,0.191086,0.0270566,0.0296904,0.0207368,0.13093,0.685232,39.9467,27.3728,0.824525,967.873,
0.74394,15.1655,0.024898,0.028349,0.0384106,0.223148,0.0196269,0.0202872,0.0195776,0.154848,0.63838,42.1075,26.8806,0.761918,998.745,
0.676201,14.3174,0.02486,0.0685866,0.0905371,0.292384,0.0135647,0.0411179,0.0662502,0.203401,0.60683,44.4499,26.9736,0.750268,1012.1,
0.629549,14.209,0.0334278,0.0712256,0.0657891,0.344329,0.018275,0.0408408,0.0503705,0.242942,0.569477,46.7642,26.6311,0.825177,1099.29,
0.650862,13.144,0.0445071,0.0781965,0.122286,0.314896,0.0242401,0.041627,0.0883685,0.215527,0.593621,42.0282,24.9488,0.792408,875.258,

0.790174,10.2551,0.0175719,0.0284937,0.0746853,0.173161,0.0127961,0.0207209,0.0564384,0.112873,0.610137,25.8441,15.7684,0.790244,372.131,
0.775455,10.4344,0.0545617,0.128282,0.0877903,0.194152,0.0385829,0.0815704,0.062679,0.137392,0.589924,28.0428,16.5431,0.773537,396.327,
0.788122,10.0597,0.0691463,0.0607388,0.187241,0.191773,0.0396342,0.0475205,0.136147,0.141358,0.661683,25.3798,16.7934,0.767871,372.965,
0.751401,10.4575,0.0478866,0.0386287,0.0683794,0.215509,0.0310741,0.0306287,0.0559869,0.144956,0.664364,28.0428,18.6306,0.744356,500.207,
0.864915,12.5311,0.0166912,0.0184448,0.082006,0.11681,0.00947323,0.0165853,0.0564001,0.0867435,0.68924,31.8069,21.9226,0.809613,599.915,
0.688767,6.28189,0.102588,0.0598213,0.264539,0.301111,0.0939395,0.0529677,0.198194,0.234737,0.387419,14.9118,5.77711,0.610183,123.904,

0.743586,13.5587,0.0281028,0.0484107,0.0716292,0.220829,0.0124246,0.0245578,0.0426645,0.151967,0.62954,39.8421,25.0822,0.804147,801.416,
0.772445,14.0583,0.0102461,0.0691333,0.0661742,0.187963,0.00584523,0.0408021,0.0397805,0.124148,0.680131,40.0666,27.2506,0.864275,885.688,
0.698965,13.9397,0.0166317,0.0871756,0.0857496,0.259744,0.00574828,0.0479214,0.0498028,0.17552,0.637173,44.7865,28.5368,0.795664,970.794,

0.768893,9.63284,0.109734,0.105804,0.290832,0.216517,0.0755026,0.0767788,0.20149,0.162778,0.51465,24.8483,12.7882,0.784525,343.345,
0.644096,11.9053,0.110272,0.0193617,0.0645523,0.341518,0.0695766,0.0153679,0.0318844,0.250998,0.605164,36.7255,22.225,0.785209,734.249,
0.747729,10.7931,0.0432953,0.044485,0.0707597,0.236554,0.0287371,0.039443,0.0511491,0.179959,0.706714,27.4184,19.377,0.823985,513.974,
0.706767,9.62473,0.0379253,0.0521466,0.105155,0.271918,0.0229481,0.0377227,0.0748631,0.201797,0.562678,28.3976,15.9787,0.694754,404.671,
0.675278,12.5295,0.105253,0.0708914,0.130948,0.291504,0.0695448,0.0400903,0.100898,0.195177,0.58437,40.0354,23.3955,0.780045,806.005,

0.778759,15.8503,0.0481499,0.0302267,0.217886,0.210488,0.0267228,0.0264436,0.154611,0.170345,0.630772,43.3956,27.3728,0.754392,1061.74,
0.687198,15.485,0.0697508,0.086228,0.237313,0.314523,0.0432318,0.0578627,0.181985,0.260847,0.566022,45.8725,25.9649,0.747085,1105.13,
0.746986,16.4654,0.135064,0.0755512,0.293841,0.244149,0.0843735,0.0503801,0.214473,0.197702,0.52165,46.7241,24.3736,0.702694,1120.56,
0.964051,16.8525,0.0298525,0.119779,0.260717,0.0196757,0.0108352,0.077024,0.174465,0.0306124,0.630316,38.5056,24.2707,0.797736,904.878,

0.917918,11.0414,0.0275758,0.0134083,0.0402176,0.0725311,0.0150185,0.004382,0.0255475,0.0584055,0.7768,26.6076,20.6688,0.869844,467.249,
0.83708,9.78396,0.0230579,0.0182383,0.0348404,0.137696,0.0134015,0.0128337,0.0158326,0.0989917,0.690108,26.005,17.9463,0.846877,403.837,
0.794036,9.27581,0.0506399,0.035624,0.0894893,0.172946,0.0292827,0.0175667,0.0520761,0.119976,0.685885,25.6171,17.5704,0.887293,385.898,
0.864728,10.5667,0.0137435,0.022236,0.0467539,0.109133,0.0082996,0.0106296,0.024072,0.0742801,0.688066,28.1615,19.377,0.829366,474.341,
0.945235,11.2317,0.0100186,0.0239438,0.0574798,0.0454825,0.00489532,0.0203625,0.0290175,0.0358184,0.73313,27.4108,20.0957,0.869536,451.813,
0.952858,10.9069,0.00652639,0.0482764,0.076006,0.0500261,0.00292013,0.0431966,0.05208,0.0548139,0.79795,25.1321,20.0541,0.801461,427.199,

0.733862,18.6368,0.0234701,0.0479762,0.0690979,0.228368,0.0130019,0.024429,0.0439164,0.158768,0.644915,56.0855,36.1704,0.757278,1528.57,
0.769726,17.2497,0.00745644,0.0289825,0.0157342,0.199797,0.00326501,0.0159755,0.00871714,0.142479,0.709065,45.0698,31.9574,0.860941,1194.82,
0.815357,18.5257,0.0255535,0.0429555,0.0626198,0.155419,0.0150617,0.0276825,0.0363526,0.110607,0.724107,48.2008,34.9025,0.864185,1353.35,
0.754103,18.406,0.107727,0.129114,0.11981,0.173911,0.0539514,0.0691096,0.0563072,0.101685,0.55629,61.4828,34.2022,0.660822,1426.36,
0.814664,18.2024,0.0216379,0.027766,0.0468738,0.144099,0.010202,0.0176592,0.0311822,0.0864898,0.663748,51.7124,34.324,0.81011,1427.2,

0.725142,9.00254,0.0780448,0.0952159,0.103077,0.23845,0.0534239,0.0647933,0.0740236,0.15924,0.617442,29.0655,17.9463,0.795303,408.426,
0.353894,6.26803,0.322827,0.374527,0.262339,0.678122,0.213367,0.238382,0.172238,0.518925,0.399132,32.5267,12.9824,0.659504,282.018,
0.367222,6.17574,0.331035,0.402901,0.315702,0.641933,0.201778,0.256222,0.204546,0.465653,0.391725,31.1107,12.1868,0.649503,270.754,
0.361915,6.06574,0.305366,0.387145,0.257183,0.647806,0.184875,0.240309,0.161775,0.468272,0.376157,32.3982,12.1868,0.655643,265.748,
0.666604,9.64689,0.176899,0.145827,0.218186,0.280247,0.0982704,0.086295,0.130317,0.175511,0.567192,31.8855,18.0852,0.773495,462.243,
0.801287,10.1768,0.0311833,0.064718,0.0666029,0.173439,0.0199416,0.0383247,0.0410782,0.122099,0.690025,26.6076,18.3599,0.773871,476.427,

