0.965113,10.2328,0.0201995,0.00972877,0.00775066,0.032032,0.0164115,0.00752847,0.00559149,0.0265725,0.833333,23.2524,19.377,0.900521,403.002,
0.941499,10.2268,0.0308617,0.00485952,0.0307606,0.045596,0.0225429,0.0115676,0.0258969,0.0290666,0.798729,24.3137,19.42,0.938648,409.26,
0.937472,10.2889,0.0208325,0.0061492,0.00645874,0.0435414,0.0201384,0.00736834,0.00764967,0.0243345,0.787839,25.0822,19.7607,0.877757,407.174,
0.912655,9.94773,0.00411413,0.00949017,0.00791235,0.0665071,0.00354087,0.00121149,0.00516512,0.0406048,0.755373,23.8196,17.9927,0.894694,384.229,
0.925392,10.3784,0.0118423,0.00378922,0.0114549,0.0611598,0.00998913,0.00301341,0.00780163,0.0433039,0.826047,25.2645,20.8697,0.879634,445.556,
0.967313,10.1404,0.0129185,0.0270865,0.00938576,0.0190051,0.00980237,0.0239449,0.00230559,0.00907549,0.787839,24.5951,19.377,0.864995,404.254,

0.605477,10.5936,0.0276411,0.0455225,0.101224,0.391541,0.0111047,0.0157942,0.0743973,0.300574,0.56259,34.9742,19.6761,0.841296,614.516,
0.607649,11.3123,0.0179763,0.0440184,0.0886259,0.395951,0.0142384,0.0249776,0.0644431,0.311446,0.594478,37.1322,22.0743,0.80318,735.918,
0.589274,10.8676,0.00798518,0.0676833,0.100974,0.413166,0.0149672,0.0361777,0.0820647,0.319317,0.575206,38.2447,21.9986,0.792269,701.708,
0.645951,11.3574,0.0416308,0.0530879,0.0510553,0.339948,0.0331278,0.0288692,0.0402827,0.25326,0.606687,37.9105,22.9998,0.831334,752.188,
0.52081,10.1882,0.0764634,0.154514,0.133579,0.488679,0.0481847,0.101433,0.11009,0.375448,0.513192,39.8002,20.4252,0.767424,664.996,
0.562532,10.1589,0.0101213,0.0579379,0.0614321,0.446837,0.00903882,0.0261409,0.0519921,0.34961,0.564786,34.3847,19.42,0.84285,599.497,

0.926168,10.6208,0.0172326,0.0145712,0.00559209,0.0632579,0.00892575,0.0188946,0.00339907,0.0485362,0.808896,25.5519,20.6688,0.963074,443.887,
0.953009,10.8415,0.0105036,0.019284,0.0156555,0.0412775,0.00545541,0.00828355,0.013729,0.0319082,0.846901,24.5951,20.8296,0.881467,454.734,
0.944486,10.6798,0.0188523,0.0182968,0.0236762,0.0434271,0.0150519,0.0195509,0.0148706,0.0301456,0.849987,25.157,21.3831,0.950074,449.727,
0.995211,11.1087,0.0067047,0.00955557,0.0176137,0.0104035,0.00332882,0.0109045,0.0118497,0.0152279,0.847473,25.5519,21.6545,0.926422,454.316,
0.98655,11.0001,0.00898293,0.0136334,0.0117377,0.0130223,0.00384374,0.0134418,0.00392737,0.0115391,0.861265,24.4164,21.029,0.956519,446.807,
0.97506,10.8473,0.0128168,0.0033094,0.0142479,0.0243421,0.00528653,0.00355821,0.00823546,0.0216161,0.842196,25.157,21.1871,0.920446,449.31,

0.944028,9.02813,0.0105249,0.0387827,0.0321443,0.0411986,0.0077567,0.0289607,0.0237863,0.0262337,0.788377,23.2883,18.3599,0.907552,365.038,
0.897221,9.06416,0.0237068,0.0456211,0.00192541,0.0730867,0.0122822,0.0406083,0.00457667,0.0363041,0.78309,23.1535,18.1313,0.848113,384.229,
0.83384,8.8507,0.0313829,0.0197493,0.0214835,0.131006,0.01725,0.0147761,0.015747,0.084059,0.715164,26.3001,18.8089,0.895323,406.34,
0.695225,8.19761,0.131988,0.127567,0.141171,0.246192,0.0692533,0.0656665,0.0799786,0.156826,0.553066,30.3642,16.7934,0.847174,350.437,
0.904208,8.64129,0.063256,0.0690187,0.108819,0.0721344,0.0399078,0.0490821,0.0750726,0.0443949,0.763807,22.7537,17.3794,0.916382,336.253,
0.920339,8.73683,0.00177917,0.0193143,0.00981992,0.068004,0.00545633,0.0166193,0.0101811,0.0512419,0.775076,23.6879,18.3599,0.961032,350.02,

0.728308,11.1733,0.00335615,0.128955,0.0134116,0.242733,0.00748524,0.0907843,0.0119241,0.169023,0.685745,33.9082,23.2524,0.913283,659.155,
0.591543,10.5827,0.025848,0.135041,0.0863611,0.39167,0.0181168,0.0898369,0.0679887,0.28304,0.603878,36.3659,21.9606,0.900824,690.861,
0.60493,10.6517,0.0231107,0.164245,0.0738269,0.376317,0.0150325,0.107449,0.05917,0.26918,0.615011,35.8925,22.0743,0.896808,666.665,
0.468871,9.95025,0.082404,0.295912,0.142054,0.512341,0.0396408,0.18555,0.0884579,0.347049,0.496267,42.693,21.1871,0.815414,745.93,
0.365622,9.24054,0.152591,0.363587,0.180989,0.639632,0.0750366,0.215659,0.103692,0.456137,0.360836,55.9217,20.1786,0.70884,807.256,
0.34279,8.53479,0.13029,0.438257,0.146024,0.657776,0.0600728,0.262903,0.0876788,0.459632,0.332354,49.1648,16.3401,0.724071,618.271,

0.915475,10.1707,0.0219489,0.0755144,0.0768533,0.0725686,0.016665,0.0527029,0.0522604,0.0546893,0.737001,23.0542,16.991,0.888231,372.548,
0.780972,10.5703,0.0896847,0.0885557,0.151361,0.191858,0.0460344,0.066269,0.0994786,0.13232,0.558246,29.6341,16.5431,0.805198,430.537,
0.705141,10.4188,0.0517377,0.0696759,0.241293,0.265905,0.031462,0.0405795,0.160338,0.186988,0.559658,28.9216,16.1862,0.724011,464.746,
0.731459,9.85916,0.0245728,0.0869945,0.182907,0.233677,0.0168273,0.0618089,0.125937,0.159456,0.593575,28.3755,16.843,0.839046,411.346,
0.642219,9.96234,0.10618,0.0333355,0.202942,0.32995,0.0529722,0.0163598,0.135245,0.231645,0.515861,31.6755,16.3401,0.820792,488.109,
0.735615,9.93045,0.0835915,0.0612474,0.185936,0.231876,0.0503243,0.0445624,0.135233,0.160906,0.564722,29.2943,16.5431,0.828445,416.352,

0.852562,9.11052,0.110522,0.0473824,0.122487,0.103876,0.0629587,0.0361582,0.0734251,0.0568367,0.583938,25.2232,14.7288,0.834526,304.964,
0.736522,10.6027,0.0615252,0.0668052,0.077304,0.201164,0.029868,0.031599,0.0488979,0.116993,0.599876,33.4997,20.0957,0.821719,526.907,
0.847557,8.90587,0.00644066,0.0659601,0.0555124,0.119875,0.006405,0.0447233,0.0373675,0.0761798,0.725537,22.3093,16.1862,0.935119,307.049,
0.824391,10.1929,0.0265307,0.0631504,0.0569623,0.14085,0.0172421,0.0413138,0.0414873,0.0924085,0.705218,27.9608,19.7185,0.920859,465.58,
0.977366,10.1545,0.020527,0.0678643,0.0941071,0.0215226,0.0136605,0.0485689,0.0583926,0.0168324,0.741745,23.6879,17.5704,0.928981,372.548,
0.785275,8.68793,0.0408007,0.111721,0.0450605,0.166136,0.0251086,0.0580217,0.0211028,0.100665,0.596285,24.5102,14.615,0.817146,317.896,

0.628314,7.29832,0.0397457,0.0126557,0.0581811,0.35616,0.022683,0.00674461,0.0394753,0.262554,0.608889,24.0028,14.615,0.93221,318.731,
0.614172,7.28269,0.0649926,0.0577917,0.0988595,0.368225,0.0358148,0.0358281,0.0639324,0.267548,0.556116,25.5519,14.2098,0.846431,324.571,
0.638885,7.30441,0.0206117,0.0883753,0.0535165,0.341346,0.0119647,0.0665617,0.0299922,0.25039,0.562009,26.005,14.615,0.90884,318.314,
0.591774,7.02696,0.0253569,0.079433,0.0205268,0.396899,0.0209055,0.0536051,0.0159854,0.292296,0.5088,26.989,13.732,0.80031,318.731,
0.59439,7.03532,0.0470964,0.104215,0.041451,0.393608,0.0347174,0.0734912,0.0297261,0.289397,0.525382,26.4819,13.9131,0.899266,319.148,
0.579783,6.64746,0.0619885,0.125805,0.0856987,0.398387,0.0367038,0.07966,0.055029,0.281637,0.520506,25.5519,13.2999,0.872247,297.037,

0.947939,7.94235,0.0376856,0.0649331,0.0255404,0.0340769,0.0198003,0.0485214,0.016748,0.0160561,0.709308,20.0333,14.2098,0.90526,242.803,
0.852195,7.79767,0.0389593,0.0271538,0.0916631,0.122396,0.0285942,0.0255195,0.0598172,0.0804183,0.737442,19.269,14.2098,0.945518,249.061,
0.775701,7.0326,0.0206263,0.0433314,0.0494341,0.191914,0.0127412,0.0169503,0.0372735,0.132271,0.69992,19.269,13.4868,0.903373,230.704,
0.656751,6.72986,0.016761,0.0972967,0.0519382,0.311688,0.00237825,0.0580801,0.0402982,0.217015,0.594964,21.7122,12.918,0.90394,236.545,
0.842006,8.24372,0.00870126,0.0286441,0.0562828,0.145996,0.00525756,0.0168056,0.0354977,0.11657,0.725941,21.3538,15.5016,0.849271,289.945,
0.779596,7.51008,0.0661223,0.0754854,0.150142,0.174038,0.0368522,0.0437487,0.0941345,0.112026,0.611759,22.0459,13.4868,0.883138,244.054,

0.902058,9.2251,0.0187339,0.0394231,0.0146705,0.084764,0.00617477,0.0276454,0.0153935,0.0671202,0.737643,23.8196,17.5704,0.893585,348.768,
0.949643,9.60888,0.019087,0.0255136,0.0180649,0.0459128,0.00803653,0.0236471,0.0101282,0.0385121,0.79196,22.836,18.0852,0.928589,357.946,
0.945999,9.73149,0.0335574,0.0155474,0.0500471,0.0536452,0.0216962,0.00726731,0.0324725,0.0502219,0.805496,22.6802,18.2688,0.922908,361.284,
0.903684,9.22545,0.011443,0.0266439,0.0186397,0.0870728,0.0092407,0.0154708,0.0165832,0.0707951,0.797771,22.4955,17.9463,0.867263,344.596,
0.893978,9.55553,0.0246114,0.0213361,0.0616613,0.0946529,0.0152834,0.00971506,0.045125,0.0768089,0.745724,24.3137,18.1313,0.870675,387.567,
0.884481,9.07936,0.0259512,0.0133884,0.0743251,0.0980885,0.0209762,0.0094554,0.0557653,0.0761192,0.735272,23.1084,16.991,0.92007,345.431,

0.902753,9.88464,0.0398824,0.0188341,0.0128006,0.0760934,0.0240113,0.0169086,0.0173729,0.0521615,0.716024,25.6415,18.3599,0.844171,387.984,
0.885792,9.81795,0.0354377,0.0137828,0.0327295,0.0801132,0.0273074,0.00172647,0.014938,0.0424424,0.753309,24.5527,18.4958,0.911727,396.745,
0.891168,9.70604,0.0378287,0.0302051,0.0358234,0.0750271,0.0193846,0.00704738,0.0180882,0.0400252,0.647803,26.2286,16.991,0.827285,375.051,
0.852307,9.43958,0.0178339,0.0231401,0.0366757,0.108569,0.0139268,0.00651991,0.0267378,0.0569121,0.727577,23.6879,17.2348,0.89191,361.284,
0.917121,10.4317,0.0328027,0.0258895,0.0119444,0.058031,0.0235375,0.021671,0.00547605,0.0293816,0.722454,26.8806,19.42,0.803491,449.727,
0.876796,9.68137,0.0256472,0.0217881,0.0482602,0.0923788,0.0131173,0.00770957,0.0279879,0.0558281,0.696095,25.9809,18.0852,0.79716,403.42,

0.920692,8.26274,0.00610173,0.0248164,0.0447624,0.0619978,0.00323516,0.0162119,0.0267592,0.0428657,0.806226,20.8296,16.7934,0.915543,309.135,
0.905946,8.29227,0.00555973,0.00708112,0.0352474,0.0849623,0.00407533,0.00631866,0.0235289,0.0686658,0.744208,23.2883,17.3313,0.866024,330.829,
0.880311,7.95459,0.0157989,0.0232664,0.0204528,0.0911005,0.0146939,0.0192554,0.0121526,0.0594971,0.715254,22.0459,15.7684,0.96588,297.037,
0.826853,7.72029,0.0359824,0.0490715,0.0652181,0.128213,0.023627,0.0326647,0.0406223,0.0797678,0.664364,23.333,15.5016,0.912441,282.018,
0.651321,7.2134,0.110292,0.129251,0.135837,0.266905,0.0517232,0.0630059,0.0726796,0.154129,0.502336,29.0942,14.615,0.793969,297.454,
0.652834,7.36993,0.0616592,0.11628,0.0517457,0.280742,0.0388322,0.0620478,0.0305605,0.172122,0.479273,32.4561,15.5553,0.775724,360.867,

0.965928,8.56388,0.0267378,0.0324268,0.0632273,0.0223329,0.0151018,0.0313119,0.0479552,0.0161159,0.796566,18.1313,14.4428,0.810811,241.968,
0.928435,9.17586,0.0278798,0.0529636,0.0328412,0.0595172,0.0221594,0.0284294,0.0240597,0.0518458,0.652863,22.5603,14.7288,0.799551,306.632,
0.934796,8.73769,0.00749008,0.0204906,0.0150786,0.0471429,0.00578698,0.0131021,0.0103868,0.0319454,0.736589,21.1181,15.5553,0.834896,264.914,
0.963941,8.84475,0.0415196,0.0148886,0.0465286,0.0271446,0.0293346,0.0162282,0.0333584,0.0191726,0.748448,19.5271,14.615,0.860237,261.159,
0.918855,8.5107,0.0560542,0.0306308,0.0199704,0.0589351,0.033997,0.0193377,0.0102321,0.0381764,0.715542,20.4252,14.615,0.780041,251.981,
0.967809,8.6552,0.0258846,0.0243531,0.0105639,0.0219353,0.0116651,0.0127025,0.0116036,0.0144849,0.725163,19.6761,14.2684,0.85486,264.079,

0.955407,8.63902,0.0166703,0.0214084,0.0458114,0.0392474,0.0107118,0.0167575,0.0287732,0.0325567,0.856173,19.204,16.4419,0.97268,274.092,
0.92956,8.82078,0.0422369,0.0180456,0.0299612,0.0590705,0.0333677,0.0125307,0.0215985,0.0442242,0.773529,22.4677,17.3794,0.896296,337.087,
0.871944,8.60605,0.0335136,0.00610822,0.0343637,0.104443,0.0239257,0.00772267,0.0222112,0.0746619,0.748487,23.9767,17.9463,0.872286,354.609,

0.967289,12.2332,0.0106126,0.00576235,0.0175618,0.0243664,0.00476895,0.0066266,0.0105557,0.0152416,0.878635,28.8855,25.3798,0.970162,601.166,
0.943414,11.8296,0.00387584,0.00199892,0.0160198,0.0424614,0.000965053,0.00384071,0.0102284,0.0260141,0.828151,28.2503,23.3955,0.935065,564.037,
0.974594,11.6698,0.00285654,0.00703963,0.0167894,0.019049,0.00329277,0.00252473,0.00869658,0.0140113,0.881097,26.5527,23.3955,0.961865,528.159,
0.951808,11.6657,0.00837323,0.0099178,0.0266835,0.034125,0.00804997,0.00832813,0.0203491,0.0222171,0.845647,28.0428,23.7143,0.976881,570.294,

0.770462,6.54487,0.0362175,0.017278,0.0875714,0.205951,0.0207695,0.0126139,0.0572586,0.151191,0.697601,16.7685,11.6977,0.945223,166.875,
0.682654,6.781,0.0416399,0.0642599,0.105106,0.303431,0.0213967,0.0503345,0.0644079,0.237139,0.607074,19.269,11.6977,0.934994,204.839,
0.624886,5.91244,0.0435706,0.039756,0.126751,0.3709,0.0260343,0.0288522,0.0784129,0.280915,0.54825,16.991,9.3153,0.858171,155.193,
0.747224,8.18637,0.0475598,0.0815063,0.0866982,0.219473,0.0219001,0.0485874,0.051271,0.158968,0.659121,27.2276,17.9463,0.836007,408.843,

0.893273,11.5823,0.0880682,0.0658289,0.0500503,0.0868729,0.052573,0.0529566,0.0322185,0.0565867,0.665867,26.3872,17.5704,0.771573,433.457,
0.893119,13.0169,0.0328517,0.0301429,0.0343692,0.0776323,0.0204571,0.0220648,0.0216751,0.0415717,0.72124,31.3311,22.5973,0.821284,589.902,
0.930457,11.2845,0.0403583,0.0237765,0.0304359,0.0528323,0.0245493,0.012078,0.0217069,0.0352152,0.715834,25.2645,18.0852,0.821801,417.604,
0.901178,11.1728,0.104111,0.088493,0.162841,0.0638885,0.064612,0.0482247,0.100307,0.0376071,0.642161,26.2286,16.843,0.707328,392.99,
0.884143,11.5402,0.0371064,0.0174366,0.0304548,0.0873938,0.0280724,0.017429,0.0160681,0.0497576,0.740648,27.9608,20.7091,0.873705,478.513,

0.927506,7.62215,0.0132758,0.0139773,0.041771,0.0504337,0.0121403,0.0168514,0.0295418,0.0220168,0.801729,18.3713,14.7288,0.970042,241.551,
0.721891,7.06341,0.0389006,0.0713583,0.0772003,0.239334,0.0226046,0.0458956,0.0445545,0.157953,0.66995,21.558,14.4428,0.915746,265.331,
0.656739,7.1321,0.0292177,0.0923247,0.0672905,0.298727,0.0165051,0.0544958,0.0320481,0.191364,0.562817,26.8651,15.1201,0.788427,328.326,
0.540228,6.7805,0.0470358,0.109262,0.0672229,0.456767,0.0331177,0.063041,0.0391873,0.332178,0.480673,30.4054,14.615,0.77599,355.026,
0.474791,6.33412,0.0997632,0.195041,0.0569417,0.523464,0.0622396,0.106234,0.0463315,0.385768,0.417233,29.2087,12.1868,0.772234,311.639,
0.311412,5.63526,0.179223,0.439384,0.110717,0.684895,0.076841,0.24782,0.0130622,0.486796,0.284988,40.5428,11.5542,0.636749,351.688,

0.931264,10.219,0.0189963,0.00742872,0.00575591,0.0535423,0.0146231,0.0114941,0.00174515,0.0376508,0.785498,25.157,19.7607,0.912896,427.616,
0.960617,10.6223,0.00992162,0.0190216,0.00970118,0.0258009,0.00601704,0.00812258,0.00829919,0.016016,0.803653,26.3635,21.1871,0.866512,471.838,
0.93167,10.4821,0.0146784,0.016339,0.0299738,0.0544387,0.00960285,0.0176335,0.0214245,0.0413948,0.803968,25.9086,20.8296,0.890241,454.734,
0.958555,10.1838,0.0200351,0.0137427,0.0200505,0.0383491,0.0140048,0.0149646,0.0123119,0.033917,0.807903,24.0375,19.42,0.942932,397.162,
0.982495,10.5981,0.0151752,0.00858667,0.0254899,0.00789404,0.0112934,0.00929864,0.0167341,0.00501782,0.848528,24.5951,20.8697,0.946608,438.881,
0.965678,10.3043,0.0182069,0.0260141,0.0165336,0.0227942,0.0134222,0.0229228,0.0119885,0.00855223,0.804497,25.0822,20.1786,0.948249,432.206,

0.93405,9.50437,0.0279036,0.025797,0.0398535,0.0514472,0.0269841,0.0206627,0.0302752,0.0302127,0.784166,23.4133,18.3599,0.899307,373.382,
0.948376,9.64625,0.0474813,0.0431692,0.0413326,0.0389107,0.0339755,0.0339826,0.0293526,0.0232189,0.779294,23.907,18.6306,0.902804,368.793,
0.921404,9.59062,0.0588539,0.0429552,0.0464476,0.054607,0.042803,0.022462,0.027727,0.0329407,0.713268,26.7406,19.0732,0.820112,389.235,
0.991014,9.87473,0.0204627,0.00793055,0.0368841,0.00672611,0.0169734,0.0070506,0.0265433,0.00442522,0.823026,23.907,19.6761,0.915758,385.063,
0.941907,9.52194,0.0294649,0.0307761,0.0272654,0.0473203,0.0229793,0.0199148,0.0166252,0.0360276,0.78903,23.1535,18.2688,0.944361,368.376,
0.912185,9.25757,0.0393409,0.0182991,0.0100451,0.061807,0.0296981,0.0154582,0.00769844,0.0327944,0.766442,23.4756,17.9927,0.93934,365.038,

0.782304,7.7923,0.0223855,0.066901,0.11924,0.187419,0.00886296,0.0442176,0.0838502,0.132428,0.646038,23.4044,15.1201,0.888227,299.957,
0.724014,7.30359,0.0532657,0.0708856,0.118092,0.23086,0.0273068,0.0451362,0.0767872,0.155576,0.579532,24.6206,14.2684,0.884831,267.834,
0.644862,7.00485,0.0660802,0.0102132,0.108994,0.335791,0.0430279,0.00937699,0.0653736,0.246625,0.520189,24.9572,12.9824,0.821198,268.668,
0.551821,6.55063,0.0506487,0.137308,0.0471358,0.42842,0.0270201,0.0630501,0.0210144,0.311001,0.462951,28.0428,12.9824,0.756327,295.785,
0.506212,6.19818,0.113456,0.228086,0.0952854,0.456194,0.0629065,0.123419,0.0436125,0.303317,0.461975,27.5399,12.7228,0.830713,268.251,
0.363342,5.83174,0.167423,0.336792,0.112244,0.629701,0.0845012,0.17615,0.0494922,0.457367,0.302703,38.408,11.6262,0.674584,322.068,

0.642226,9.60006,0.124347,0.148318,0.197407,0.306738,0.0693344,0.0795946,0.137056,0.1966,0.482555,35.9158,17.3313,0.770873,487.274,
0.630233,9.31028,0.169749,0.116022,0.194892,0.319284,0.0951563,0.0604505,0.122359,0.211046,0.492947,36.4061,17.9463,0.74239,464.329,
0.548855,9.31035,0.252091,0.164688,0.257861,0.392226,0.130141,0.0853085,0.14897,0.250226,0.434749,41.5992,18.0852,0.717052,496.452,
0.494153,8.63017,0.224675,0.238649,0.199231,0.455452,0.116294,0.128326,0.109148,0.294306,0.3925,42.7857,16.7934,0.639294,474.341,
0.446558,8.90537,0.276233,0.264477,0.203158,0.5154,0.137917,0.13959,0.102126,0.339976,0.337533,50.3388,16.991,0.602362,550.269,
0.58648,8.58324,0.164696,0.14989,0.177734,0.367427,0.0880837,0.0854446,0.108527,0.242239,0.481161,35.3125,16.991,0.787842,428.451,

0.914969,11.1159,0.117335,0.0499743,0.0102534,0.064297,0.0777364,0.025616,0.00850686,0.0436465,0.672523,25.2645,16.991,0.75065,377.137,
0.884077,10.0235,0.0214268,0.0350608,0.0317318,0.0823194,0.00961772,0.0200252,0.0248741,0.0463207,0.639021,27.1969,17.3794,0.799934,373.382,
0.592083,12.4953,0.00581268,0.084678,0.0856256,0.416804,0.0149712,0.0472297,0.0633133,0.331858,0.58711,42.2658,24.8147,0.803006,895.283,
0.529285,11.5545,0.0455051,0.109091,0.161736,0.486979,0.0175728,0.0656984,0.114427,0.385089,0.47736,41.3073,19.7185,0.792599,763.869,
0.89453,10.5793,0.0300624,0.046183,0.0310629,0.0751582,0.0204789,0.0283761,0.0178293,0.0420261,0.670213,27.2582,18.2688,0.910341,410.512,
0.841109,10.2878,0.0177651,0.0459921,0.0532924,0.119437,0.0098819,0.0333635,0.0315458,0.0692507,0.690027,27.2582,18.8089,0.834204,414.267,

0.708771,13.9942,0.0532154,0.020945,0.0173736,0.258702,0.0309698,0.00653161,0.00858626,0.180365,0.551768,40.2795,22.225,0.724344,777.219,
0.733606,15.2085,0.0475452,0.0242167,0.0375651,0.228891,0.0314813,0.0108539,0.0266951,0.154013,0.592462,41.884,24.8147,0.71879,941.591,
0.895117,11.2758,0.101169,0.0765443,0.109801,0.0840811,0.0581404,0.0485411,0.0747661,0.0599834,0.640416,26.3001,16.843,0.721437,387.984,

0.928511,33.7128,0.00959579,0.018516,0.0287436,0.0536266,0.00643423,0.0128439,0.0203571,0.0349893,0.806255,78.9003,63.6138,0.753331,4051.72,
0.926701,35.5571,0.00621441,0.0244647,0.031711,0.0534536,0.00471287,0.0153898,0.021549,0.0333962,0.791875,84.9696,67.2853,0.763072,4536.49,
0.94369,34.5965,0.0173066,0.0197859,0.0355701,0.044226,0.0105347,0.0139719,0.0248207,0.0313365,0.832383,79.1485,65.8818,0.802409,4131.82,
0.926792,33.7538,0.018428,0.0277984,0.0297713,0.0529087,0.0122793,0.018086,0.0201797,0.0321864,0.777158,81.1935,63.1002,0.776228,4081.76,
0.939671,32.5192,0.0179659,0.0163516,0.0384548,0.0460069,0.0119651,0.00980346,0.0257061,0.0300266,0.81683,74.9828,61.2482,0.757439,3662.07,

0.596667,4.58227,0.154224,0.118514,0.161887,0.374554,0.102468,0.082288,0.124074,0.258363,0.477044,13.8078,6.58691,0.801591,83.8545,
0.824764,10.9451,0.0935037,0.119818,0.237424,0.13572,0.0555973,0.0837798,0.159391,0.0837273,0.573526,26.3635,15.1201,0.685022,367.542,
0.662811,8.26048,0.120663,0.0360951,0.125089,0.316238,0.0739339,0.0283809,0.0756273,0.230883,0.490761,22.6434,11.1125,0.760345,251.564,
0.863026,11.2638,0.127736,0.0719056,0.0555809,0.110624,0.0857988,0.0428483,0.0344604,0.0707521,0.585663,25.7227,15.0648,0.743927,377.554,
0.791446,9.22559,0.057339,0.0595362,0.0705356,0.176407,0.0397129,0.0479891,0.0519973,0.118773,0.594002,21.8559,12.9824,0.793158,280.35,
0.808712,9.29483,0.127943,0.0218984,0.158982,0.149154,0.0920621,0.0220181,0.101985,0.0952279,0.559312,21.789,12.1868,0.653864,255.736,

0.805615,7.02379,0.0256691,0.0256335,0.0405923,0.189127,0.0267605,0.0096344,0.0279626,0.153084,0.801669,18.0159,14.4428,0.942973,230.287,
0.896744,8.17609,0.0339828,0.0212921,0.0749471,0.108728,0.0273327,0.0146396,0.04885,0.0952766,0.741906,21.0389,15.6089,0.900669,282.018,
0.90677,8.1062,0.0305555,0.0148095,0.0728744,0.0981786,0.0231143,0.00488264,0.0467727,0.0949621,0.777029,19.9498,15.5016,0.955982,259.907,
0.965012,8.8098,0.0113751,0.0226149,0.0870883,0.0433407,0.00951348,0.0107298,0.0521861,0.0334385,0.718898,21.7122,15.6089,0.857629,282.853,
0.920402,8.46,0.00759285,0.0405819,0.0264645,0.0626857,0.00667511,0.0297283,0.0172447,0.0466192,0.731947,21.4707,15.7154,0.910916,287.442,
0.686072,7.98474,0.117728,0.0229184,0.16516,0.24411,0.0550159,0.0185903,0.0850395,0.143015,0.464238,31.1107,14.4428,0.637515,362.535,

0.649017,8.16423,0.0610844,0.0578519,0.0963212,0.333561,0.0412156,0.0561208,0.070906,0.246785,0.426234,23.0813,9.83806,0.622954,241.134,
0.865657,11.1861,0.0625266,0.143215,0.0164905,0.0983949,0.038269,0.0940487,0.0151284,0.0561474,0.654023,26.8651,17.5704,0.820112,389.235,
0.941099,16.1124,0.0290892,0.0183954,0.0171723,0.0476859,0.0182583,0.0134725,0.0121994,0.0338519,0.766827,34.1106,26.157,0.773919,804.336,
0.924373,10.8671,0.0404283,0.113055,0.0363677,0.0574032,0.0337824,0.0768327,0.0227531,0.0435005,0.601826,25.1238,15.1201,0.738607,332.915,
0.986406,12.8833,0.0193537,0.0236055,0.0606112,0.0162011,0.0212437,0.00631178,0.0420409,0.0173651,0.713276,27.1662,19.377,0.838305,468.084,
0.989279,14.0138,0.0442904,0.0622058,0.107684,0.0124811,0.0304606,0.0337887,0.0747496,0.0115133,0.706245,29.2658,20.6688,0.778448,561.533,

0.734675,6.48161,0.0767165,0.0879568,0.170188,0.220396,0.0404135,0.0588441,0.119729,0.152346,0.485071,24.1155,11.6977,0.81109,216.937,
0.732904,6.01122,0.0132437,0.0495621,0.139811,0.240067,0.00377216,0.0321859,0.10406,0.175647,0.559017,20.6688,11.5542,0.837257,198.581,
0.447932,7.90984,0.0999713,0.21431,0.0775315,0.5597,0.041514,0.127372,0.0494058,0.414469,0.338596,44.4922,15.0648,0.692479,520.232,

0.850329,10.2918,0.024036,0.0243653,0.0538208,0.118184,0.0200888,0.0199405,0.0376215,0.0757846,0.744208,26.0371,19.377,0.892594,426.365,
0.856674,9.83945,0.0250662,0.054658,0.0777507,0.110571,0.0181684,0.0309652,0.0524126,0.0695256,0.713372,25.157,17.9463,0.894557,370.045,
0.755779,9.60271,0.0421952,0.063975,0.0508541,0.201875,0.0265914,0.0331189,0.0350265,0.133612,0.627811,29.2444,18.3599,0.860203,421.776,
0.812278,10.5532,0.0118965,0.0337672,0.0438269,0.151574,0.00776652,0.0145165,0.0283459,0.099377,0.657596,30.6853,20.1786,0.792491,517.729,

0.695237,14.2193,0.0840363,0.12892,0.127436,0.239488,0.0407602,0.0697178,0.0810025,0.143041,0.594608,47.9926,28.5368,0.795507,1042.97,
0.866733,14.0072,0.0424334,0.0952575,0.115679,0.0947817,0.0179225,0.0547261,0.0705819,0.0585305,0.643943,38.1683,24.5782,0.752381,741.341,
0.745378,14.6392,0.0837043,0.0978639,0.149564,0.20316,0.0487898,0.0555808,0.0878394,0.130187,0.606747,43.4245,26.3477,0.804443,989.15,
0.753758,13.6255,0.139287,0.125745,0.148209,0.205828,0.0778403,0.0711088,0.0889229,0.137633,0.561011,40.2795,22.5973,0.770335,753.857,
0.654833,13.4042,0.144156,0.170644,0.202187,0.293234,0.0799001,0.103042,0.121839,0.191328,0.546612,43.4485,23.7495,0.79782,866.08,
0.697885,12.4864,0.0977546,0.0458483,0.0893431,0.262412,0.0475954,0.0202006,0.0440005,0.18066,0.543336,40.6968,22.1121,0.77373,690.861,

0.644741,9.55442,0.0765373,0.0343988,0.156838,0.354313,0.0626025,0.0126621,0.121988,0.278836,0.560446,31.0099,17.3794,0.81403,503.544,
0.811773,8.39053,0.076409,0.0708379,0.0480098,0.141235,0.0413302,0.0414632,0.0249496,0.0917793,0.553716,30.6853,16.991,0.757015,358.363,
0.809166,8.38663,0.0269054,0.0586323,0.0246096,0.139859,0.0120833,0.035312,0.00375824,0.0807547,0.638877,26.3635,16.843,0.873483,348.768,
0.917891,9.34557,0.0390142,0.0262165,0.0555709,0.0659913,0.0210143,0.0166653,0.0327872,0.0450886,0.701914,26.157,18.3599,0.83538,394.659,
0.825386,8.60777,0.0304285,0.0689766,0.064922,0.120967,0.0138606,0.0449622,0.0354655,0.0624788,0.618347,27.1585,16.7934,0.848245,338.339,
0.857597,8.46995,0.052735,0.037926,0.0593085,0.107892,0.0317582,0.0259981,0.0317521,0.0643827,0.670402,25.1238,16.843,0.867658,338.339,

0.953086,10.825,0.018266,0.0345388,0.0329287,0.0408434,0.0122012,0.0312581,0.0233469,0.0322271,0.852371,24.8567,21.1871,0.957038,447.224,
0.974064,10.8416,0.0274876,0.029075,0.030636,0.02043,0.0208463,0.0243061,0.0248344,0.0150641,0.826047,25.2645,20.8697,0.955688,438.046,
0.953984,10.9465,0.0123177,0.0179705,0.0174332,0.0292569,0.00737147,0.0200825,0.0131919,0.0122108,0.803954,26.157,21.029,0.894759,474.341,
0.985925,11.0958,0.0165464,0.0225144,0.0293027,0.0173036,0.0150061,0.0213281,0.0225933,0.0187014,0.815258,26.2286,21.3831,0.910181,472.255,
0.929214,10.8114,0.0374072,0.0259006,0.0264339,0.0534919,0.0218495,0.0234143,0.0178802,0.0318315,0.828487,26.5527,21.9986,0.912528,474.341,
0.968175,11.1071,0.016249,0.0390962,0.0101931,0.0181834,0.0103547,0.0276803,0.00240754,0.00634152,0.768812,28.5149,21.9226,0.907134,485.605,

0.86344,11.5167,0.0135321,0.0117368,0.0165402,0.0950176,0.0057401,0.01111,0.00936106,0.0484192,0.711585,29.7745,21.1871,0.829442,551.104,
0.912818,9.63941,0.0140368,0.00678759,0.0115996,0.0633916,0.00846858,0.00782988,0.0165519,0.0351057,0.740734,22.1968,16.4419,0.874562,317.062,
0.943746,11.6976,0.0143926,0.0318888,0.0216129,0.0401902,0.00776757,0.0190224,0.0169586,0.0241539,0.730206,29.0152,21.1871,0.766511,525.238,
0.919416,10.3937,0.00524673,0.0212456,0.0266371,0.065652,0.00483903,0.018485,0.0193716,0.0453791,0.746104,24.1155,17.9927,0.886644,378.388,
0.821217,7.90525,0.0133903,0.00582502,0.0415473,0.146759,0.00397018,0.00341904,0.0323381,0.0992436,0.676321,18.9084,12.7882,0.910885,222.778,
0.84658,7.5228,0.0882671,0.0205708,0.0522897,0.132933,0.0516909,0.0154856,0.0367052,0.0961636,0.68131,17.0645,11.6262,0.852244,189.82,

0.637747,7.8786,0.0298859,0.11343,0.0766988,0.319548,0.0149892,0.0669574,0.0320284,0.214271,0.560553,26.9736,15.1201,0.868863,326.24,
0.707976,8.1988,0.0265757,0.0354564,0.0377438,0.263999,0.017928,0.0238219,0.0222891,0.185162,0.681878,22.0932,15.0648,0.934943,300.375,
0.688698,8.39638,0.0934885,0.099535,0.0752604,0.268079,0.0534282,0.0568757,0.0401933,0.177368,0.585082,26.6781,15.6089,0.865748,337.087,
0.554014,7.85602,0.0167758,0.0961947,0.0679325,0.433113,0.0161312,0.0542337,0.0417035,0.307326,0.531795,27.1585,14.4428,0.863725,348.768,
0.640737,8.11592,0.068197,0.148362,0.101182,0.315717,0.0353293,0.0873778,0.0661473,0.208648,0.5696,27.4032,15.6089,0.915841,329.16,
0.599227,8.7362,0.0275998,0.103534,0.0902237,0.376807,0.0129692,0.0657517,0.0518935,0.26621,0.581448,29.6411,17.2348,0.871489,423.862,

0.764817,8.26998,0.0479266,0.0726056,0.0164141,0.18982,0.0340024,0.051509,0.0179514,0.115788,0.633014,26.6076,16.843,0.889785,346.265,
0.722958,7.93525,0.0566827,0.0851091,0.0611887,0.22556,0.0345537,0.0478648,0.0349603,0.139675,0.596101,26.005,15.5016,0.875738,324.154,
0.657831,7.79445,0.1134,0.148453,0.120873,0.251904,0.0528771,0.0682432,0.0596148,0.136965,0.526721,29.6341,15.6089,0.79336,325.823,
0.851425,8.18625,0.0299681,0.0410618,0.0472953,0.106962,0.0158063,0.0235953,0.0312502,0.0573886,0.691873,22.5603,15.6089,0.938159,289.11,
0.817711,7.31579,0.0111451,0.0425795,0.0339744,0.142625,0.00568637,0.0241285,0.0301709,0.0870263,0.701914,18.4958,12.9824,0.922393,200.25,
0.7594,7.87685,0.0542645,0.0874065,0.0977632,0.180053,0.0313111,0.0446123,0.0572715,0.105941,0.657657,23.6526,15.5553,0.90821,304.964,

0.862609,8.77045,0.0523181,0.0894189,0.0829839,0.111212,0.0347245,0.0615925,0.043113,0.075189,0.710363,23.2883,16.5431,0.931491,318.314,
0.955991,9.46971,0.0503473,0.0199949,0.136222,0.0324459,0.0290597,0.0174396,0.0833705,0.0256173,0.644259,25.1238,16.1862,0.855545,317.896,
0.666259,8.47928,0.154884,0.0981816,0.224991,0.274418,0.0809107,0.0584016,0.13942,0.174127,0.547908,28.6826,15.7154,0.797112,352.523,
0.550574,7.71268,0.16398,0.152407,0.169242,0.399209,0.0938449,0.0749893,0.0872334,0.262493,0.47036,30.7057,14.4428,0.715115,348.351,
0.625743,7.7972,0.092484,0.112073,0.116346,0.331651,0.0504094,0.05729,0.0700494,0.224277,0.565685,27.4032,15.5016,0.808272,329.995,
0.782666,9.07947,0.0597245,0.0635145,0.0892777,0.196147,0.0387672,0.0235335,0.0529843,0.139182,0.617611,25.4455,15.7154,0.714226,375.885,

0.815961,11.4705,0.0227519,0.0644211,0.0861562,0.168751,0.0174118,0.0402992,0.0591689,0.133187,0.711983,31.057,22.1121,0.940918,561.116,
0.744007,10.8269,0.0251835,0.10741,0.0872224,0.239862,0.0156448,0.0703359,0.0579528,0.184923,0.669433,30.8751,20.6688,0.943689,511.054,
0.689579,10.5276,0.0297179,0.116228,0.0766911,0.288286,0.0149194,0.0694177,0.04411,0.217151,0.591563,34.1106,20.1786,0.910895,530.662,
0.669534,10.2975,0.0434962,0.104182,0.122966,0.304368,0.0230662,0.0587606,0.0600391,0.221188,0.508441,36.3774,18.4958,0.790003,537.337,
0.609551,9.91752,0.041734,0.119303,0.0432825,0.366135,0.0193463,0.0670295,0.0142109,0.265172,0.544645,35.5773,19.377,0.901793,546.932,
0.637338,9.81282,0.0787195,0.0980248,0.0442787,0.315132,0.0439788,0.0465636,0.0115939,0.212353,0.490071,39.6269,19.42,0.813789,564.871,

0.422223,7.58458,0.0703141,0.255704,0.0728994,0.573697,0.0319818,0.14815,0.0295789,0.402064,0.292595,51.676,15.1201,0.612,564.454,
0.501518,8.00424,0.0785704,0.148781,0.0973481,0.488925,0.0311366,0.0899848,0.0611774,0.346804,0.356736,43.7547,15.6089,0.68256,476.427,
0.450686,7.58112,0.0269734,0.197366,0.0515019,0.552868,0.0128126,0.111655,0.0406097,0.406137,0.388916,37.5789,14.615,0.713489,466.415,
0.594203,7.20249,0.0715059,0.0504935,0.148386,0.38729,0.0376746,0.0348792,0.0860707,0.279043,0.457381,30.4191,13.9131,0.714765,299.957,
0.595563,7.90921,0.106635,0.0959746,0.150694,0.384542,0.0519521,0.05487,0.0884204,0.284363,0.413325,35.3597,14.615,0.669717,365.038,

0.656613,6.60263,0.0405621,0.166181,0.0729083,0.295074,0.0223432,0.0994108,0.0468781,0.188445,0.577892,21.0884,12.1868,0.911415,201.501,
0.638641,7.4084,0.0631432,0.104797,0.119098,0.341861,0.0362823,0.081179,0.0790199,0.247636,0.478938,25.4455,12.1868,0.790807,289.945,
0.645423,10.9624,0.0347594,0.0650041,0.0802584,0.331144,0.0293824,0.0388878,0.0500005,0.232244,0.545082,36.8673,20.0957,0.805597,669.585,
0.558066,10.1907,0.0860131,0.149996,0.146649,0.420162,0.0388935,0.0762925,0.0907665,0.28879,0.531865,36.1069,19.204,0.851001,592.405,

0.979674,8.74498,0.028295,0.0419475,0.0386184,0.0396886,0.0305346,0.0453691,0.0499401,0.0537003,0.751893,20.7594,15.6089,0.908155,273.675,
0.85676,8.58787,0.0314274,0.0812165,0.0983691,0.126565,0.0239776,0.0658878,0.0672902,0.0941383,0.672973,22.4677,15.1201,0.84047,290.779,
0.956334,8.97649,0.0507317,0.0287597,0.0380542,0.045793,0.0379693,0.0363254,0.0273542,0.040341,0.773171,20.3945,15.7684,0.914041,282.853,
0.935549,8.412,0.00641548,0.0364646,0.0270204,0.0403639,0.00639674,0.029566,0.0333741,0.0187518,0.746788,20.8296,15.5553,0.934312,268.251,
0.985498,8.33119,0.0558307,0.0391249,0.102677,0.0145695,0.0348303,0.0262532,0.0736693,0.0163513,0.734577,18.3599,13.4868,0.911608,228.618,
0.900055,8.05195,0.0743823,0.0600709,0.0897858,0.0727565,0.0484029,0.0430376,0.0628184,0.04579,0.702291,19.204,13.4868,0.868545,237.379,

0.820959,8.2792,0.0175652,0.0236332,0.0417936,0.152415,0.00867118,0.0124312,0.0317193,0.106813,0.750322,24.3479,18.2688,0.954331,375.051,
0.804802,8.17702,0.0211061,0.0252839,0.0440853,0.170636,0.0101494,0.0194794,0.0360624,0.123046,0.666311,27.9608,18.6306,0.885608,391.738,
0.746635,8.06204,0.0254347,0.0632574,0.0425668,0.217283,0.0106976,0.0388666,0.0270788,0.153335,0.659864,27.1969,17.9463,0.769549,380.474,
0.807194,8.17763,0.0149247,0.0444234,0.0275392,0.167609,0.0131074,0.0306866,0.0213552,0.119175,0.763941,22.5603,17.2348,0.943548,346.265,
0.787319,8.0821,0.0283393,0.0368015,0.0352531,0.181909,0.0112183,0.0261739,0.0265947,0.126332,0.667083,25.836,17.2348,0.904141,342.093,
0.882136,8.56551,0.0274181,0.043286,0.0771017,0.102987,0.0224178,0.0181734,0.0521329,0.075804,0.772053,23.4845,18.1313,0.862062,367.542,

0.630676,8.90493,0.107455,0.123041,0.125703,0.316655,0.0521899,0.0605479,0.0666243,0.208671,0.556793,33.2184,18.4958,0.798885,466.415,
0.819658,9.19206,0.0537582,0.0354931,0.0853909,0.155426,0.0339164,0.0227518,0.0585273,0.116332,0.750371,25.5926,19.204,0.927971,401.334,
0.827804,9.33989,0.0473262,0.0784068,0.0743727,0.142904,0.0248314,0.0508869,0.0437695,0.106636,0.704521,27.2582,19.204,0.903814,390.904,
0.820759,9.1319,0.0435465,0.0613282,0.0766245,0.145573,0.0235391,0.0417412,0.0490231,0.101386,0.715542,26.0371,18.6306,0.918324,394.242,
0.810124,9.1103,0.0323993,0.0762324,0.0529075,0.159235,0.0186628,0.0526995,0.0316907,0.115713,0.671997,28.8349,19.377,0.86008,393.407,
0.78808,9.1557,0.0288073,0.0887296,0.0214102,0.175313,0.0170833,0.0628667,0.014965,0.123749,0.623918,31.057,19.377,0.838034,410.512,

0.668028,10.6974,0.0440652,0.00371102,0.0756416,0.295178,0.0215096,0.0117167,0.034859,0.195709,0.573222,31.5501,18.0852,0.881547,509.802,
0.832189,9.53652,0.0868891,0.0810265,0.047922,0.127372,0.0561102,0.0496688,0.0268604,0.0782714,0.640069,24.5527,15.7154,0.891536,327.492,
0.650312,17.0517,0.0778563,0.143577,0.251948,0.351259,0.0544951,0.0996121,0.196962,0.287106,0.526487,50.5827,26.6311,0.823505,1379.22,
0.68674,17.3541,0.0604448,0.123381,0.253761,0.317629,0.0431616,0.0887634,0.190594,0.269213,0.507961,51.8694,26.3477,0.81358,1412.59,
0.558892,10.8027,0.0753566,0.0904801,0.190627,0.433451,0.0441075,0.0460242,0.117387,0.323217,0.475546,35.7294,16.991,0.736573,561.533,
0.565964,10.9148,0.051957,0.108339,0.102627,0.413207,0.0258222,0.0509808,0.0672302,0.299973,0.534156,38.9955,20.8296,0.888952,656.652,

0.893839,10.5702,0.0152266,0.014837,0.01646,0.0912033,0.00962245,0.00623857,0.0166033,0.0693237,0.736174,25.9086,19.0732,0.819001,435.96,
0.954533,11.5085,0.0322415,0.0153753,0.025183,0.0389895,0.0252392,0.0098764,0.0190355,0.0340778,0.741655,28.1393,20.8697,0.85958,503.962,
0.920383,10.1027,0.0170085,0.0151038,0.0351472,0.073405,0.011316,0.0118983,0.0271907,0.0579606,0.772726,23.4044,18.0852,0.845386,368.793,
0.954619,10.8203,0.00487598,0.0177608,0.0247805,0.0417657,0.0036432,0.00872884,0.0178087,0.0364987,0.774671,26.8884,20.8296,0.867578,442.635,
0.967123,10.6708,0.0148341,0.0196,0.0208794,0.0368046,0.0155241,0.0159357,0.0149093,0.0354759,0.796871,25.3222,20.1786,0.926889,438.881,
0.941555,10.6013,0.0315634,0.00898915,0.0270479,0.049873,0.0164412,0.00411489,0.0229841,0.0406135,0.787107,25.4783,20.0541,0.900321,425.113,

0.78863,8.51866,0.0255907,0.0773603,0.118276,0.183277,0.0331457,0.0629146,0.0719586,0.133298,0.650363,21.3928,13.9131,0.876053,287.025,
0.827577,8.57449,0.0537906,0.0672927,0.0618343,0.139237,0.0416684,0.0409519,0.0345824,0.101936,0.68438,22.0932,15.1201,0.952725,283.687,
0.871892,9.8028,0.0464611,0.0867065,0.161934,0.109599,0.0282002,0.0706628,0.106417,0.0827,0.68128,22.7537,15.5016,0.801306,331.246,
0.618536,8.2609,0.129009,0.174476,0.191468,0.344002,0.0790402,0.116488,0.137209,0.239285,0.515766,29.2087,15.0648,0.781154,335.001,
0.656593,8.65825,0.15586,0.110559,0.166621,0.307979,0.100716,0.0760271,0.116612,0.213329,0.538082,27.3728,14.7288,0.815796,341.259,
0.673464,7.99303,0.0364258,0.0524281,0.11683,0.285293,0.0176329,0.0142228,0.0844069,0.190249,0.5536,25.1321,13.9131,0.820015,296.203,

0.956042,8.58647,0.0225733,0.0306464,0.0216211,0.0466844,0.0159914,0.0222355,0.0164059,0.0474317,0.770572,20.3945,15.7154,0.944963,286.19,
0.910836,8.6341,0.0299119,0.0284468,0.0113544,0.0808724,0.0195638,0.0156816,0.0161766,0.0682082,0.753874,21.4707,16.1862,0.894818,303.712,
0.95212,8.09698,0.0167323,0.00932723,0.0358771,0.037962,0.00810776,0.0159526,0.0266609,0.0278337,0.800943,18.8089,15.0648,0.939966,258.656,
0.94386,8.06158,0.0200823,0.00479381,0.0176481,0.0389243,0.0093328,0.00805463,0.0095741,0.0202384,0.789391,19.0841,15.0648,0.888863,252.398,
0.883017,7.71616,0.0102297,0.00961477,0.0113377,0.09381,0.0100976,0.00275342,0.00554875,0.0622653,0.77988,19.3878,15.1201,0.95235,258.239,
0.929808,8.19546,0.0237451,0.0274608,0.0439365,0.05949,0.0135175,0.0232215,0.0268848,0.0433702,0.726985,21.4707,15.6089,0.851994,309.553,

0.78193,6.91037,0.0380737,0.108487,0.155098,0.181662,0.0310014,0.0771577,0.100955,0.114668,0.526235,20.8296,10.9613,0.79782,225.698,
0.726698,6.13834,0.041248,0.016031,0.166293,0.235011,0.0182692,0.021479,0.112896,0.152376,0.532152,19.42,10.3344,0.821128,187.734,
0.771673,6.3947,0.0315146,0.0262751,0.124184,0.185391,0.0120711,0.027699,0.0735914,0.113591,0.618808,17.9579,11.1125,0.843065,186.483,
0.905586,7.4773,0.0217744,0.0662824,0.080674,0.0645859,0.0242037,0.0499729,0.0483609,0.0278802,0.641159,19.0075,12.1868,0.923773,216.937,
0.927145,7.64536,0.0491513,0.0256818,0.0512513,0.056392,0.035829,0.0231479,0.0341665,0.0424997,0.69843,18.4958,12.918,0.944797,225.281,
0.958625,7.42722,0.0228295,0.0621786,0.0284344,0.0257221,0.0173914,0.0462151,0.0178917,0.0120796,0.723102,17.8647,12.918,0.911415,201.501,

0.493626,9.78998,0.0712042,0.176198,0.147668,0.508717,0.0452554,0.109147,0.101512,0.369447,0.47036,38.84,18.2688,0.847317,622.026,
0.489217,9.72598,0.0724786,0.188907,0.145,0.511615,0.0435218,0.109333,0.101682,0.36905,0.477501,39.0169,18.6306,0.820863,614.099,
0.731403,9.76628,0.0613968,0.0748792,0.0418445,0.245147,0.0353642,0.0485012,0.0168212,0.179929,0.612564,29.8235,18.2688,0.858112,441.801,
0.757709,9.68336,0.0278726,0.115684,0.0400176,0.210732,0.0137976,0.079045,0.0376207,0.148817,0.578263,30.3848,17.5704,0.902811,434.709,

0.399735,8.40441,0.259379,0.263692,0.18141,0.604141,0.146319,0.142199,0.0880057,0.444116,0.368577,44.6092,16.4419,0.705574,536.502,
0.414113,8.4248,0.255416,0.246802,0.20026,0.57768,0.142823,0.122079,0.100493,0.416547,0.392625,43.2753,16.991,0.701603,518.146,
0.551461,8.70583,0.104975,0.06597,0.141867,0.448506,0.0689839,0.0321733,0.0945652,0.337595,0.52856,31.8659,16.843,0.842278,471.838,
0.554191,8.6513,0.111955,0.0470312,0.0991948,0.453011,0.0743246,0.0256208,0.0620552,0.34574,0.533333,30.6377,16.3401,0.831526,476.427,
0.288697,7.5886,0.214644,0.475797,0.134791,0.719144,0.0914687,0.28511,0.0117003,0.51938,0.269295,57.9621,15.6089,0.630284,651.646,
0.609609,7.85743,0.0451956,0.0953582,0.0187274,0.356959,0.0325855,0.0573115,0.0139643,0.238545,0.563496,27.9832,15.7684,0.871031,380.892,

0.254461,4.22667,0.187786,0.531811,0.106372,0.764907,0.0661934,0.315506,0.0160103,0.564549,0.272446,31.8069,8.66566,0.635789,228.201,
0.273555,4.25685,0.15418,0.504887,0.098462,0.748934,0.0646074,0.312621,0.0567008,0.557042,0.254222,30.9089,7.85771,0.628481,212.348,
0.292989,4.07749,0.226623,0.46394,0.142693,0.731365,0.111463,0.284497,0.0483834,0.544789,0.287926,26.9194,7.7508,0.669572,174.384,
0.256784,4.14523,0.142333,0.529406,0.0618377,0.774151,0.0483806,0.332137,0.0447332,0.592061,0.244635,32.1201,7.85771,0.628676,220.275,
0.240524,3.92216,0.207345,0.549885,0.11268,0.786736,0.0666123,0.334272,0.028771,0.600266,0.244982,32.0746,7.85771,0.605812,200.667,
0.32776,4.33826,0.191155,0.398332,0.116047,0.681569,0.0823774,0.23264,0.0345692,0.498103,0.297336,29.1443,8.66566,0.641151,191.906,

0.797963,7.85386,0.0345237,0.0371201,0.0498188,0.1621,0.0170835,0.0198588,0.0250445,0.101214,0.673994,23.3955,15.7684,0.952598,323.737,
0.803913,7.95296,0.038803,0.0741872,0.027446,0.144627,0.0196439,0.0394262,0.0151897,0.0816401,0.649303,25.4783,16.5431,0.880026,320.399,
0.756968,8.04635,0.0904911,0.0736825,0.104638,0.177289,0.0442823,0.030929,0.0612413,0.0974843,0.545521,30.8751,16.843,0.801534,349.603,
0.73989,7.87527,0.0280464,0.0755729,0.0353555,0.200952,0.0112134,0.0307715,0.0236828,0.118211,0.551988,29.97,16.5431,0.841962,366.29,
0.754872,8.04428,0.0624525,0.0859724,0.0694624,0.18063,0.030682,0.0363903,0.0443208,0.0998627,0.576618,28.6899,16.5431,0.845386,368.793,
0.815775,8.06922,0.0641342,0.0366543,0.076192,0.131336,0.032444,0.0112979,0.0478773,0.0728957,0.630727,26.2286,16.5431,0.897576,331.246,

0.785305,9.67532,0.0167024,0.0174291,0.024487,0.189455,0.0122932,0.0159786,0.023172,0.136132,0.707107,27.1585,19.204,0.86744,435.126,
0.888732,9.58193,0.0180974,0.0214019,0.0458574,0.0814031,0.0068351,0.0129888,0.0295479,0.0470169,0.792324,24.5102,19.42,0.974238,396.327,
0.893377,9.41518,0.027014,0.0296077,0.0736704,0.0816991,0.0189567,0.0251073,0.0497944,0.0466428,0.75357,24.5442,18.4958,0.935277,384.229,

0.388257,20.485,0.326063,0.267299,0.180017,0.67974,0.20225,0.203276,0.0508698,0.572011,0.290268,88.1127,25.5763,0.511282,2182.3,
0.474775,17.3116,0.257405,0.192507,0.316873,0.554564,0.156844,0.127226,0.229342,0.456686,0.319391,69.2319,22.1121,0.560535,1411.76,
0.677009,12.538,0.0568109,0.0585632,0.144885,0.274994,0.0252644,0.0232737,0.0838942,0.178482,0.602232,39.8997,24.0289,0.785257,796.827,

0.936251,8.62398,0.0302915,0.0290552,0.00494493,0.0485035,0.0149091,0.0196194,0.0111688,0.0316415,0.755136,19.9498,15.0648,0.876349,281.184,
0.961577,9.72939,0.0108,0.0126568,0.00784276,0.0391405,0.00719766,0.0108251,0.00953848,0.0343793,0.766965,22.5973,17.3313,0.806157,359.198,
0.872764,9.08145,0.0475959,0.0220948,0.0277091,0.0981151,0.0319236,0.0143045,0.0116154,0.0650931,0.658352,24.2707,15.9787,0.828957,337.921,
0.944892,8.82511,0.0181864,0.0325179,0.0278478,0.0415811,0.0140254,0.0208518,0.010813,0.0259589,0.790247,20.2199,15.9787,0.888962,300.375,
0.970287,9.152,0.0193998,0.0688196,0.0245729,0.022708,0.0188172,0.0273592,0.0183728,0.0184519,0.667691,23.2972,15.5553,0.785342,320.399,

0.723297,7.06391,0.0249617,0.1078,0.0428157,0.229307,0.0194056,0.0799115,0.0313268,0.139235,0.544892,20.1164,10.9613,0.706482,177.722,
0.813316,13.8787,0.0816465,0.0793769,0.138301,0.155705,0.0473635,0.054558,0.0997135,0.110002,0.656617,35.0278,22.9998,0.730346,642.468,
0.773489,15.2366,0.0480334,0.0614541,0.0110545,0.208865,0.033914,0.0430043,0.00393926,0.160521,0.615347,38.5381,23.7143,0.714262,851.895,
0.759449,15.4577,0.0523485,0.0658644,0.0559501,0.212982,0.0373473,0.0453021,0.0476458,0.151763,0.611751,40.5633,24.8147,0.720366,890.694,
0.705433,13.434,0.070453,0.0253949,0.027524,0.26389,0.0466371,0.014542,0.0186985,0.188076,0.548454,38.8454,21.3049,0.673123,740.924,
0.682695,10.2064,0.0690827,0.183995,0.143562,0.270956,0.0386003,0.111338,0.0973393,0.178823,0.538138,30.3642,16.3401,0.738327,403.002,

0.88359,15.5817,0.0378997,0.028892,0.00379733,0.0896194,0.0248154,0.0198773,0.011895,0.0581068,0.745356,38.9473,29.0296,0.838182,952.855,
0.825607,14.5172,0.0167444,0.031039,0.035945,0.138898,0.0115969,0.0200499,0.0195534,0.0902488,0.717636,37.8444,27.1585,0.796683,854.399,
0.863979,15.9482,0.012591,0.0206103,0.0205331,0.107969,0.00932948,0.00747374,0.0139242,0.0697879,0.70929,40.2329,28.5368,0.696467,1009.59,
0.823818,15.9998,0.0103277,0.0372071,0.0360242,0.14435,0.00652956,0.0177663,0.0249944,0.0998749,0.688752,43.1788,29.7395,0.771771,1082.6,
0.732224,14.1092,0.016213,0.051621,0.0405001,0.226089,0.00659261,0.0272386,0.0265886,0.152771,0.58756,45.7496,26.8806,0.72989,947.431,
0.87972,15.9263,0.0149705,0.0633773,0.110585,0.0829491,0.00512152,0.0345879,0.0669601,0.0444029,0.656796,42.4578,27.8861,0.729905,1004.17,

0.858251,9.67793,0.01961,0.0416951,0.0788261,0.120806,0.0086449,0.0335761,0.0553453,0.088881,0.764774,24.1846,18.4958,0.877308,399.665,
0.761303,9.32112,0.00782508,0.0265578,0.028814,0.215069,0.00440594,0.0213233,0.0155951,0.156159,0.703522,26.4819,18.6306,0.913052,412.598,
0.886568,9.76871,0.0420674,0.0369921,0.0454049,0.0890795,0.0291819,0.0245291,0.0324951,0.0563499,0.709828,25.4783,18.0852,0.831165,391.321,

0.642574,10.5549,0.0118144,0.0766833,0.0163981,0.317755,0.00508992,0.0422476,0.00867571,0.209186,0.54902,32.9409,18.0852,0.814649,526.907,
0.698078,10.5501,0.0140419,0.0577279,0.0335003,0.265053,0.00763033,0.0331918,0.0146945,0.17745,0.546972,31.0637,16.991,0.759151,481.851,
0.652341,11.8638,0.0234009,0.102582,0.0413453,0.305943,0.0112695,0.0630169,0.0278014,0.201093,0.539269,39.2886,21.1871,0.819718,680.849,
0.639345,11.0502,0.0218528,0.0921394,0.0300093,0.31863,0.0147889,0.0536609,0.017392,0.205774,0.579429,35.671,20.6688,0.822087,599.08,
0.658533,11.2225,0.0157176,0.0670053,0.0128566,0.30514,0.00701885,0.0349605,0.013448,0.204733,0.599188,35.3597,21.1871,0.765372,637.879,
0.69305,8.8854,0.0421774,0.0475067,0.048541,0.274272,0.0338892,0.0339222,0.0281955,0.188038,0.586195,24.9321,14.615,0.817456,336.253,

0.598135,13.9728,0.216833,0.203275,0.245039,0.290846,0.104861,0.0867046,0.133856,0.138441,0.514875,49.8014,25.6415,0.6292,822.692,
0.970566,13.5508,0.00261754,0.0667336,0.111095,0.0164264,0.00481857,0.047436,0.0748491,0.0148,0.711991,32.4561,23.1084,0.816307,616.602,
0.89349,14.9233,0.0367228,0.0267127,0.0817453,0.0702802,0.0248441,0.0167632,0.0584948,0.0350763,0.7384,37.194,27.464,0.817081,813.931,
0.922306,16.1373,0.0512942,0.0769173,0.0971944,0.0613049,0.0339633,0.0522642,0.0644453,0.0437065,0.711998,40.2847,28.6826,0.748861,950.769,
0.983082,15.8722,0.045507,0.0637572,0.0852644,0.00967507,0.02858,0.0416354,0.0597644,0.00453376,0.719407,36.9746,26.5998,0.817034,842.717,
0.898702,15.6222,0.0267278,0.0253725,0.0202411,0.0772235,0.0171859,0.0207848,0.0105219,0.0487036,0.733753,37.8003,27.7361,0.762779,903.627,

0.833591,11.4911,0.0555505,0.0829458,0.0377805,0.152241,0.031561,0.0494799,0.0228774,0.113565,0.725198,29.4859,21.3831,0.848098,547.766,
0.752752,10.8832,0.0682654,0.0266409,0.0471909,0.224131,0.0410999,0.0200682,0.0333989,0.164355,0.645816,30.467,19.6761,0.819002,539.423,
0.708299,10.0784,0.066279,0.00596661,0.0646205,0.266525,0.0375244,0.0121958,0.0396097,0.192752,0.643563,30.1089,19.377,0.845657,490.195,
0.675519,9.97869,0.0325828,0.0395258,0.0984867,0.29599,0.0165096,0.0275719,0.0623488,0.207383,0.633473,30.1089,19.0732,0.826892,509.385,

0.967121,11.5589,0.00939198,0.0235868,0.00797374,0.0300396,0.00626481,0.0142425,0.00726518,0.0234347,0.845102,25.9407,21.9226,0.917881,487.274,
0.966902,11.478,0.015198,0.0184061,0.0324642,0.0315513,0.011472,0.0110807,0.0197826,0.0283811,0.8,26.0371,20.8296,0.880305,476.845,
0.915843,11.0686,0.0098296,0.00583554,0.0231553,0.0697779,0.00931591,0.00366808,0.0146024,0.0482156,0.844894,26.0371,21.9986,0.955313,478.93,
0.942674,11.2116,0.0130963,0.0180568,0.0256684,0.042029,0.00568741,0.0107694,0.013556,0.0252763,0.838478,25.6415,21.4998,0.936161,478.93,

0.970846,10.3147,0.0658122,0.166188,0.168591,0.0313187,0.0528301,0.102557,0.117732,0.0241629,0.608767,23.3419,14.2098,0.747824,279.932,
0.946051,9.12935,0.0252636,0.0742232,0.125057,0.0430703,0.0143813,0.058316,0.0853381,0.0304529,0.613572,18.8311,11.5542,0.727891,225.281,
0.903525,9.11767,0.0240329,0.0998605,0.0862417,0.0758293,0.0210639,0.0535507,0.0601652,0.051135,0.665312,20.2714,13.4868,0.754116,248.226,
0.787138,10.3992,0.056036,0.0301852,0.125252,0.170599,0.0385429,0.015149,0.0915366,0.107784,0.519382,28.1393,14.615,0.606805,389.235,
0.854637,7.73111,0.064555,0.104841,0.0911742,0.107395,0.0430924,0.0798035,0.0616771,0.063874,0.638877,18.0852,11.5542,0.72075,179.39,

0.692124,10.0558,0.00775823,0.0375801,0.0369192,0.247218,0.00110575,0.0178532,0.0133228,0.144458,0.567486,33.8405,19.204,0.866701,585.313,
0.763525,10.3856,0.0322895,0.0465756,0.0779932,0.176174,0.0220987,0.0298867,0.0408374,0.0976979,0.641709,31.2511,20.0541,0.814661,542.343,
0.666093,10.7099,0.0178406,0.0276105,0.0380092,0.29102,0.0135483,0.00847115,0.0161065,0.187236,0.552878,35.6651,19.7185,0.840626,692.53,
0.794158,9.73719,0.00635388,0.0340932,0.0633103,0.165666,0.00487224,0.0287432,0.0441364,0.108027,0.695516,27.0431,18.8089,0.903856,450.979,
0.670533,10.2816,0.0379135,0.0234895,0.0868531,0.278136,0.0219254,0.0152499,0.051643,0.170017,0.579002,34.129,19.7607,0.851561,618.688,

0.838097,11.4167,0.0537463,0.0198241,0.101427,0.134314,0.0356562,0.0125802,0.0680587,0.0971586,0.739377,31.4971,23.2883,0.836366,625.363,
0.927911,11.7326,0.0532913,0.0421399,0.0643835,0.0468224,0.0323826,0.0203932,0.044055,0.0306677,0.699277,30.467,21.3049,0.790329,545.263,
0.954541,12.8131,0.0226255,0.0508178,0.0842779,0.0248795,0.0173818,0.0322052,0.0483772,0.0278842,0.741535,31.5501,23.3955,0.835053,623.694,
0.853146,10.1392,0.0344237,0.0136065,0.053673,0.117232,0.0228146,0.00254872,0.0242804,0.0776565,0.687874,26.157,17.9927,0.785539,426.365,
0.990971,10.0265,0.0145278,0.0150261,0.0477783,0.0106429,0.0121346,0.01012,0.0253327,0.0120226,0.796233,22.5973,17.9927,0.895555,363.787,
0.949113,11.7814,0.0274515,0.0439875,0.0736917,0.043859,0.0170857,0.0321167,0.0461443,0.0349123,0.755318,27.8412,21.029,0.872283,549.435,

0.835864,11.8137,0.047607,0.0338805,0.124359,0.132101,0.0228153,0.022002,0.0751713,0.0865924,0.649727,31.057,20.1786,0.834225,524.821,
0.865134,11.6896,0.0125311,0.0297147,0.100129,0.110993,0.00988461,0.0194804,0.0614994,0.0765164,0.724491,27.1585,19.6761,0.855803,500.207,
0.321902,11.2811,0.237218,0.423056,0.182214,0.749006,0.165453,0.307197,0.108192,0.636559,0.390316,56.6517,22.1121,0.571274,949.517,
0.789134,11.5215,0.0432268,0.0333016,0.108485,0.173453,0.0251157,0.0212217,0.0651532,0.110454,0.673125,30.7057,20.6688,0.799574,540.674,
0.778321,11.1758,0.0475242,0.0475216,0.101496,0.183342,0.0264044,0.0255258,0.0602183,0.123352,0.659689,31.3311,20.6688,0.829008,534.833,
0.30045,11.0049,0.230224,0.468533,0.165615,0.773916,0.163972,0.341991,0.0919382,0.666791,0.358611,61.238,21.9606,0.603392,1037.54,

0.759236,8.07594,0.0168181,0.0533597,0.0363628,0.204602,0.0130231,0.0414341,0.0285609,0.145038,0.652899,23.907,15.6089,0.858681,307.467,
0.773266,8.18411,0.0139916,0.0528627,0.0648525,0.186667,0.0147584,0.040037,0.0390341,0.125687,0.625427,24.9572,15.6089,0.822546,315.393,
0.697003,7.58341,0.0278162,0.0932919,0.071696,0.261345,0.0220637,0.0627499,0.048573,0.182398,0.628311,23.9767,15.0648,0.908561,286.19,
0.71247,7.58114,0.00436876,0.0539478,0.0720756,0.245916,0.0135707,0.0302153,0.0476116,0.167594,0.592749,23.5731,13.973,0.870115,277.846,
0.700923,7.39824,0.0498277,0.0495912,0.128988,0.259391,0.0159345,0.0361022,0.0792251,0.182032,0.591245,24.1328,14.2684,0.824764,276.178,
0.745597,7.4882,0.0207293,0.0392425,0.0752828,0.215899,0.00994229,0.0269048,0.0510147,0.149849,0.619987,23.5731,14.615,0.887911,275.343,

0.89369,14.0933,0.0348972,0.0149729,0.0329967,0.0827491,0.0262346,0.00423453,0.0200174,0.0503158,0.722093,33.6116,24.2707,0.797819,710.052,
0.90835,14.3737,0.0220849,0.0375565,0.0726562,0.0773294,0.0127259,0.0213593,0.0493749,0.0533102,0.71974,34.5239,24.8483,0.815355,736.752,
0.856093,13.0308,0.0364941,0.0206737,0.0354591,0.117373,0.0219409,0.00931757,0.0249709,0.0789932,0.697724,30.8142,21.4998,0.799448,603.252,
0.824584,12.3908,0.0271742,0.0369784,0.00843575,0.140904,0.0190184,0.0217674,0.00672997,0.085057,0.662572,30.3298,20.0957,0.772218,561.533,
0.838533,12.9959,0.0012905,0.0188659,0.00802661,0.130502,0.00826364,0.0114892,0.00513874,0.0822459,0.673125,34.3301,23.1084,0.825812,698.371,
0.863371,12.7133,0.0413679,0.0337194,0.0156328,0.114823,0.0270901,0.0195693,0.00786879,0.076605,0.727149,30.3573,22.0743,0.799121,602.835,

0.92816,13.7969,0.0344913,0.0120274,0.0316702,0.0531352,0.0226653,0.00948243,0.0183103,0.0338426,0.77705,31.057,24.1328,0.845848,646.222,
0.87725,13.2806,0.00883061,0.0241229,0.0253752,0.0955377,0.00770706,0.0149799,0.0160336,0.0619764,0.734698,32.7058,24.0289,0.838212,644.971,
0.969193,15.6082,0.0255344,0.01582,0.0186905,0.0239329,0.0162876,0.00856165,0.0153955,0.0152197,0.783885,33.6116,26.3477,0.762948,811.846,
0.884069,12.8583,0.0153785,0.0274259,0.0151553,0.0876819,0.0108602,0.0157172,0.0114059,0.0523302,0.669055,31.4309,21.029,0.781583,580.724,
0.977933,14.4236,0.00450234,0.0185076,0.0220739,0.0130553,0.00199281,0.0103697,0.012238,0.00637124,0.767641,33.6984,25.8683,0.809128,754.274,
0.963073,13.7321,0.0410528,0.0102774,0.00624064,0.031147,0.0225776,0.00566257,0.000759499,0.0228442,0.800227,30.3298,24.2707,0.871041,634.124,

0.338175,6.28554,0.0660419,0.418632,0.0702483,0.670207,0.0388499,0.256169,0.050572,0.482035,0.313105,41.4636,12.9824,0.667403,412.598,
0.363543,5.8865,0.0485842,0.381436,0.0628308,0.638518,0.0321491,0.230134,0.0430894,0.456932,0.298094,35.7353,10.6525,0.697277,308.301,
0.366557,6.49356,0.0593324,0.390834,0.0381133,0.636985,0.033973,0.238068,0.0193756,0.461973,0.325415,39.097,12.7228,0.684832,389.652,
0.356148,6.31109,0.11896,0.383886,0.12118,0.651503,0.0685363,0.234153,0.0825547,0.469529,0.323583,37.6621,12.1868,0.691398,367.542,
0.384992,6.51994,0.168757,0.359006,0.138759,0.6074,0.0998828,0.21252,0.0867272,0.429634,0.317334,40.0927,12.7228,0.68781,386.732,
0.513337,7.03606,0.114926,0.18193,0.14778,0.471888,0.0674846,0.108534,0.0938856,0.332712,0.462986,29.13,13.4868,0.834478,335.418,

0.654646,6.23863,0.0195768,0.0868117,0.0466747,0.313769,0.00632562,0.0444315,0.0462092,0.214479,0.593696,20.527,12.1868,0.907717,210.679,
0.587612,5.82069,0.0130756,0.0997823,0.0807613,0.383179,0.0068164,0.046205,0.0396062,0.260916,0.521665,21.1575,11.0371,0.806281,205.256,
0.49109,5.88949,0.104724,0.204089,0.157682,0.495496,0.0589463,0.108431,0.103976,0.343152,0.433701,23.8284,10.3344,0.804103,233.625,
0.378309,5.58462,0.172715,0.33583,0.190643,0.65826,0.108645,0.228278,0.149703,0.512307,0.332595,27.464,9.13441,0.672996,240.717,
0.583074,5.12006,0.0413529,0.0672944,0.0236861,0.41598,0.0313203,0.0283436,0.00862504,0.315773,0.492548,16.7934,8.27156,0.848478,143.929,
0.351451,4.62989,0.232284,0.385554,0.233276,0.67871,0.152115,0.23637,0.148715,0.515809,0.363526,22.7537,8.27156,0.669904,156.445,

0.377416,6.4501,0.123692,0.384166,0.148575,0.644373,0.073994,0.247322,0.11119,0.498224,0.389084,35.7586,13.9131,0.722449,354.192,
0.381806,6.18964,0.217019,0.39104,0.211113,0.628608,0.135728,0.256575,0.151014,0.464528,0.372033,31.057,11.5542,0.749528,286.19,
0.47338,6.84602,0.0561629,0.226366,0.0292816,0.541297,0.0368862,0.134093,0.0178065,0.415106,0.46094,27.7436,12.7882,0.761758,327.074,
0.261403,5.77705,0.20572,0.550695,0.0953178,0.789779,0.134678,0.38887,0.0322371,0.630878,0.279508,42.6098,11.9098,0.607895,355.443,
0.294707,6.00445,0.275025,0.452935,0.201117,0.745785,0.158608,0.282894,0.103552,0.595984,0.331159,38.4188,12.7228,0.633533,329.16,
0.253515,5.79797,0.240685,0.543535,0.154046,0.788625,0.139302,0.356433,0.0635817,0.632017,0.265509,45.8998,12.1868,0.587723,399.665,

0.442826,5.3767,0.0570081,0.271672,0.0221284,0.54083,0.0358067,0.144849,0.0281275,0.374591,0.385721,26.157,10.0893,0.770143,217.772,
0.456823,5.90167,0.0805663,0.264613,0.0612785,0.528997,0.0432204,0.139308,0.0462168,0.37463,0.429914,27.0431,11.6262,0.81569,271.171,
0.340002,5.51147,0.232398,0.398244,0.197543,0.645403,0.110605,0.20915,0.10297,0.447372,0.346583,33.3375,11.5542,0.656125,261.576,
0.329613,5.22635,0.154323,0.428812,0.109688,0.655644,0.0675167,0.227769,0.0490431,0.445996,0.306786,33.686,10.3344,0.641594,248.226,
0.358304,5.50395,0.190619,0.381619,0.135254,0.621892,0.0946431,0.197023,0.0650736,0.416977,0.32906,32.3724,10.6525,0.712457,278.264,
0.349164,5.55887,0.188499,0.378612,0.122046,0.63682,0.0918855,0.192178,0.053154,0.43243,0.335804,32.6419,10.9613,0.665343,272.006,

0.871379,17.789,0.00141392,0.012381,0.0353923,0.111434,0.00342781,0.00150691,0.0245825,0.0858851,0.764161,45.9861,35.1408,0.840406,1377.13,
0.828346,16.9662,0.00435433,0.0131015,0.0197882,0.146166,0.00630527,0.00299056,0.0122911,0.105002,0.737183,45.4936,33.5371,0.884112,1289.52,
0.850651,17.5353,0.0132269,0.0138218,0.0246286,0.125729,0.005809,0.00521901,0.018578,0.0895575,0.738429,46.1852,34.1045,0.799139,1321.65,
0.8642,17.0767,0.00200637,0.0218919,0.0306091,0.120576,0.00390535,0.0099664,0.02007,0.0926422,0.776213,42.0034,32.6036,0.798069,1179.8,
0.862669,16.2502,0.0142182,0.0239756,0.0216071,0.111797,0.00644743,0.0102841,0.00938021,0.0766624,0.773561,42.6734,33.0105,0.83641,1183.14,
0.813175,16.1463,0.0077894,0.0102857,0.0172325,0.154125,0.00504091,0.000638561,0.00855838,0.10347,0.741081,44.5437,33.0105,0.851493,1232.37,

0.494132,7.14972,0.149016,0.291483,0.159185,0.429109,0.0545901,0.139946,0.0581582,0.259432,0.4159,35.1408,14.615,0.701282,370.462,
0.496962,7.21689,0.157252,0.279265,0.176283,0.419022,0.0574037,0.123304,0.0714567,0.248877,0.424069,35.5245,15.0648,0.714712,376.303,
0.653533,6.61113,0.0661679,0.162445,0.111355,0.263739,0.0282259,0.0746831,0.0713477,0.1426,0.529478,24.0289,12.7228,0.780514,227.367,
0.518122,7.04848,0.148795,0.277906,0.164888,0.400692,0.0592932,0.131726,0.0770931,0.240736,0.455769,31.1776,14.2098,0.729524,320.817,
0.438428,7.31887,0.156057,0.339031,0.187966,0.501005,0.0583542,0.163677,0.0826908,0.316337,0.370173,40.6968,15.0648,0.728988,463.495,
0.426613,7.24987,0.158332,0.35124,0.183904,0.51843,0.0553991,0.179862,0.0729488,0.330492,0.377357,41.0794,15.5016,0.669408,455.568,

0.962873,8.32174,0.00470488,0.00418034,0.0283944,0.0217743,0.00522175,0.0040746,0.0295723,0.0179329,0.833153,19.6124,16.3401,0.978405,270.337,
0.960759,8.26837,0.0155509,0.00575607,0.0103598,0.0250476,0.0138684,0.00978794,0.015398,0.0164586,0.825498,18.9084,15.6089,0.956888,260.325,
0.987399,8.55663,0.0206036,0.0110738,0.0286132,0.00775924,0.0161253,0.0183574,0.0245568,0.0115543,0.811091,20.2714,16.4419,0.955605,278.681,
0.95914,8.48666,0.0108751,0.0143317,0.0258617,0.0182473,0.00934697,0.0183148,0.0177082,0.00888346,0.753874,21.4707,16.1862,0.928336,290.362,
0.949263,8.29638,0.00920871,0.0299927,0.0314657,0.0333552,0.0114601,0.0286584,0.0268201,0.020379,0.793656,20.3945,16.1862,0.952464,264.496,
0.939572,8.19294,0.0146602,0.0388828,0.0346476,0.0448868,0.0110919,0.0307989,0.0274763,0.0356249,0.739124,21.1181,15.6089,0.936919,275.76,

0.903491,10.7387,0.00472764,0.0277031,0.00800198,0.0767907,0.0042306,0.018029,0.00873427,0.0543802,0.752232,29.2444,21.9986,0.911835,498.121,
0.824542,10.328,0.0022611,0.0252032,0.0362482,0.140625,0.00344599,0.0196537,0.0168576,0.0928912,0.716797,28.8349,20.6688,0.8874,499.373,
0.741044,10.1171,0.0266969,0.0518262,0.0479384,0.221994,0.0134501,0.0299917,0.0243231,0.15245,0.647315,32.1785,20.8296,0.876494,537.337,
0.732094,10.266,0.0445646,0.0369428,0.0645622,0.223697,0.0220373,0.0186294,0.0346425,0.148188,0.589079,35.3597,20.8296,0.815437,582.81,
0.770791,10.1653,0.0259254,0.011834,0.0727776,0.187831,0.0129434,0.0117735,0.0384433,0.121897,0.613721,32.744,20.0957,0.872283,549.435,
0.793075,10.2798,0.0167343,0.0295767,0.0612287,0.162519,0.00776468,0.0230544,0.0336527,0.0971476,0.672064,30.8142,20.7091,0.84629,537.754,

0.837468,9.7498,0.0513606,0.123987,0.0802118,0.116894,0.0310238,0.0814415,0.045737,0.0709468,0.642658,28.4269,18.2688,0.847396,404.254,
0.841124,9.48209,0.059637,0.103123,0.0644635,0.102353,0.0308345,0.068402,0.0258385,0.0510608,0.660796,27.1585,17.9463,0.866501,377.554,
0.82435,9.61542,0.0759495,0.112225,0.103855,0.121606,0.043095,0.0637123,0.0584524,0.068716,0.63996,28.0428,17.9463,0.809395,393.824,
0.842894,9.15549,0.0813231,0.0971002,0.11009,0.110781,0.0459127,0.0544853,0.0646846,0.0636458,0.668253,24.7558,16.5431,0.831873,327.492,
0.871509,9.63466,0.107487,0.116275,0.136944,0.0743009,0.0582255,0.0643762,0.0745635,0.0355763,0.669758,26.7951,17.9463,0.871313,374.217,
0.91614,9.84688,0.0494662,0.089932,0.165532,0.0546892,0.0205007,0.0415584,0.0946239,0.0345901,0.662953,25.997,17.2348,0.826735,374.634,

0.928015,13.0328,0.0618761,0.0352449,0.0560402,0.0508022,0.0402883,0.0220025,0.0248968,0.0323334,0.685158,30.6921,21.029,0.79837,562.368,
0.9023,12.1959,0.0404851,0.0287549,0.0400739,0.0675909,0.0194909,0.0254331,0.0172049,0.0349761,0.685994,29.2943,20.0957,0.776675,507.716,
0.886445,11.3424,0.02075,0.0398107,0.0406691,0.0835299,0.0171062,0.0242312,0.0147425,0.0528301,0.662085,28.1393,18.6306,0.731844,453.482,
0.91651,12,0.106252,0.0888082,0.0429113,0.0594878,0.0677319,0.0545895,0.0321241,0.0360278,0.644176,28.9216,18.6306,0.749563,451.813,

0.811976,9.07782,0.0317082,0.0544361,0.0515472,0.159063,0.0183224,0.0359261,0.0427707,0.111004,0.707107,23.7495,16.7934,0.896252,343.762,
0.856798,10.3246,0.0238962,0.0377121,0.0669673,0.11892,0.0160056,0.0186162,0.046248,0.0819216,0.73254,26.0371,19.0732,0.819366,464.746,
0.718835,9.57417,0.0821323,0.0737796,0.0720337,0.2281,0.0464407,0.0302653,0.0334478,0.146257,0.591034,30.3642,17.9463,0.798994,431.788,
0.794384,8.94069,0.0311642,0.0378338,0.016154,0.177544,0.0191026,0.0192357,0.0193183,0.127952,0.683486,23.907,16.3401,0.830161,345.013,
0.840747,9.03178,0.0188662,0.0364282,0.035431,0.138676,0.0115467,0.0198276,0.0297777,0.106201,0.727273,22.4677,16.3401,0.913784,327.909,
0.821399,8.99892,0.025253,0.0326963,0.073408,0.160963,0.013462,0.0188466,0.0388189,0.120004,0.729112,22.6894,16.5431,0.880862,340.424,

0.670694,9.80199,0.166038,0.201559,0.267688,0.287893,0.0994055,0.118515,0.174079,0.196003,0.5,33.5868,16.7934,0.744341,440.132,
0.588449,8.1453,0.0979547,0.0838957,0.124978,0.401904,0.0621116,0.0383167,0.0943287,0.293798,0.469561,29.2444,13.732,0.724887,373.382,
0.541948,9.07637,0.100286,0.0851505,0.166803,0.431299,0.0474895,0.0437113,0.112697,0.291185,0.457417,36.822,16.843,0.712758,504.796,
0.855603,9.14469,0.0351024,0.0420326,0.0695803,0.121884,0.0238916,0.03816,0.0403609,0.0909167,0.707937,23.0813,16.3401,0.912188,340.424,
0.854121,9.66109,0.0198823,0.0226656,0.0373829,0.12304,0.00880879,0.014,0.0247831,0.0855571,0.746593,24.0375,17.9463,0.830431,370.879,
0.838802,8.99514,0.0508824,0.0298113,0.0284343,0.126269,0.0261805,0.0242169,0.00944412,0.0818774,0.664898,23.4756,15.6089,0.88506,317.062,

0.862174,12.5874,0.0376856,0.0231315,0.0411867,0.103973,0.018617,0.018501,0.0250024,0.0622169,0.698119,33.5122,23.3955,0.817892,669.585,
0.897726,13.1172,0.0309201,0.0578725,0.0435931,0.076377,0.0181456,0.0383349,0.0243126,0.0460317,0.73597,33.717,24.8147,0.813854,681.266,
0.802117,14.4437,0.0368796,0.0213215,0.0484748,0.149481,0.0190101,0.0161318,0.0214097,0.0903125,0.661078,41.2214,27.2506,0.739775,940.756,
0.739132,13.8476,0.0635757,0.0785719,0.077118,0.20592,0.0293424,0.0427484,0.0395536,0.127082,0.631488,42.1224,26.5998,0.720495,936.167,
0.753709,13.4008,0.0474548,0.0512046,0.0442195,0.19711,0.0210063,0.0295068,0.0140034,0.12304,0.636396,40.8503,25.997,0.782945,895.7,

0.473911,9.32322,0.167912,0.163976,0.135235,0.546404,0.115533,0.107515,0.073438,0.407538,0.371127,34.2814,12.7228,0.527187,408.426,
0.701315,12.1615,0.0546785,0.0598206,0.0737875,0.274516,0.0411219,0.0478705,0.0547135,0.192836,0.565572,32.3015,18.2688,0.793921,549.435,
0.907377,14.8097,0.0413273,0.0659148,0.110849,0.0811687,0.0284446,0.042081,0.0793039,0.0618812,0.63854,30.8142,19.6761,0.777058,622.026,
0.827151,12.1811,0.0273934,0.0593422,0.236837,0.141211,0.0173466,0.0527057,0.17458,0.0929108,0.572791,27.2506,15.6089,0.757419,426.782,
0.86962,15.4066,0.0285695,0.0438001,0.0517036,0.104069,0.0264608,0.0283019,0.0426421,0.0681829,0.638576,36.469,23.2883,0.740711,722.15,

0.965332,12.1381,0.00278979,0.00609773,0.041905,0.0248882,0.00424342,0.00491657,0.0235522,0.0230741,0.82131,28.4856,23.3955,0.888207,575.301,
0.988973,11.92,0.0116704,0.0282435,0.0409136,0.0118296,0.00711752,0.0208775,0.0228786,0.0138784,0.789115,27.7812,21.9226,0.914103,508.551,
0.961535,11.6119,0.00675143,0.0102417,0.030746,0.0216165,0.00489742,0.00840567,0.0221734,0.00693552,0.779614,26.9736,21.029,0.925113,485.605,
0.937012,11.6947,0.0323589,0.0066088,0.0370739,0.0456368,0.0220127,0.00660051,0.024225,0.0319106,0.807893,27.1355,21.9226,0.931877,525.655,
0.771794,11.3113,0.0132854,0.0403175,0.0486145,0.18645,0.01384,0.0278227,0.0324251,0.123151,0.679543,32.7058,22.225,0.917116,617.019,

0.897505,12.4113,0.0217885,0.0324124,0.0373787,0.088555,0.0152169,0.0225571,0.0198787,0.0663678,0.798584,29.7395,23.7495,0.909894,608.676,
0.737143,9.17145,0.0762175,0.0932142,0.0834987,0.222561,0.0428696,0.0552734,0.0468812,0.151606,0.640431,28.6681,18.3599,0.808203,426.365,
0.639433,9.50712,0.101304,0.157626,0.114043,0.325827,0.0567638,0.0898422,0.0745241,0.227929,0.579013,32.9409,19.0732,0.798143,516.477,
0.870787,11.5014,0.0166742,0.0256799,0.0257769,0.108797,0.00765264,0.0215821,0.0219503,0.0805839,0.723067,29.4647,21.3049,0.833037,563.202,
0.858571,11.6193,0.0121791,0.0281932,0.0243664,0.120344,0.00832174,0.0219329,0.0209774,0.0907913,0.75671,31.7544,24.0289,0.853631,629.952,
0.732276,8.16874,0.108259,0.123011,0.116129,0.217528,0.0571334,0.0669599,0.0617137,0.144801,0.603775,25.8521,15.6089,0.8451,305.381,

0.712416,8.88628,0.0613164,0.0492379,0.111552,0.262012,0.0339367,0.034065,0.0713199,0.1883,0.600812,26.157,15.7154,0.775935,367.124,
0.727291,9.14208,0.0866368,0.0851932,0.183288,0.224891,0.0477415,0.0463162,0.113233,0.152925,0.608272,27.1969,16.5431,0.794008,368.793,
0.952584,10.696,0.0261676,0.0263492,0.047882,0.0327212,0.0126634,0.0230106,0.0250641,0.0171798,0.744097,24.8567,18.4958,0.734308,405.506,
0.742627,9.47983,0.0483405,0.0905307,0.0925436,0.216964,0.0256677,0.0573054,0.0526345,0.144784,0.652117,27.8037,18.1313,0.897484,408.009,
0.755818,9.09396,0.0139404,0.0692283,0.0771592,0.20424,0.00771655,0.0421509,0.0480991,0.133636,0.608086,25.8441,15.7154,0.844689,361.701,
0.915032,10.1504,0.00812659,0.0181196,0.0243938,0.0622654,0.00984007,0.00962047,0.0133722,0.035473,0.715542,26.0371,18.6306,0.875812,420.107,

0.522565,6.57664,0.123701,0.185581,0.107012,0.439222,0.0678708,0.0990985,0.0710738,0.286837,0.409184,26.9736,11.0371,0.733024,246.557,
0.560858,6.39997,0.050294,0.145413,0.0620161,0.410797,0.0305303,0.0882626,0.0569386,0.279905,0.466635,23.6526,11.0371,0.810377,231.539,
0.402944,6.56957,0.228671,0.358763,0.139086,0.561007,0.115206,0.193644,0.0660841,0.354527,0.348618,33.1429,11.5542,0.654443,287.859,
0.529015,6.12996,0.0742052,0.180206,0.0756851,0.43934,0.0430053,0.092538,0.0540433,0.301267,0.431018,23.9767,10.3344,0.763754,210.262,

0.742591,8.8674,0.0251242,0.0614343,0.0618877,0.220405,0.0165228,0.0190079,0.0318368,0.146975,0.593491,26.3001,15.6089,0.733761,357.529,
0.69808,8.38167,0.0617423,0.0608239,0.0268076,0.258758,0.0431645,0.0255926,0.00475761,0.164842,0.637568,24.3137,15.5016,0.779976,328.326,
0.565559,8.24128,0.0891025,0.173105,0.119959,0.389891,0.0408362,0.0903726,0.0759272,0.25675,0.473134,31.9574,15.1201,0.795032,375.885,
0.566434,8.48156,0.105586,0.165012,0.118523,0.396175,0.0478501,0.087009,0.0618479,0.266628,0.498105,33.2121,16.5431,0.811236,422.193,
0.546476,7.23314,0.0229146,0.195557,0.0137574,0.435355,0.0129524,0.126174,0.0255933,0.312571,0.488522,28.6025,13.973,0.794632,320.817,
0.574504,6.79401,0.0546952,0.141339,0.0652861,0.401371,0.0461987,0.0951862,0.0673657,0.282618,0.468057,26.0371,12.1868,0.77284,268.668,

0.890846,15.3491,0.00813627,0.0374092,0.0308142,0.0918806,0.00532273,0.0208436,0.0228951,0.0666018,0.763957,39.0382,29.8235,0.854727,974.548,
0.911914,15.6863,0.0123941,0.0446183,0.0493081,0.075882,0.00656892,0.0242372,0.0376657,0.0555373,0.779267,39.5426,30.8142,0.84673,991.236,
0.887685,16.1094,0.0136915,0.0286797,0.0258999,0.0944369,0.00966044,0.014071,0.0244455,0.0677841,0.778815,41.7643,32.5267,0.832837,1094.28,
0.891174,15.9185,0.0286866,0.0366269,0.0322333,0.0938713,0.0176607,0.0226701,0.024846,0.0680835,0.769605,40.5633,31.2178,0.831512,1080.1,
0.859345,14.6484,0.0242168,0.042008,0.0400553,0.117905,0.0177636,0.0247512,0.032922,0.0839283,0.745506,38.0424,28.3608,0.814347,886.939,
0.886678,15.3165,0.0178116,0.0465374,0.0465552,0.101457,0.0165078,0.0302751,0.0376486,0.0785966,0.78167,39.8002,31.1107,0.835706,1012.1,

