0.761881,9.19089,0.013661,0.0404462,0.112312,0.196643,0.00627039,0.0329486,0.076683,0.129238,0.585298,29.0296,16.991,0.715604,424.696,
0.838769,8.83593,0.0300796,0.131176,0.107478,0.118573,0.0138455,0.0781033,0.0603695,0.0730801,0.56991,25.8441,14.7288,0.763223,311.221,
0.882366,9.38326,0.0493535,0.0779477,0.00848116,0.0918057,0.0353079,0.0552355,0.00829333,0.0588297,0.712396,23.5731,16.7934,0.865566,350.02,
0.556065,8.095,0.0900001,0.211373,0.057209,0.386249,0.0361359,0.111018,0.0220216,0.241539,0.475954,32.7949,15.6089,0.762227,399.248,

0.86991,11.6587,0.0387226,0.0138961,0.0517208,0.103672,0.0224799,0.00988949,0.0389138,0.0698246,0.713276,27.1662,19.377,0.87553,427.199,
0.926234,13.6737,0.0440232,0.0484565,0.0591226,0.0536257,0.0296456,0.0277509,0.0435568,0.0321138,0.738085,29.7535,21.9606,0.846047,578.221,
0.932669,14.1052,0.0388421,0.0397558,0.0588111,0.0485802,0.0246485,0.0266625,0.0417478,0.0263611,0.69843,32.3015,22.5603,0.766592,631.621,
0.955812,15.0805,0.0281899,0.0256921,0.0326304,0.032407,0.0251205,0.0114104,0.0200403,0.020083,0.769151,32.4368,24.9488,0.850368,697.119,

0.810474,8.537,0.0401074,0.0872943,0.0938415,0.133886,0.016162,0.0443522,0.0581155,0.0724292,0.626498,25.836,16.1862,0.882417,328.326,
0.731466,8.38721,0.0503428,0.0885687,0.0809515,0.204059,0.019919,0.0464909,0.0519463,0.118273,0.594996,27.8037,16.5431,0.880895,353.774,
0.775849,8.34413,0.064079,0.0651247,0.0839911,0.177213,0.0332991,0.0388114,0.0473816,0.10862,0.631482,26.0371,16.4419,0.882781,341.676,
0.662346,8.02785,0.0490607,0.142198,0.0609779,0.274945,0.0249452,0.0768486,0.0383347,0.162925,0.546557,30.2678,16.5431,0.811413,375.885,
0.804306,8.5444,0.0656798,0.0770875,0.094058,0.155123,0.0347178,0.0408876,0.0553958,0.0941011,0.664738,24.0375,15.9787,0.878415,325.823,

0.423604,15.6765,0.0905948,0.236909,0.10621,0.608499,0.0550847,0.154408,0.0827355,0.480043,0.379842,72.0635,27.3728,0.666753,1760.95,
0.421285,14.4069,0.0701196,0.221325,0.0867956,0.609012,0.0388886,0.138576,0.0620259,0.474943,0.372728,65.8501,24.5442,0.671645,1476.42,
0.428451,14.5114,0.0317621,0.218339,0.0302986,0.597499,0.0145989,0.133559,0.0338958,0.464259,0.376436,66.2764,24.9488,0.654782,1467.25,

0.834622,6.75883,0.0820432,0.16995,0.114236,0.139564,0.0626093,0.124714,0.0822886,0.0992494,0.663651,15.2027,10.0893,0.870312,154.359,
0.873766,8.4404,0.0419817,0.0779049,0.0556786,0.0972439,0.0260417,0.0625801,0.040159,0.0599098,0.686479,21.0389,14.4428,0.78369,259.073,
0.862887,9.31384,0.0603494,0.114475,0.0525974,0.110495,0.0398879,0.0897179,0.0406867,0.0696482,0.644716,24.2105,15.6089,0.772907,340.842,
0.885282,9.46587,0.0663851,0.113693,0.104144,0.0908499,0.0462537,0.0815699,0.0773642,0.0626353,0.67082,23.8196,15.9787,0.800946,313.307,
0.779784,8.9027,0.0685773,0.0993626,0.0702441,0.186091,0.0440423,0.0707791,0.0415463,0.125786,0.607896,25.8521,15.7154,0.742816,330.412,
0.748664,9.54774,0.0904935,0.0894492,0.149298,0.205997,0.0593148,0.0623157,0.0939297,0.127397,0.566352,28.2133,15.9787,0.755842,387.567,

0.719582,6.7368,0.127789,0.175403,0.199287,0.215117,0.0673265,0.095613,0.130909,0.128484,0.570153,20.5169,11.6977,0.817351,177.304,
0.785392,8.28039,0.105453,0.142023,0.186465,0.16637,0.0618157,0.0798411,0.112564,0.101416,0.622758,24.2793,15.1201,0.847067,282.853,
0.79449,8.31099,0.137441,0.124014,0.212561,0.157217,0.0814421,0.0800197,0.142616,0.09519,0.603492,23.1535,13.973,0.778007,261.159,
0.818456,8.83149,0.159695,0.125841,0.200976,0.143423,0.0959434,0.0698076,0.131947,0.090614,0.583562,24.4505,14.2684,0.816692,305.798,
0.864818,9.14447,0.114635,0.136345,0.205223,0.107993,0.0649606,0.083757,0.136228,0.0724699,0.672617,24.5951,16.5431,0.814405,334.167,
0.774422,7.93591,0.161459,0.193911,0.285875,0.202288,0.117622,0.135516,0.209558,0.144633,0.649873,20.2714,13.1738,0.808594,230.704,

0.73071,9.96619,0.0535488,0.0554473,0.136987,0.220956,0.0263029,0.0497888,0.0758743,0.134764,0.608639,29.4859,17.9463,0.853488,430.537,
0.798231,10.5757,0.0288478,0.069403,0.0423028,0.152183,0.0137912,0.0488311,0.0322463,0.0812589,0.674299,29.1801,19.6761,0.8583,471.838,
0.593683,5.1739,0.139876,0.162738,0.226174,0.393837,0.0841315,0.105287,0.168134,0.296934,0.462061,16.3018,7.53242,0.781412,115.561,
0.734269,11.1141,0.0848207,0.0667077,0.13968,0.201115,0.0452563,0.0293377,0.0857768,0.104822,0.563838,36.6573,20.6688,0.860558,612.43,
0.713365,10.2012,0.0702605,0.126864,0.147824,0.228812,0.0350369,0.0679706,0.0894904,0.139256,0.567733,32.1785,18.2688,0.818146,456.402,
0.900109,12.2648,0.0838883,0.125286,0.0140359,0.0621777,0.0559628,0.0699535,0.00221855,0.0292688,0.59219,35.2415,20.8697,0.747685,605.755,

0.735998,9.26638,0.106033,0.0381321,0.0961325,0.233312,0.0697153,0.0267591,0.0688078,0.161157,0.635685,24.722,15.7154,0.832562,346.682,
0.389699,9.66113,0.0612893,0.292749,0.0515918,0.661645,0.0220384,0.200217,0.056135,0.551086,0.403896,45.2315,18.2688,0.721639,747.599,
0.376126,9.67115,0.0647028,0.308409,0.0221727,0.674025,0.0202445,0.208321,0.0440014,0.559984,0.35781,49.1054,17.5704,0.69548,765.955,
0.397483,9.7518,0.0544066,0.272851,0.0649493,0.649572,0.0124449,0.185892,0.0322791,0.533533,0.394394,45.9725,18.1313,0.741471,756.777,
0.40713,10.1399,0.052278,0.265539,0.06283,0.635325,0.0171467,0.178843,0.0635328,0.520777,0.361289,49.8014,17.9927,0.674139,805.588,
0.390834,9.76503,0.0693284,0.293971,0.0478538,0.649432,0.0388324,0.199759,0.0488209,0.524104,0.398087,50.7926,20.2199,0.678561,814.349,

0.703834,7.31868,0.0952906,0.200317,0.0592484,0.269267,0.065382,0.131824,0.0375331,0.203157,0.552408,20.1164,11.1125,0.771823,195.661,
0.619336,7.78013,0.0883521,0.216372,0.210375,0.354049,0.0522621,0.14115,0.146843,0.249203,0.495497,24.5951,12.1868,0.722538,250.312,
0.804611,8.86047,0.0374168,0.0932664,0.0856537,0.162795,0.0314585,0.0614693,0.056335,0.11538,0.610434,22.4955,13.732,0.799005,278.264,
0.795213,8.92615,0.0767732,0.0670288,0.119015,0.16888,0.0406911,0.0434658,0.0812898,0.116904,0.637962,22.909,14.615,0.774169,285.356,
0.878248,11.1048,0.0756707,0.144032,0.13509,0.093946,0.053899,0.0851541,0.0963352,0.0624143,0.638767,26.9813,17.2348,0.746102,422.61,
0.857691,9.69934,0.0389169,0.0304088,0.0627636,0.116862,0.0256733,0.0155171,0.0378887,0.0759937,0.732634,22.0932,16.1862,0.825499,323.32,

0.898486,8.6708,0.00527827,0.048228,0.12695,0.0876817,0.00746469,0.0259559,0.0820331,0.0699326,0.643116,24.2707,15.6089,0.859559,320.399,
0.941618,8.76783,0.0359535,0.0813909,0.142462,0.0562677,0.0230453,0.0493936,0.0915557,0.0504514,0.734025,19.6761,14.4428,0.899083,281.184,
0.904221,8.13534,0.0697588,0.112401,0.187215,0.0821211,0.0424366,0.0759177,0.123574,0.061204,0.67872,19.1278,12.9824,0.855593,231.539,
0.829845,8.154,0.100566,0.112457,0.154124,0.144862,0.0621876,0.074276,0.107645,0.0999189,0.69857,20.4252,14.2684,0.861478,273.257,
0.906417,8.96495,0.0832112,0.120248,0.164825,0.0700812,0.0527567,0.0705935,0.10861,0.0452405,0.677881,23.2614,15.7684,0.831607,309.135,
0.794227,7.96785,0.0886382,0.0875288,0.214129,0.148113,0.0420144,0.0360308,0.141934,0.0864268,0.622254,22.836,14.2098,0.830891,246.557,

0.407252,6.50734,0.0456944,0.327257,0.0141323,0.57974,0.0117513,0.197954,0.0220105,0.401769,0.371921,36.2626,13.4868,0.746393,391.738,
0.417439,6.52977,0.0670125,0.295467,0.069338,0.573488,0.0234818,0.179723,0.0217458,0.401939,0.379013,33.5682,12.7228,0.732299,362.118,
0.395315,6.66598,0.0870398,0.329366,0.0891234,0.60266,0.0276623,0.203406,0.0349775,0.427409,0.373736,36.7426,13.732,0.688536,428.034,
0.396018,6.64526,0.066382,0.327275,0.0646469,0.597582,0.0318908,0.193177,0.0379268,0.422217,0.361028,36.839,13.2999,0.747527,417.604,
0.40556,6.45874,0.0606842,0.319801,0.0462015,0.5816,0.0180287,0.187105,0.00851296,0.406783,0.369861,35.6183,13.1738,0.725804,385.898,
0.456971,6.75022,0.0453979,0.269876,0.0394363,0.518525,0.0172321,0.16099,0.0208253,0.349829,0.381254,34.8846,13.2999,0.749487,358.363,

0.82989,13.5152,0.0719432,0.109613,0.165153,0.129057,0.046049,0.0696849,0.106052,0.0777564,0.699952,35.2593,24.6798,0.84547,793.489,
0.786987,13.1004,0.0378046,0.096652,0.14265,0.173064,0.0220395,0.0610633,0.0941918,0.110716,0.706015,36.7766,25.9649,0.885602,787.232,
0.712436,12.7854,0.0373014,0.0943333,0.133807,0.240189,0.021575,0.0583446,0.0839781,0.151469,0.645618,39.4634,25.4783,0.88821,842.717,
0.666161,12.2695,0.0245621,0.0966995,0.15062,0.291721,0.0116667,0.0593685,0.101085,0.189378,0.630431,39.5742,24.9488,0.888755,802.25,
0.730056,12.9123,0.0660404,0.0882231,0.227566,0.221521,0.0344849,0.0545685,0.145997,0.137489,0.582923,41.2214,24.0289,0.786101,835.208,
0.814067,11.4515,0.0677537,0.0410985,0.0209067,0.146777,0.0426982,0.03053,0.0185047,0.0926074,0.620052,32.61,20.2199,0.886922,565.288,

0.889361,9.29297,0.0529359,0.00531466,0.0345844,0.0892297,0.0340466,0.0086498,0.0262872,0.0596512,0.696596,22.5603,15.7154,0.84252,322.068,
0.887096,8.44716,0.0315129,0.0312846,0.0354281,0.0952269,0.0246358,0.0316636,0.0171694,0.0655378,0.738818,19.5485,14.4428,0.818937,261.993,
0.869603,8.48097,0.0343536,0.0696574,0.0988245,0.111175,0.0187814,0.050335,0.0600743,0.0763979,0.703703,19.7713,13.9131,0.810204,257.404,
0.836688,8.08662,0.072243,0.079653,0.0953948,0.13928,0.0438673,0.0661731,0.0639525,0.0973562,0.648042,20.0333,12.9824,0.82698,229.036,
0.941094,9.58657,0.0338447,0.0519853,0.029637,0.0531114,0.015975,0.0308332,0.0120795,0.0418149,0.674368,22.4212,15.1201,0.749363,312.89,
0.711316,8.19853,0.0507499,0.0430531,0.07691,0.252289,0.0348105,0.0273844,0.0446401,0.16666,0.565685,23.2883,13.1738,0.831003,285.356,

0.873104,9.85222,0.0261902,0.0803437,0.0224573,0.0955916,0.0114806,0.0418958,0.0192266,0.0614133,0.651197,28.6098,18.6306,0.800138,419.273,
0.922193,9.80101,0.0095044,0.0406599,0.00764333,0.0626825,0.00587116,0.0249424,0.00441902,0.0475652,0.726912,25.1321,18.2688,0.889496,394.659,
0.883776,9.7333,0.0479103,0.0438865,0.0244475,0.0898445,0.0265654,0.0310072,0.0180288,0.0576697,0.680367,24.7558,16.843,0.73352,410.929,
0.883845,9.90334,0.0327026,0.0545139,0.0922736,0.0881416,0.0241265,0.036179,0.0598526,0.05851,0.697108,26.9813,18.8089,0.81981,429.702,
0.865405,9.54111,0.0344949,0.0148818,0.0101604,0.110477,0.0163233,0.0149131,0.00823398,0.0808278,0.736587,24.5527,18.0852,0.843179,373.799,
0.850749,10.8394,0.0487473,0.0428466,0.0859587,0.0928326,0.0217707,0.0239957,0.0409297,0.0526173,0.555355,37.5789,20.8697,0.58148,566.54,

0.842051,8.51885,0.0401597,0.0464381,0.0204408,0.124597,0.026817,0.0280276,0.0109355,0.0731759,0.679775,21.4998,14.615,0.845565,282.018,
0.824313,8.70327,0.0291494,0.0287301,0.102634,0.149783,0.0224244,0.0187375,0.0724083,0.102472,0.687745,23.907,16.4419,0.791316,336.253,
0.88197,8.51881,0.0343877,0.0530973,0.0316664,0.0995996,0.0259222,0.0302898,0.0235804,0.0705759,0.714366,21.0884,15.0648,0.9139,276.595,
0.891722,9.03393,0.0507554,0.0492733,0.0735774,0.0850722,0.0278203,0.0346343,0.052608,0.0506076,0.705577,21.9701,15.5016,0.787103,315.81,
0.689048,8.24503,0.105184,0.112508,0.173593,0.264034,0.063704,0.0607125,0.109748,0.165559,0.585309,26.5763,15.5553,0.821171,345.013,
0.80363,8.45955,0.0660133,0.0969911,0.112648,0.161496,0.0441104,0.0527373,0.0699555,0.10439,0.613347,23.8284,14.615,0.808398,294.951,

0.654388,8.1718,0.0895124,0.102157,0.130772,0.301993,0.0402245,0.0552933,0.0691041,0.203556,0.55137,28.3093,15.6089,0.819383,343.762,
0.607911,8.02555,0.146577,0.158812,0.178471,0.339753,0.0706328,0.0860474,0.107936,0.219899,0.466155,31.5963,14.7288,0.770566,345.013,
0.708904,8.65769,0.112263,0.0806809,0.183884,0.242525,0.0565171,0.0488299,0.10347,0.156267,0.539195,29.2444,15.7684,0.79723,358.781,
0.752832,8.6212,0.121602,0.0776029,0.14968,0.205646,0.0680479,0.0432616,0.0834469,0.14257,0.573628,28.4856,16.3401,0.810574,343.762,

0.675428,8.67904,0.0316925,0.0586693,0.0893119,0.274857,0.0120599,0.02739,0.0434098,0.180109,0.539079,30.0257,16.1862,0.810288,387.984,
0.689813,9.07932,0.0178751,0.0363145,0.105128,0.27775,0.00840637,0.0260964,0.061214,0.196623,0.560954,30.0257,16.843,0.749401,413.015,
0.696249,8.62642,0.0324517,0.0557819,0.0884121,0.271172,0.010434,0.0371608,0.0510168,0.195774,0.574569,27.1662,15.6089,0.86188,347.517,
0.710358,9.28768,0.0391103,0.0814966,0.116058,0.237174,0.0180764,0.0511091,0.0642249,0.154035,0.577749,30.0812,17.3794,0.839046,411.346,
0.842594,10.6834,0.109405,0.117124,0.0806137,0.122531,0.0566793,0.0694141,0.040741,0.0814128,0.611348,30.2541,18.4958,0.764653,453.482,

0.817424,9.98763,0.0229047,0.0265334,0.0433254,0.156063,0.0142107,0.0190041,0.028107,0.106489,0.780256,26.4898,20.6688,0.915546,460.991,
0.803225,9.84869,0.0342845,0.0275373,0.0498541,0.165353,0.0215781,0.0210695,0.0310758,0.112266,0.718776,27.1969,19.5485,0.968408,431.788,
0.780186,9.76305,0.0502553,0.0625367,0.0718048,0.181956,0.029522,0.0397929,0.0447725,0.124402,0.632456,30.3642,19.204,0.890539,439.715,
0.780023,9.75352,0.04395,0.0426103,0.0652021,0.185116,0.0199499,0.0260382,0.0443337,0.126758,0.637721,30.3848,19.377,0.878179,444.304,
0.754896,9.71009,0.0369042,0.0755518,0.0778191,0.204547,0.016743,0.0476955,0.0485023,0.138137,0.613076,31.1107,19.0732,0.847854,440.132,
0.707639,9.70868,0.0577788,0.073005,0.0938895,0.245799,0.0309671,0.0433895,0.0584803,0.156218,0.614295,31.5435,19.377,0.880757,477.262,

0.975572,6.81987,0.00495634,0.0658184,0.0687143,0.0423624,0.0110599,0.0529967,0.0515404,0.0498865,0.701646,18.7756,13.1738,0.968163,194.826,
0.949946,6.74722,0.0148536,0.0365726,0.0382043,0.0186105,0.0068042,0.0320303,0.032067,0.0162019,0.735215,17.5704,12.918,0.922354,189.82,
0.915643,6.35009,0.0152824,0.0556024,0.056845,0.0452208,0.001916,0.0425976,0.0360135,0.0171057,0.707107,17.2348,12.1868,0.934277,168.543,
0.912912,6.5507,0.0104796,0.0283438,0.00802062,0.0668093,0.0106146,0.0328369,0.0109515,0.0462338,0.75539,17.1011,12.918,0.956588,185.648,
0.933178,6.41799,0.0293344,0.00677201,0.0511894,0.0570291,0.0267279,0.0129378,0.041185,0.0542075,0.773952,15.8344,12.2551,0.963146,177.304,
0.854759,6.91498,0.0101812,0.0230586,0.0949667,0.133023,0.0210946,0.0282744,0.0849381,0.118463,0.759157,17.1011,12.9824,0.971902,190.654,

0.907288,8.78054,0.0102193,0.018849,0.0368371,0.0660542,0.00599344,0.0108378,0.0245576,0.0354632,0.793781,21.7122,17.2348,0.940087,323.32,
0.913214,8.99115,0.0157821,0.0292602,0.0201187,0.0659835,0.00995561,0.0261823,0.0118314,0.0413487,0.763855,22.2437,16.991,0.989136,337.921,
0.89582,8.95258,0.0259285,0.0217431,0.0342594,0.0827561,0.0123559,0.0120917,0.0208157,0.0546594,0.726957,23.907,17.3794,0.895609,343.345,
0.917479,9.02402,0.0166246,0.0231986,0.00433295,0.0663755,0.00799371,0.01994,0.00517202,0.0450271,0.766052,22.9363,17.5704,0.994513,333.749,
0.907137,9.1476,0.0061039,0.0165611,0.037511,0.0718254,0.00972924,0.0111087,0.0216134,0.0446277,0.811605,22.1121,17.9463,0.914507,348.768,
0.878566,8.94854,0.0051584,0.0245775,0.0096621,0.0996629,0.00574385,0.024224,0.00799271,0.0671926,0.783996,22.8908,17.9463,0.932347,346.265,

0.982552,10.1666,0.0103956,0.00477067,0.0344233,0.0125678,0.00923247,0.00231587,0.0230081,0.0088172,0.787839,24.5951,19.377,0.929101,402.168,
0.940104,9.83829,0.00100025,0.00833551,0.0523878,0.0450455,0.00147699,0.00137284,0.0351846,0.0296341,0.808195,24.0289,19.42,0.873501,403.837,
0.927753,9.82617,0.0117289,0.0250004,0.0183816,0.0569401,0.00858003,0.0184064,0.0116757,0.0410391,0.770252,24.9321,19.204,0.856507,397.579,
0.92925,9.76121,0.025386,0.030255,0.0431524,0.0556002,0.0169077,0.0195105,0.0249001,0.0380912,0.751116,24.3222,18.2688,0.916554,378.388,
0.901448,9.57938,0.0336241,0.038295,0.0805024,0.0764777,0.0187704,0.0198685,0.0506352,0.0520281,0.747043,24.2707,18.1313,0.904897,356.278,
0.873296,9.35257,0.0266522,0.0305598,0.0551204,0.102417,0.0187934,0.0226539,0.0443722,0.0689969,0.768252,23.8983,18.3599,0.949369,357.112,

0.901751,8.15941,0.00956633,0.011946,0.0514667,0.0760297,0.00510044,0.0144508,0.030603,0.0500505,0.79847,19.5485,15.6089,0.874948,274.509,
0.930907,8.14041,0.0126885,0.0243218,0.0452548,0.0481682,0.00915712,0.0106607,0.0288512,0.0282319,0.767354,20.2714,15.5553,0.871762,272.84,
0.959361,8.25957,0.0148077,0.0221879,0.0255428,0.0276875,0.0092738,0.0130384,0.0184474,0.0156853,0.733903,20.527,15.0648,0.91696,272.006,
0.926548,8.23366,0.0242854,0.0129832,0.0319395,0.0581024,0.0145694,0.00463985,0.021605,0.0400795,0.720494,21.6641,15.6089,0.853069,280.35,
0.907275,8.0454,0.0104244,0.0477609,0.0306085,0.0780227,0.014061,0.0247943,0.0195697,0.0549348,0.74027,20.4252,15.1201,0.834982,276.178,
0.872611,7.70708,0.0240703,0.0202463,0.0184503,0.0904207,0.0152754,0.0238858,0.00817172,0.0492803,0.701646,20.8296,14.615,0.969626,253.65,

0.39958,7.02749,0.0789779,0.330464,0.0258214,0.581905,0.0365321,0.190008,0.00251094,0.404943,0.320717,45.0327,14.4428,0.669678,432.206,
0.353296,6.85393,0.0793208,0.386641,0.0425426,0.638401,0.0279384,0.223097,0.00982223,0.454442,0.282775,51.0751,14.4428,0.622772,471.838,
0.320288,6.41124,0.0820831,0.428807,0.0599033,0.679792,0.0296966,0.244689,0.0229399,0.486631,0.263095,52.1942,13.732,0.608194,482.268,
0.330025,6.6299,0.108223,0.40077,0.0502189,0.676019,0.0456309,0.230103,0.0113701,0.492588,0.268119,50.3015,13.4868,0.590761,476.845,
0.410803,7.19699,0.158071,0.276374,0.116106,0.594351,0.0785745,0.167917,0.0613796,0.43866,0.334486,41.054,13.732,0.687043,438.463,
0.415379,7.8353,0.170633,0.230478,0.128793,0.613956,0.101048,0.137119,0.0829554,0.47667,0.36916,39.59,14.615,0.742347,484.354,

0.587481,6.50385,0.0724371,0.152357,0.08091,0.36928,0.0357139,0.1031,0.0401681,0.244576,0.434398,26.764,11.6262,0.720625,239.882,
0.749304,6.79718,0.00560259,0.0719129,0.0699766,0.202835,0.00669475,0.0287881,0.0417676,0.125995,0.519491,21.2461,11.0371,0.784906,196.495,
0.653158,6.12863,0.0769128,0.077679,0.032936,0.316029,0.061813,0.0509652,0.0256025,0.21779,0.558681,18.6418,10.4148,0.895185,180.642,
0.819466,7.18783,0.0146641,0.00548979,0.02105,0.15128,0.0103335,0.007991,0.0189929,0.0973796,0.735501,17.9114,13.1738,0.896487,216.937,

0.654925,7.82265,0.0286076,0.0608101,0.104213,0.317253,0.0290361,0.027428,0.0716442,0.223264,0.518128,22.2999,11.5542,0.824052,243.22,
0.80757,7.61887,0.122506,0.0770142,0.174754,0.1649,0.0926242,0.046572,0.11932,0.119246,0.514139,18.2916,9.40445,0.714371,176.887,
0.832422,11.1338,0.0557553,0.0971523,0.0528536,0.137969,0.0310954,0.0593906,0.0298428,0.0947716,0.653546,27.9534,18.2688,0.824732,420.107,
0.838718,11.1095,0.0330292,0.0203796,0.144271,0.138649,0.0155812,0.00889958,0.0926246,0.0994147,0.68257,26.2922,17.9463,0.751588,421.359,

0.543618,6.34535,0.149408,0.0826688,0.240597,0.455727,0.0925239,0.0441169,0.169111,0.337186,0.424734,21.9321,9.3153,0.770364,190.654,
0.658333,7.9523,0.106022,0.0713862,0.0606566,0.332294,0.101999,0.0958508,0.0692059,0.264857,0.405813,21.3538,8.66566,0.522815,237.796,
0.879529,10.6911,0.0489913,0.0660748,0.101285,0.0799796,0.030327,0.0398003,0.061882,0.0374035,0.653148,26.3872,17.2348,0.779126,369.628,
0.935487,9.28951,0.0578135,0.0350926,0.0461201,0.0478695,0.0387064,0.0241509,0.0301141,0.0288979,0.694914,19.7607,13.732,0.766495,244.889,
0.922784,11.231,0.0850879,0.0872559,0.180029,0.0630425,0.0490901,0.0578589,0.112313,0.0428713,0.609588,26.5527,16.1862,0.766483,377.971,

0.592324,7.59324,0.0183616,0.103633,0.0392931,0.387163,0.014109,0.0685044,0.0402146,0.27948,0.5236,27.2506,14.2684,0.851983,340.842,
0.544633,7.46289,0.0243706,0.158054,0.0196436,0.442569,0.0124249,0.102523,0.0215233,0.319044,0.515869,28.5514,14.7288,0.776999,367.959,
0.54725,7.80513,0.0634009,0.137906,0.0432191,0.429235,0.0380422,0.0836886,0.0538472,0.305734,0.466658,33.2184,15.5016,0.74742,380.474,

0.80926,6.8006,0.040164,0.142829,0.0704127,0.159939,0.0247662,0.0911579,0.0489619,0.114096,0.535244,17.5704,9.40445,0.741485,159.365,
0.960221,9.48335,0.0294896,0.0985088,0.0505504,0.0292108,0.0233923,0.0736358,0.0438809,0.0337167,0.665512,21.9606,14.615,0.817721,289.11,
0.879324,8.64553,0.0340336,0.134119,0.0506305,0.116289,0.0198996,0.102992,0.0496647,0.105824,0.708253,19.6443,13.9131,0.835987,249.061,
0.842743,8.52974,0.0223886,0.0222005,0.109723,0.158064,0.0101912,0.0313487,0.0989701,0.142969,0.678137,19.6124,13.2999,0.87468,256.987,
0.814628,8.48842,0.0190959,0.0783252,0.0564105,0.174992,0.0213966,0.0613684,0.0665719,0.150487,0.664552,21.4707,14.2684,0.767345,250.312,
0.848875,8.02073,0.0441594,0.112845,0.0847042,0.13811,0.040644,0.0872799,0.0702175,0.110329,0.69098,17.7358,12.2551,0.888105,203.17,

0.656598,9.55488,0.0892697,0.164507,0.192363,0.290297,0.0448428,0.0936723,0.114732,0.182657,0.553594,30.6921,16.991,0.804417,396.327,
0.769701,11.3563,0.076913,0.143112,0.172514,0.189592,0.0528651,0.0944541,0.109352,0.12783,0.576701,30.467,17.5704,0.726586,480.599,
0.57356,9.63058,0.0181931,0.0886635,0.0733376,0.4102,0.0236498,0.0520927,0.0431118,0.293983,0.509544,32.0681,16.3401,0.778647,474.341,
0.625634,10.0493,0.023709,0.0609896,0.067839,0.345972,0.00745403,0.0374779,0.0380978,0.243003,0.536408,31.6755,16.991,0.844038,473.507,
0.681188,10.7614,0.0257929,0.0542195,0.0394885,0.295237,0.018006,0.0344093,0.017627,0.214802,0.603566,30.4191,18.3599,0.850925,503.127,
0.490074,10.1676,0.0853435,0.197167,0.0589875,0.496914,0.0424975,0.110505,0.0153353,0.35649,0.416777,41.5841,17.3313,0.731695,599.08,

0.901139,8.65687,0.0384844,0.0350154,0.048519,0.0810068,0.0228711,0.018248,0.0283416,0.0546709,0.723606,19.7185,14.2684,0.794107,249.061,
0.974208,9.23552,0.0254562,0.0261065,0.0288667,0.0279669,0.0137348,0.0134543,0.0215018,0.0267139,0.75082,20.0645,15.0648,0.891559,265.331,
0.894142,8.8822,0.0438142,0.0148535,0.0883264,0.0825212,0.0274861,0.00792558,0.0604085,0.0591274,0.671619,21.1575,14.2098,0.837274,266.165,
0.75975,8.31454,0.04898,0.0564216,0.0429894,0.196621,0.0310236,0.037477,0.0260593,0.128014,0.599894,22.8908,13.732,0.826583,271.589,
0.851282,9.26022,0.0350924,0.0562107,0.0968249,0.122869,0.0241684,0.0498982,0.065405,0.0883806,0.691811,21.8559,15.1201,0.859123,301.626,
0.939169,10.5152,0.00772405,0.0657866,0.0878084,0.0461325,0.010629,0.0360266,0.0566401,0.0360981,0.698824,24.3137,16.991,0.735329,341.676,

0.902186,11.8689,0.0627251,0.0557502,0.0899788,0.076077,0.0465382,0.0407998,0.0617095,0.0525177,0.706907,27.1662,19.204,0.78816,455.985,
0.824742,11.2973,0.044306,0.0980026,0.0623268,0.147304,0.0297809,0.0643354,0.0483966,0.106781,0.647806,28.5514,18.4958,0.787071,448.059,
0.731364,10.3688,0.0282988,0.045264,0.109536,0.23546,0.0171016,0.033291,0.0770737,0.160292,0.547957,28.4856,15.6089,0.715012,418.021,
0.785156,10.6335,0.0330119,0.0790936,0.111437,0.17547,0.0220774,0.0588443,0.0811336,0.117643,0.666461,26.005,17.3313,0.822994,411.763,
0.906739,11.4247,0.092722,0.0599148,0.0264871,0.0558613,0.0533768,0.0433866,0.0284628,0.0201531,0.719806,24.9321,17.9463,0.793469,420.107,
0.830367,13.404,0.0705579,0.0907657,0.082206,0.131935,0.040786,0.0605541,0.0452014,0.0870515,0.551433,35.7586,19.7185,0.704113,641.216,

0.535877,10.939,0.0580092,0.12465,0.137728,0.462356,0.0334953,0.0675117,0.0905933,0.346714,0.527817,39.2354,20.7091,0.798649,711.304,
0.516731,9.42514,0.0654468,0.189973,0.177713,0.463048,0.0277686,0.113372,0.112061,0.31833,0.519004,34.5783,17.9463,0.752591,516.477,
0.566857,9.74095,0.0134087,0.124357,0.110778,0.41433,0.00310194,0.074964,0.080106,0.293469,0.554804,33.3375,18.4958,0.855118,523.152,
0.582582,10.1811,0.0458504,0.0655735,0.103154,0.406659,0.0246712,0.0316113,0.0733393,0.300114,0.51908,34.6626,17.9927,0.800893,549.852,
0.678599,11.3342,0.0505998,0.0317664,0.153007,0.292548,0.0284359,0.00543075,0.10701,0.205854,0.583751,35.4069,20.6688,0.784269,623.694,
0.955471,9.88598,0.0299391,0.0428828,0.0700614,0.0308728,0.0204445,0.0304307,0.0409578,0.0170953,0.756241,22.4677,16.991,0.893009,335.001,

0.90006,6.87748,0.0218573,0.0528551,0.0489189,0.0752158,0.011945,0.0336724,0.0293795,0.0561312,0.746486,17.3914,12.9824,0.982098,188.568,
0.928399,6.91288,0.0216807,0.0454632,0.0396474,0.053273,0.0243487,0.0366049,0.0384631,0.0401893,0.788377,16.4673,12.9824,0.989929,185.648,
0.950215,7.1153,0.0302182,0.0232814,0.00990366,0.0390795,0.0254061,0.0272048,0.00143574,0.0294467,0.784465,17.7358,13.9131,0.993229,197.747,
0.934692,7.19478,0.0218735,0.0248859,0.0100171,0.0559295,0.0134834,0.0239445,0.0141882,0.0448116,0.770655,18.1313,13.973,1.02021,201.084,
0.944582,7.13268,0.0130513,0.0546578,0.0713734,0.0329945,0.0154984,0.0453596,0.0418385,0.0242943,0.693487,18.9965,13.1738,0.923545,200.667,
0.989875,7.2,0.0188285,0.0349366,0.0520317,0.0126117,0.0100739,0.0306828,0.0404745,0.0140927,0.795727,16.5557,13.1738,0.942506,191.489,

0.754507,4.77707,0.150355,0.0587685,0.0461842,0.209882,0.089249,0.0313044,0.0206396,0.137149,0.594635,12.2891,7.30752,0.898929,83.0202,
0.919084,5.41299,0.141514,0.19352,0.131279,0.0563595,0.0871257,0.129316,0.107705,0.034189,0.546781,12.7228,6.95656,0.829582,82.1858,
0.918983,5.82527,0.153035,0.0205121,0.0993998,0.0593763,0.107768,0.0259976,0.0665128,0.0326526,0.597022,12.9824,7.7508,0.785473,99.7076,
0.698053,5.33102,0.0552308,0.141837,0.168841,0.270757,0.0152583,0.0685414,0.12631,0.19408,0.504844,15.3529,7.7508,0.814513,105.548,
0.875128,7.12346,0.0839256,0.0342828,0.112355,0.0870068,0.0598637,0.0143894,0.0688644,0.0388064,0.643438,16.1862,10.4148,0.861587,160.617,
0.847239,6.97163,0.022064,0.0401582,0.030829,0.12647,0.0122232,0.0368026,0.0252567,0.0839602,0.683284,16.2633,11.1125,0.923065,165.206,

0.976784,12.0723,0.0421995,0.0472963,0.0476063,0.0203862,0.0252748,0.03531,0.0319603,0.0226619,0.755725,27.8262,21.029,0.831594,483.937,
0.98591,12.5374,0.0257278,0.0411105,0.0717656,0.0178336,0.0205635,0.0323694,0.0462777,0.0220537,0.73551,28.806,21.1871,0.721524,521.901,
0.9844,12.1541,0.0199413,0.0503347,0.062128,0.0144708,0.0122334,0.0337686,0.0323509,0.0224546,0.704873,29.3227,20.6688,0.760989,497.704,
0.924161,11.615,0.0108429,0.0474556,0.0334545,0.0591337,0.00481186,0.0330846,0.0302896,0.0376946,0.739205,27.9608,20.6688,0.834897,472.255,
0.971015,11.8016,0.0123526,0.0261395,0.0514743,0.022024,0.00344176,0.0250164,0.0391557,0.0177966,0.779561,26.5134,20.6688,0.824795,462.66,
0.923056,11.2566,0.018816,0.012423,0.0291315,0.0605478,0.00203334,0.0144812,0.0225477,0.0416733,0.788485,25.4865,20.0957,0.842294,449.727,

0.754709,11.2632,0.0664579,0.0500958,0.127286,0.217445,0.0460277,0.0241239,0.0962002,0.153532,0.582786,30.7939,17.9463,0.770368,479.765,
0.679415,12.0741,0.00998481,0.0777587,0.128571,0.299634,0.00225844,0.0431261,0.0877229,0.221407,0.546394,35.5421,19.42,0.70677,630.369,
0.66412,11.6707,0.0186838,0.0670759,0.0964085,0.313682,0.00722029,0.0385743,0.0667567,0.223741,0.535629,36.1762,19.377,0.723432,609.927,
0.613602,10.9343,0.0494555,0.0717854,0.112141,0.367782,0.0345318,0.0329423,0.0758136,0.270099,0.523087,35.0992,18.3599,0.763383,573.215,
0.642262,11.0079,0.0240929,0.0319397,0.105842,0.329253,0.0205157,0.0106908,0.0742282,0.228799,0.542326,33.686,18.2688,0.734995,552.355,
0.653397,13.1073,0.0450129,0.055983,0.0642306,0.32737,0.0280798,0.0313881,0.0407777,0.246751,0.525424,40.6968,21.3831,0.734512,795.575,

0.875473,8.66508,0.0274654,0.0277731,0.0586248,0.0922363,0.0190332,0.0205697,0.0306974,0.0610656,0.693006,22.7537,15.7684,0.923373,307.049,
0.902489,8.80005,0.0198875,0.0332446,0.0671582,0.0755241,0.0150975,0.0231237,0.0362167,0.05307,0.712396,23.5731,16.7934,0.919332,317.896,
0.949694,9.1747,0.0218562,0.0423181,0.0727851,0.0350565,0.0153779,0.0283181,0.0384627,0.018125,0.744341,22.8269,16.991,0.874139,329.578,
0.923069,8.94244,0.0352087,0.0346999,0.017029,0.0502162,0.0202376,0.0300775,0.00331792,0.0239893,0.744179,24.1155,17.9463,0.938386,329.16,
0.877914,8.99924,0.0216476,0.0226378,0.0565173,0.0897212,0.0154718,0.0176943,0.0371188,0.0508733,0.688021,25.1901,17.3313,0.89737,351.271,
0.919168,9.54113,0.0285281,0.0823123,0.0715832,0.0629905,0.0159223,0.0478576,0.047871,0.046019,0.697901,25.7146,17.9463,0.872463,375.051,

0.873209,7.12623,0.0550831,0.0547301,0.06277,0.105634,0.0394735,0.0360759,0.043185,0.0727529,0.640416,18.597,11.9098,0.835924,188.568,
0.896167,7.19654,0.0496802,0.0403278,0.0213221,0.0769821,0.0326647,0.0351465,0.0187726,0.0399103,0.738717,17.4871,12.918,0.938811,190.237,
0.882341,7.2516,0.0117413,0.00973409,0.056274,0.0976668,0.0101669,0.0170336,0.0346176,0.0592583,0.774962,17.162,13.2999,0.899606,202.336,
0.907911,7.71792,0.0207582,0.0279284,0.0526857,0.0548066,0.00447286,0.0292584,0.036408,0.0114965,0.706716,19.4308,13.732,0.921424,221.526,
0.916586,7.79395,0.0207326,0.0351969,0.0231384,0.0605869,0.016998,0.0270207,0.00974398,0.0384983,0.716199,18.8311,13.4868,0.876034,229.87,
0.941705,8.10626,0.00771978,0.0332776,0.0404598,0.0496628,0.00838477,0.0164707,0.0260479,0.0349708,0.766965,18.8311,14.4428,0.8704,232.79,

0.651577,9.60745,0.0430234,0.119041,0.129838,0.304016,0.0280604,0.0683465,0.0763076,0.198533,0.557816,27.8861,15.5553,0.710644,413.849,
0.650535,9.68818,0.0487184,0.127602,0.131411,0.299509,0.0209255,0.0728374,0.0778066,0.187296,0.489766,32.0876,15.7154,0.71076,432.206,
0.65265,9.98768,0.0275474,0.111671,0.132446,0.29789,0.0123042,0.071846,0.0858795,0.185525,0.570709,30.1988,17.2348,0.793829,475.593,

0.897671,7.30465,0.0479074,0.0694859,0.0595094,0.0684356,0.0396698,0.0529138,0.0500762,0.042191,0.746753,17.6415,13.1738,0.918416,209.428,
0.944837,7.53044,0.0187604,0.0446135,0.0683616,0.0491812,0.0134592,0.0381118,0.0486658,0.0451179,0.741333,17.162,12.7228,0.881878,211.097,
0.954954,7.50853,0.0247447,0.104985,0.0443778,0.0231379,0.021855,0.0712777,0.0415764,0.0205848,0.726708,17.8647,12.9824,0.951192,199.832,
0.917816,7.54487,0.0355526,0.0631063,0.0576886,0.0525412,0.0341412,0.0554585,0.0340144,0.030584,0.694914,19.7607,13.732,0.845293,226.95,
0.936093,7.61936,0.0331878,0.073563,0.0612741,0.0443989,0.0261251,0.0579338,0.0404453,0.0338946,0.764931,18.1887,13.9131,0.912925,223.612,
0.870267,7.38312,0.0234229,0.0987125,0.0982188,0.0938121,0.0180667,0.0679642,0.0653091,0.0679325,0.69486,20.0229,13.9131,0.865051,219.857,

0.897599,7.95264,0.0144621,0.0105244,0.0471824,0.0744101,0.0143609,0.0060579,0.0373326,0.0435463,0.715061,19.204,13.732,0.951022,227.784,
0.881806,8.12272,0.0572906,0.0523094,0.0915148,0.0919668,0.0418337,0.0275354,0.0616305,0.0613244,0.675725,21.029,14.2098,0.8419,246.557,
0.981324,8.32104,0.016104,0.0234043,0.0650648,0.0174944,0.0137477,0.00977756,0.0351246,0.0271699,0.782154,16.843,13.1738,0.90047,213.182,
0.921995,8.26291,0.0489119,0.0229848,0.073899,0.0558159,0.026325,0.0116789,0.0488499,0.0312162,0.708283,19.3878,13.732,0.864747,230.287,
0.942682,8.59883,0.0405446,0.0131758,0.0310813,0.0446363,0.0260507,0.0159626,0.0147839,0.0317984,0.697486,20.0333,13.973,0.811798,258.239,
0.911346,8.27377,0.0681039,0.00694271,0.0968293,0.0677837,0.046769,0.00958072,0.0596363,0.0430565,0.709766,19.6867,13.973,0.860274,244.471,

0.925371,10.5262,0.0591859,0.0484289,0.0851246,0.0544267,0.0361442,0.0320169,0.0514751,0.0350736,0.726708,25.2645,18.3599,0.87134,395.076,
0.798672,10.1381,0.0296701,0.0381168,0.070359,0.168825,0.0142193,0.0251035,0.0447927,0.117802,0.681098,27.6155,18.8089,0.9162,422.61,
0.732236,9.77302,0.108761,0.0472142,0.0630067,0.228745,0.0643199,0.0260632,0.033252,0.154465,0.634938,29.13,18.4958,0.828257,430.12,
0.718333,9.9616,0.0447092,0.0545627,0.0463098,0.242577,0.0290098,0.0301028,0.0316186,0.164644,0.627352,29.2658,18.3599,0.881056,469.752,
0.767,10.3192,0.0303647,0.0187507,0.026487,0.199823,0.0199471,0.0120238,0.0248096,0.135938,0.673905,27.6457,18.6306,0.8912,455.568,
0.862859,11.0114,0.0571831,0.0777967,0.0339111,0.110431,0.0356516,0.0481877,0.0292111,0.0778626,0.65752,30.0534,19.7607,0.734204,475.593,

0.695911,8.4367,0.0800009,0.0814784,0.0981897,0.247167,0.0403456,0.0394729,0.0635333,0.154404,0.469909,30.3642,14.2684,0.757593,341.259,
0.775018,8.52822,0.037154,0.0644004,0.105457,0.188225,0.0217875,0.0342316,0.0699753,0.126748,0.601105,24.3137,14.615,0.832011,315.393,
0.7184,8.4115,0.0522487,0.0187986,0.0809237,0.255863,0.0283756,0.012458,0.0494157,0.183992,0.672617,24.5951,16.5431,0.893668,335.418,
0.660861,8.4138,0.0539361,0.146777,0.0256816,0.299363,0.0307161,0.0808715,0.00692294,0.205029,0.54243,29.4576,15.9787,0.823429,372.131,
0.679929,8.24674,0.0435322,0.103064,0.0249138,0.27785,0.0278592,0.053429,0.0216366,0.184068,0.599487,26.0371,15.6089,0.847081,324.989,
0.771622,8.78396,0.0542281,0.00566655,0.112219,0.183358,0.0284013,0.0106208,0.0724271,0.115324,0.636773,24.6798,15.7154,0.886136,324.154,

0.54238,15.0628,0.117868,0.0451199,0.201039,0.470562,0.0720804,0.0162173,0.167329,0.363521,0.508797,48.2397,24.5442,0.699451,1102.21,
0.572597,15.8931,0.151154,0.0569557,0.225304,0.435811,0.096193,0.0541523,0.178639,0.336543,0.476523,49.839,23.7495,0.683574,1126.82,
0.637345,16.3482,0.133862,0.0270956,0.238467,0.356426,0.0781132,0.0265202,0.188967,0.274431,0.544507,47.5077,25.8683,0.714873,1083.85,
0.576158,15.9714,0.136813,0.0399514,0.261712,0.430039,0.087752,0.0140324,0.205705,0.331619,0.498777,49.7511,24.8147,0.733552,1142.26,
0.593671,17.1456,0.14446,0.0168309,0.226084,0.408341,0.092668,0.012264,0.178844,0.314668,0.556578,52.62,29.2871,0.698651,1376.3,
0.672492,17.406,0.101362,0.0880806,0.170265,0.327143,0.0608315,0.0689516,0.126187,0.259224,0.612824,48.5285,29.7395,0.769603,1307.05,

0.903302,9.4319,0.0100883,0.0356627,0.0428468,0.0759501,0.0119419,0.026495,0.0280428,0.047712,0.802896,22.7537,18.2688,0.91182,367.959,
0.878596,9.35703,0.00708465,0.0645531,0.0751092,0.098107,0.0121851,0.0413382,0.0487311,0.0639241,0.777066,23.333,18.1313,0.916071,370.879,
0.87336,9.22111,0.0035884,0.05815,0.0329131,0.0990797,0.00801602,0.0330622,0.0203286,0.0631475,0.747798,24.1846,18.0852,0.886189,364.204,
0.777349,8.71702,0.0352797,0.0382055,0.0278969,0.181311,0.0239627,0.0162689,0.0151891,0.116465,0.676875,26.5134,17.9463,0.852134,360.449,
0.766071,8.82606,0.053402,0.0711135,0.0555134,0.186571,0.0311127,0.0322353,0.0368275,0.116213,0.651646,27.5399,17.9463,0.881434,374.634,
0.872007,9.59929,0.0117878,0.0323598,0.0310947,0.102885,0.011835,0.019815,0.0191642,0.0667398,0.730838,26.5134,19.377,0.909255,409.677,

0.846896,7.37428,0.0174893,0.0464824,0.0358055,0.136696,0.0163214,0.0424206,0.0376291,0.10836,0.709552,19.0075,13.4868,0.903712,219.857,
0.966647,7.83301,0.0111805,0.0234271,0.0614398,0.0366711,0.0142656,0.0250494,0.0495314,0.039038,0.812314,16.9048,13.732,0.973994,202.336,
0.903382,8.49445,0.0474443,0.0200279,0.051401,0.0722502,0.0313521,0.0231524,0.0362385,0.0558232,0.593575,25.3798,15.0648,0.733626,318.314,
0.994817,7.93366,0.0314293,0.0282267,0.0570341,0.00719449,0.0232393,0.0316061,0.0418808,0.00703587,0.858302,16.5557,14.2098,0.973473,207.759,
0.956618,7.9856,0.0298155,0.030736,0.0247715,0.0409636,0.0194356,0.0309173,0.0154787,0.0374839,0.820995,17.3794,14.2684,0.968699,229.036,
0.926778,7.8998,0.0478896,0.0243512,0.0229047,0.0622899,0.0321729,0.0233198,0.0179686,0.0469503,0.727607,19.204,13.973,0.895926,238.631,

0.965227,7.98666,0.015064,0.0216866,0.0082805,0.0270205,0.00771888,0.0138222,0.00383479,0.0156947,0.765229,19.6867,15.0648,0.920017,249.478,
0.970307,7.84441,0.0185071,0.0190411,0.00828934,0.0112265,0.0158505,0.0213978,0.00519536,0.008105,0.725198,20.8497,15.1201,0.9516,245.723,
0.983327,7.97545,0.00774311,0.0120324,0.0235374,0.0163867,0.00497613,0.0141345,0.0174781,0.0211543,0.737633,19.8134,14.615,0.912691,251.981,
0.937868,7.78544,0.00366654,0.0100606,0.0112017,0.0465095,0.00574397,0.00734286,0.0032088,0.0283771,0.801234,18.3826,14.7288,0.939922,229.036,
0.913513,7.86593,0.00812898,0.0106715,0.0451465,0.0701077,0.0068346,0.00268456,0.0244524,0.0517798,0.77531,19.4308,15.0648,0.918184,248.643,
0.954944,7.8751,0.0191229,0.00315447,0.0359547,0.0301022,0.00986467,0.00400963,0.0244441,0.0126922,0.798692,17.8647,14.2684,0.918547,231.539,

0.768418,8.86499,0.0485996,0.080847,0.0792908,0.183193,0.0354782,0.0538931,0.0500931,0.117402,0.601988,29.1872,17.5704,0.851548,380.057,
0.680264,8.40547,0.0716041,0.11857,0.0476141,0.27526,0.0488724,0.0687407,0.0272886,0.180917,0.533069,30.3642,16.1862,0.740582,386.732,
0.564295,7.83861,0.0822244,0.182104,0.0744983,0.377807,0.043253,0.0937335,0.0464978,0.243474,0.414602,36.469,15.1201,0.714712,376.303,
0.610133,7.76403,0.0425756,0.131479,0.0205468,0.343848,0.0261635,0.0719335,0.0269324,0.224355,0.489184,30.1089,14.7288,0.84772,331.664,
0.581334,7.5802,0.0685429,0.142258,0.0654283,0.372985,0.0385291,0.076612,0.05021,0.241,0.463233,31.5501,14.615,0.793438,343.762,
0.672573,8.19295,0.0676365,0.132815,0.0728989,0.274831,0.0433901,0.0772438,0.0471206,0.174666,0.547153,28.3314,15.5016,0.832562,346.682,

0.375699,7.87211,0.27957,0.311013,0.250026,0.596331,0.133323,0.148424,0.12581,0.405183,0.337567,46.2394,15.6089,0.618015,500.624,
0.444706,8.25911,0.198187,0.245473,0.193189,0.503346,0.0868307,0.108304,0.0893269,0.320906,0.379263,43.3524,16.4419,0.672605,465.163,
0.647075,8.44525,0.102983,0.121118,0.145328,0.291496,0.0546485,0.0615759,0.0860247,0.183042,0.511164,30.8481,15.7684,0.845418,375.468,
0.642213,8.97076,0.140238,0.137377,0.151914,0.26969,0.0678079,0.0631263,0.0782158,0.153736,0.488473,35.2829,17.2348,0.720655,423.445,
0.706339,8.93851,0.0472882,0.0479975,0.0915196,0.238407,0.0228665,0.019811,0.0582942,0.145818,0.553349,30.7057,16.991,0.742992,413.432,
0.708478,9.06624,0.024548,0.0669856,0.0512605,0.234847,0.0175852,0.0309888,0.0305559,0.141929,0.555175,31.2178,17.3313,0.869219,429.285,

0.638564,12.2883,0.059533,0.102168,0.223922,0.353617,0.0412467,0.0791761,0.172982,0.269753,0.564886,34.3786,19.42,0.772278,672.088,
0.666877,12.7067,0.0582026,0.0717583,0.203823,0.330518,0.0463971,0.0499765,0.155498,0.263498,0.537018,34.6927,18.6306,0.732627,669.168,
0.610528,12.2834,0.0484997,0.123856,0.193336,0.386301,0.030177,0.0922166,0.15576,0.295663,0.528543,36.7426,19.42,0.752696,683.769,

0.861469,22.9046,0.0261188,0.0116721,0.094647,0.113879,0.0203001,0.00766323,0.0665288,0.0789246,0.695872,50.6692,35.2593,0.663001,1541.51,
0.893083,25.3674,0.00576072,0.0343874,0.0474824,0.0905532,0.00334514,0.022414,0.0320311,0.0681976,0.724286,57.0736,41.3376,0.72649,1942,
0.848738,24.0085,0.0427706,0.0465555,0.0816718,0.123993,0.0261055,0.0322117,0.0539059,0.0844255,0.702752,55.299,38.8615,0.698258,1766.37,

0.82012,8.4521,0.0833633,0.179136,0.153508,0.158615,0.0646405,0.120323,0.101978,0.114076,0.515861,20.0333,10.3344,0.729741,204.004,
0.783947,8.25274,0.0585399,0.0307674,0.112206,0.180903,0.0262293,0.0209702,0.0779436,0.125334,0.638345,20.0333,12.7882,0.821525,221.526,
0.921319,11.7036,0.0448426,0.0436905,0.0147708,0.0624167,0.0306714,0.0322301,0.0152909,0.0433375,0.735215,23.8983,17.5704,0.806825,391.738,

0.804568,12.4664,0.125354,0.164504,0.136813,0.162326,0.0931537,0.116173,0.0970727,0.113693,0.487434,32.0226,15.6089,0.62884,467.666,
0.939792,16.9048,0.0386625,0.0329831,0.0109303,0.0506789,0.0267546,0.028274,0.00955464,0.039307,0.738036,36.0838,26.6311,0.774913,842.717,
0.926627,17.3345,0.0164666,0.0438097,0.0563767,0.0552974,0.0161625,0.0263409,0.038623,0.0337722,0.713448,38.1956,27.2506,0.757768,893.614,

0.86623,12.3313,0.0179535,0.0586831,0.0897976,0.0957456,0.0118723,0.0405668,0.0646711,0.0502472,0.683426,29.8864,20.4252,0.791411,501.876,
0.874481,12.0384,0.0444098,0.0572736,0.0901681,0.0862429,0.0253915,0.0345834,0.0641022,0.0423015,0.690905,29.2658,20.2199,0.884838,488.943,
0.815491,13.5775,0.0282034,0.0635241,0.0302403,0.142259,0.0164769,0.0366118,0.0257291,0.083291,0.69395,35.7586,24.8147,0.809912,728.408,
0.845978,13.8798,0.0191024,0.0530963,0.0352576,0.119934,0.0118876,0.0351169,0.0301906,0.0753557,0.687636,36.1358,24.8483,0.849276,732.58,

0.740198,6.83261,0.054118,0.049463,0.140402,0.223791,0.0266669,0.0201738,0.0913505,0.153356,0.585802,17.6415,10.3344,0.811487,162.286,
0.760126,7.06095,0.122845,0.163735,0.162972,0.192038,0.0775391,0.104105,0.106295,0.123299,0.558404,18.507,10.3344,0.781078,164.789,
0.899822,9.68234,0.0735734,0.0943667,0.0859366,0.0824266,0.0513717,0.0626356,0.060845,0.058644,0.646234,22.6157,14.615,0.813037,280.767,
0.89415,10.3029,0.0174623,0.0248079,0.0570725,0.0879323,0.01704,0.0151926,0.0397724,0.0584559,0.701646,22.0932,15.5016,0.731784,327.909,

0.91903,9.01647,0.0529271,0.0119157,0.0457261,0.0633483,0.0329188,0.00785136,0.0288918,0.0454618,0.801623,21.4998,17.2348,0.938819,315.81,
0.92414,9.08412,0.00640762,0.011368,0.0732493,0.0674069,0.00409804,0.00878968,0.0550983,0.0530735,0.76289,22.2718,16.991,0.929256,323.737,
0.894533,8.98361,0.0316025,0.0453256,0.0202175,0.0874002,0.0155868,0.0218037,0.00887495,0.0636744,0.741673,22.909,16.991,0.89675,324.154,
0.990651,9.13869,0.057116,0.0380289,0.00799826,0.00624232,0.0327036,0.0299716,0.0054289,0.00797046,0.78187,21.029,16.4419,0.881704,302.46,
0.989328,9.25301,0.0276576,0.0321342,0.0251478,0.0113335,0.0162355,0.0184177,0.0254126,0.0150422,0.77064,21.8559,16.843,0.912357,320.399,
0.880146,8.83793,0.0750789,0.0403747,0.0801506,0.0993003,0.0403525,0.0156535,0.0465948,0.0711114,0.707107,22.8908,16.1862,0.860201,314.559,

0.94972,8.37128,0.00933449,0.0441636,0.0484622,0.0364258,0.0117461,0.0307122,0.028998,0.0226405,0.694479,19.42,13.4868,0.927499,246.975,
0.801538,7.78155,0.0253638,0.0428693,0.13625,0.160559,0.0144917,0.0332554,0.0854588,0.102978,0.582174,22.2999,12.9824,0.785957,287.025,
0.921858,8.05614,0.0162597,0.0143575,0.0330992,0.0568274,0.00768789,0.00881149,0.016806,0.0337353,0.717623,19.3878,13.9131,0.902032,235.711,
0.908007,8.10993,0.0215211,0.0650173,0.0696838,0.0677441,0.0162149,0.0493725,0.0438314,0.0417677,0.666339,20.6082,13.732,0.890353,247.392,
0.907769,7.95875,0.00588454,0.0214434,0.0563544,0.0695271,0.00482018,0.00053783,0.0320712,0.0446052,0.717095,19.8975,14.2684,0.909645,239.048,
0.913574,8.08133,0.0188895,0.0528765,0.0447829,0.0650903,0.0132144,0.0334219,0.033581,0.0444142,0.684477,19.4308,13.2999,0.930334,236.545,

0.702869,7.58783,0.0663147,0.0850435,0.130374,0.246674,0.0333032,0.0489,0.0854116,0.159664,0.59037,24.7558,14.615,0.829698,290.362,
0.741807,8.06421,0.0457293,0.0735262,0.114796,0.20878,0.0215665,0.047354,0.0785273,0.134012,0.560639,27.8412,15.6089,0.781743,335.418,
0.740406,8.16426,0.0405026,0.0866071,0.0986156,0.20573,0.0199329,0.0578217,0.0625957,0.128999,0.560639,27.8412,15.6089,0.754356,350.437,
0.758532,7.65534,0.036639,0.0845524,0.080041,0.192086,0.0197557,0.0495396,0.0487651,0.123316,0.593191,25.3963,15.0648,0.828805,284.104,
0.715958,7.63095,0.0505085,0.0954041,0.0692343,0.216677,0.0272902,0.0511491,0.0391293,0.127115,0.540761,27.9608,15.1201,0.805375,304.546,
0.775013,7.69695,0.0366667,0.0763263,0.0574593,0.180853,0.0196685,0.0397148,0.0385209,0.118307,0.675273,22.3093,15.0648,0.939462,270.754,

0.664211,7.21732,0.125479,0.0827878,0.146355,0.283466,0.0605741,0.0425142,0.0817551,0.184374,0.473775,30.8481,14.615,0.739397,300.792,
0.709852,7.37078,0.0845062,0.0478065,0.160348,0.252162,0.0453222,0.0268517,0.0907177,0.171611,0.560681,24.8147,13.9131,0.703006,292.031,
0.675867,7.21637,0.0912202,0.0839867,0.142881,0.283012,0.0442479,0.0463693,0.0848553,0.195725,0.504018,28.3093,14.2684,0.774125,296.203,
0.6874,7.54796,0.0667372,0.0538154,0.153043,0.285634,0.034254,0.0436291,0.0740122,0.205632,0.505982,27.6155,13.973,0.718971,313.307,
0.706929,7.66106,0.0684162,0.0546503,0.128465,0.260408,0.0297736,0.0456649,0.0572599,0.184297,0.564103,25.1901,14.2098,0.798893,306.215,
0.710652,7.8825,0.0971659,0.0344481,0.203479,0.244092,0.0407815,0.021135,0.102028,0.161936,0.496172,28.1615,13.973,0.741912,302.46,

0.820626,9.05857,0.0435519,0.0304695,0.0742665,0.145256,0.0271496,0.0240292,0.0416944,0.0918848,0.632061,25.8521,16.3401,0.845064,355.443,
0.802842,8.89184,0.0330374,0.00529242,0.0770364,0.159888,0.0280005,0.00383431,0.0481387,0.0990166,0.663437,23.6879,15.7154,0.873483,348.768,
0.759553,8.6794,0.0443461,0.0687723,0.0697428,0.19797,0.0249435,0.0434518,0.0363415,0.122472,0.659921,23.6526,15.6089,0.845118,336.253,
0.687149,8.53604,0.0924013,0.0987727,0.112288,0.275463,0.0568598,0.0590961,0.0697886,0.180983,0.574569,27.1662,15.6089,0.764747,370.462,
0.682999,8.39473,0.154751,0.081789,0.176496,0.264588,0.0926492,0.0456046,0.10324,0.159047,0.545856,28.5952,15.6089,0.774651,330.412,
0.754551,8.41649,0.0701389,0.129272,0.0951208,0.209867,0.0427681,0.0860568,0.0654351,0.138145,0.602832,25.7146,15.5016,0.84814,313.307,

0.625979,12.838,0.0259807,0.0963272,0.0816613,0.360193,0.0098406,0.0637564,0.0569935,0.266426,0.538542,42.7076,22.9998,0.792756,895.283,
0.569744,11.605,0.018179,0.120559,0.0727956,0.424961,0.00855427,0.0788445,0.0490514,0.31811,0.555586,41.2011,22.8908,0.844499,811.428,
0.608155,12.2899,0.02409,0.121624,0.0730211,0.372462,0.0112055,0.0732218,0.0465546,0.271342,0.551652,44.4922,24.5442,0.796464,863.577,
0.598056,12.013,0.0598263,0.0926604,0.0838049,0.387123,0.030675,0.0583817,0.0498012,0.283299,0.517888,42.4774,21.9986,0.801928,863.994,
0.62386,13.0232,0.0496147,0.0794171,0.057132,0.362555,0.0289848,0.0506796,0.0360529,0.269948,0.556521,44.3466,24.6798,0.78201,962.45,
0.56818,12.2328,0.0368382,0.115277,0.0357864,0.421104,0.0188496,0.0705707,0.0221287,0.311864,0.538763,43.4245,23.3955,0.809762,898.203,

0.942141,8.35395,0.0161366,0.017007,0.0409452,0.0403348,0.00892969,0.00486476,0.0240369,0.0227827,0.773265,20.1164,15.5553,0.911458,263.245,
0.910648,8.29118,0.0205304,0.0121445,0.0267179,0.0638293,0.018871,0.00709722,0.0186135,0.0338787,0.724947,21.3831,15.5016,0.896188,285.773,
0.911902,8.64051,0.0266217,0.0186455,0.0198078,0.0645708,0.0131595,0.0106953,0.0101214,0.0356822,0.727128,21.3928,15.5553,0.864541,298.706,
0.927366,8.5747,0.0102014,0.0164696,0.0264374,0.0553512,0.00711407,0.0183166,0.0244002,0.0359067,0.722606,22.7537,16.4419,0.914442,302.043,
0.944835,8.78344,0.00574122,0.0101451,0.0213777,0.0440525,0.00496158,0.00428688,0.0253583,0.0303035,0.780762,22.0743,17.2348,0.890172,313.724,
0.976038,9.17986,0.00618376,0.0204797,0.0253106,0.0133804,0.00887785,0.0148689,0.0218783,0.00212523,0.768221,22.5603,17.3313,0.852168,334.584,

0.669318,7.75007,0.105078,0.117242,0.109974,0.287657,0.0670259,0.0652846,0.0728791,0.192919,0.546608,23.3955,12.7882,0.716529,246.975,
0.916485,6.6919,0.105542,0.0756773,0.0964199,0.0763389,0.0830546,0.0394077,0.0572726,0.0599516,0.626099,14.4428,9.0426,0.803341,128.076,
0.627333,8.58509,0.116539,0.109967,0.151557,0.335247,0.070786,0.0569456,0.0894621,0.226049,0.523217,27.1585,14.2098,0.750804,336.253,

0.713932,8.35093,0.0407388,0.0306872,0.070432,0.249926,0.0208909,0.0122472,0.0394431,0.170296,0.646162,25.4455,16.4419,0.92286,368.376,
0.72156,8.49862,0.0500361,0.0429316,0.0595817,0.237852,0.0289921,0.0190469,0.0351049,0.16014,0.607185,27.9832,16.991,0.911196,374.634,
0.710597,8.08413,0.034394,0.0521495,0.0480043,0.251014,0.0233795,0.0279706,0.0308689,0.16832,0.651001,23.9767,15.6089,0.962468,308.718,
0.71817,8.48455,0.0281158,0.0526131,0.0673191,0.243657,0.017889,0.0237335,0.0471145,0.163109,0.685994,25.2645,17.3313,0.965043,352.523,

0.633702,11.4967,0.0340831,0.0208316,0.150275,0.384305,0.024437,0.0201853,0.110851,0.323949,0.559017,32.6802,18.2688,0.77519,611.596,
0.633785,8.25054,0.0608842,0.073935,0.0189894,0.322448,0.0395898,0.0400287,0.0133701,0.206573,0.49314,28.2133,13.9131,0.812994,351.688,
0.624558,11.7496,0.0286147,0.0364392,0.147049,0.395419,0.0296261,0.0317173,0.113523,0.328765,0.546304,35.548,19.42,0.758616,684.604,
0.631939,12.1005,0.034152,0.0268365,0.165643,0.394735,0.025141,0.0102812,0.126664,0.343216,0.574999,35.0932,20.1786,0.815616,692.53,

0.921665,7.28103,0.0173722,0.0385625,0.0171784,0.0558719,0.0156891,0.0319172,0.0129584,0.0314181,0.77064,19.5485,15.0648,0.960712,243.637,
0.911179,7.28975,0.0284586,0.0486932,0.0341679,0.0699205,0.0194313,0.0466484,0.0280161,0.0430716,0.82889,18.8311,15.6089,0.989659,249.895,
0.87018,7.26246,0.0246914,0.0373546,0.0454544,0.0943693,0.0218372,0.0351909,0.0319605,0.0525071,0.690773,21.1575,14.615,0.923673,251.146,
0.897414,7.33836,0.0367875,0.0344395,0.00339055,0.0792315,0.0227518,0.028126,0.0109986,0.0533547,0.716385,21.029,15.0648,0.911458,263.245,
0.943282,7.45806,0.0129781,0.0220222,0.0452782,0.0497018,0.0050753,0.0227798,0.0320124,0.0348231,0.777029,18.8089,14.615,0.908044,244.054,

0.733489,5.50977,0.106882,0.0867393,0.0466081,0.245492,0.0786982,0.0568522,0.0443576,0.1739,0.503453,14.5148,7.30752,0.79836,115.978,
0.765749,7.76796,0.0925151,0.0793991,0.215553,0.177885,0.0321551,0.0244199,0.140075,0.114653,0.576289,23.8284,13.732,0.823665,264.496,
0.878079,7.42328,0.0106165,0.0332782,0.0677892,0.104817,0.0112962,0.0267567,0.0535161,0.0763857,0.794548,17.9579,14.2684,0.959255,225.281,
0.784639,7.92904,0.0762232,0.0780159,0.111817,0.127956,0.0249333,0.0268596,0.0538148,0.0546819,0.629209,24.722,15.5553,0.817008,288.693,
0.962816,8.15088,0.00323051,0.0122659,0.0395625,0.0265873,0.000336681,0.0146982,0.0333713,0.0139527,0.736807,21.0389,15.5016,0.80496,276.178,

0.918547,7.60499,0.00895974,0.0277007,0.0153575,0.0707326,0.0109782,0.0319787,0.0110824,0.0549211,0.767354,20.2714,15.5553,0.934345,280.767,
0.934658,7.47744,0.0214124,0.0222812,0.024943,0.0597479,0.0187573,0.0121204,0.0360192,0.0526871,0.726523,20.1164,14.615,0.857604,237.796,
0.917877,7.44138,0.0175059,0.0130493,0.0378364,0.0775659,0.0196816,0.00902637,0.0373556,0.069366,0.760334,19.8134,15.0648,0.908877,261.993,
0.939567,7.31277,0.0273646,0.0300896,0.0205569,0.0599429,0.0231071,0.0242111,0.0288308,0.0560635,0.73641,19.6124,14.4428,0.890283,236.128,
0.930091,7.47611,0.0113606,0.014271,0.00911629,0.0627577,0.0146678,0.0131969,0.0251185,0.0541271,0.765822,19.0841,14.615,0.910819,245.306,
0.898595,7.29199,0.0281203,0.0302051,0.0405453,0.087488,0.0291508,0.0143306,0.0380431,0.0647602,0.765822,19.0841,14.615,0.87951,242.386,

0.501228,9.77537,0.111365,0.24664,0.0793713,0.450114,0.0653941,0.140315,0.0279984,0.287911,0.457885,42.693,19.5485,0.80752,663.744,
0.470224,9.51604,0.124958,0.249983,0.123867,0.485383,0.0588407,0.146177,0.0593913,0.308807,0.383871,47.591,18.2688,0.722628,623.694,
0.422224,9.19765,0.137403,0.318837,0.107743,0.541887,0.0657374,0.182214,0.0504472,0.349318,0.360551,50.6692,18.2688,0.673531,659.572,
0.428839,9.85112,0.196302,0.303265,0.149382,0.534691,0.099496,0.17335,0.0761235,0.340382,0.364618,53.6136,19.5485,0.670966,791.403,
0.434034,10.0509,0.243384,0.299841,0.167717,0.523911,0.123019,0.171769,0.0795,0.330295,0.345492,57.0736,19.7185,0.635754,760.949,
0.51786,10.4539,0.186912,0.233101,0.124496,0.421978,0.101138,0.131414,0.0624675,0.262289,0.408108,49.2411,20.0957,0.705615,696.702,

0.860261,6.4382,0.0611416,0.033864,0.0212214,0.115937,0.0334472,0.0249231,0.0111852,0.0811434,0.679775,15.2027,10.3344,0.851513,144.764,
0.93746,8.05164,0.0629484,0.0317138,0.0476425,0.0507985,0.0352919,0.0279833,0.0253286,0.0399224,0.707107,19.42,13.732,0.824887,233.207,
0.985924,7.63928,0.0420472,0.0553158,0.0292036,0.0178531,0.0287308,0.0471797,0.0186157,0.0187619,0.69843,17.0522,11.9098,0.868981,191.072,
0.922901,6.6332,0.052497,0.0467914,0.0771708,0.0642049,0.0376034,0.0257528,0.0569266,0.0484404,0.714384,15.5553,11.1125,0.907444,160.617,
0.92809,6.96496,0.0276166,0.0394537,0.0339041,0.0562043,0.0233037,0.0224801,0.0190898,0.0405667,0.696568,16.7934,11.6977,0.891606,165.206,
0.923262,7.45929,0.0502512,0.02592,0.0688923,0.0580472,0.0297354,0.0203023,0.0435913,0.0322629,0.68961,17.7711,12.2551,0.907297,194.826,

0.82484,8.1185,0.0634137,0.0172982,0.0627071,0.144232,0.0368885,0.00229255,0.036186,0.0977711,0.565233,25.5519,14.4428,0.800064,289.945,
0.906495,8.21552,0.0293191,0.051152,0.0597734,0.0621569,0.0141553,0.0197229,0.0362902,0.0330917,0.702661,20.7996,14.615,0.918973,254.901,
0.871187,8.37171,0.0155801,0.0267533,0.0240844,0.102592,0.00994287,0.0145686,0.0175004,0.0668199,0.687745,23.907,16.4419,0.881387,321.234,

0.858956,8.09443,0.0286364,0.00672657,0.0351052,0.11326,0.0177358,0.0055037,0.010415,0.0775395,0.766463,21.1181,16.1862,0.953863,290.779,
0.927616,8.29284,0.0277794,0.0149983,0.038528,0.0528964,0.0130006,0.0129121,0.0207469,0.0333507,0.707107,22.8908,16.1862,0.904712,290.362,
0.974442,8.44354,0.0363368,0.025776,0.0414879,0.0256625,0.027727,0.014549,0.0194187,0.0297771,0.788238,20.2714,15.9787,0.957884,292.865,
0.941623,8.19501,0.00163708,0.0464712,0.00833658,0.0393018,0.00589113,0.040553,0.012955,0.0277657,0.798276,19.6867,15.7154,0.923618,275.343,
0.948311,8.25651,0.0129908,0.0316958,0.035757,0.03957,0.0152199,0.0217768,0.029509,0.0243557,0.744208,21.4707,15.9787,0.948208,287.859,
0.930227,8.38598,0.0157027,0.0186139,0.00942333,0.0506827,0.0107284,0.0179417,0.00642077,0.0302635,0.744378,22.5603,16.7934,0.846483,306.215,

0.75886,7.46088,0.0411859,0.0206795,0.105494,0.20631,0.0197968,0.0139426,0.0711191,0.138894,0.624138,18.7422,11.6977,0.794129,200.25,
0.726463,9.31897,0.0427624,0.0335039,0.0655221,0.233965,0.0343355,0.0298186,0.0420133,0.153572,0.619148,25.1238,15.5553,0.80334,357.112,
0.718421,10.3875,0.0276089,0.00657595,0.0613251,0.253728,0.015664,0.00782406,0.0337947,0.180206,0.570539,29.5212,16.843,0.806105,473.507,
0.959349,8.10827,0.0414781,0.0312946,0.0781907,0.0345305,0.0283005,0.017506,0.0486723,0.0257257,0.709196,16.7934,11.9098,0.85497,195.661,
0.710238,9.9924,0.0605631,0.0201748,0.0792784,0.258985,0.0337673,0.0162031,0.0500115,0.177319,0.584305,28.1393,16.4419,0.78831,422.193,
0.80505,10.1052,0.0301136,0.0425267,0.075515,0.162518,0.0166711,0.0228297,0.0462666,0.106452,0.641416,26.4898,16.991,0.838214,383.395,

0.816523,9.19013,0.073684,0.0725026,0.0884878,0.149434,0.0368246,0.0407237,0.0451776,0.102074,0.604426,29.9213,18.0852,0.794881,414.684,
0.859531,9.41633,0.0774629,0.06703,0.0969919,0.0937973,0.0408086,0.0384745,0.0546009,0.0548742,0.575431,32.6866,18.8089,0.721925,406.34,
0.869523,9.32242,0.0720632,0.025298,0.0880113,0.104687,0.0389538,0.0129506,0.0562967,0.0701799,0.657063,27.8037,18.2688,0.788146,408.843,
0.901422,9.35249,0.0475367,0.0252034,0.0484858,0.0770148,0.0249024,0.0156657,0.0312674,0.0518767,0.731292,24.7305,18.0852,0.902679,390.07,
0.857333,9.233,0.0615593,0.0284578,0.0571466,0.11747,0.0371505,0.0134101,0.0368461,0.083304,0.677813,28.1393,19.0732,0.827183,408.426,
0.875725,8.89292,0.0339568,0.0391092,0.0225811,0.0993806,0.0197949,0.0289674,0.0179732,0.0676731,0.770352,22.5603,17.3794,0.954961,332.081,

0.653353,10.4086,0.21119,0.128958,0.224532,0.2632,0.107127,0.0548566,0.113405,0.16171,0.542805,37.6289,20.4252,0.721366,528.576,
0.693379,10.6185,0.173602,0.0960384,0.199662,0.231117,0.0860464,0.0331042,0.0981671,0.143936,0.59058,35.8751,21.1871,0.76262,535.251,
0.812004,10.8416,0.100152,0.0490267,0.183759,0.130306,0.0469462,0.0189795,0.107174,0.0772068,0.621719,32.4561,20.1786,0.799218,481.016,
0.950828,10.8846,0.013788,0.00899313,0.0884307,0.0358608,0.0061316,0.0071687,0.0598234,0.0235322,0.779561,26.5134,20.6688,0.86893,466.415,
0.876432,10.6534,0.0173016,0.0316029,0.0789044,0.105618,0.0107809,0.0212765,0.0553933,0.0799394,0.771058,26.4898,20.4252,0.906397,460.991,

0.853805,8.60448,0.0560165,0.14201,0.0348227,0.112356,0.0470992,0.0890424,0.0283243,0.0754939,0.585491,28.6826,16.7934,0.763162,351.271,
0.828874,9.1039,0.139001,0.156185,0.169931,0.115904,0.0831349,0.087043,0.0971686,0.0665869,0.526235,29.4576,15.5016,0.725573,356.695,
0.587327,7.64875,0.0686269,0.206184,0.127576,0.352916,0.0333172,0.109855,0.0783589,0.224379,0.407983,35.8227,14.615,0.669241,364.621,
0.746896,8.11108,0.0675286,0.098922,0.052965,0.196198,0.0339637,0.0522565,0.0453671,0.120383,0.529749,29.4647,15.6089,0.804642,339.59,
0.522451,6.9312,0.157761,0.264463,0.166108,0.42426,0.0929547,0.160635,0.10141,0.271714,0.445789,32.3982,14.4428,0.735394,319.565,
0.572664,5.68767,0.10623,0.0950919,0.208622,0.369894,0.049732,0.0489532,0.110791,0.220067,0.496139,20.8296,10.3344,0.8649,199.415,

0.942976,9.44721,0.00928755,0.0367195,0.0563835,0.0550846,0.00930431,0.0292255,0.0372364,0.05253,0.800943,23.9767,19.204,0.921293,381.726,
0.866046,7.88624,0.0205255,0.0350421,0.0452898,0.115004,0.0170274,0.0357794,0.0290644,0.0890032,0.803101,16.7934,13.4868,0.992582,203.17,
0.838598,9.10935,0.102262,0.100903,0.0652349,0.135251,0.0662198,0.0667373,0.0467408,0.0983105,0.675863,25.997,17.5704,0.805822,377.971,
0.830251,8.57497,0.067031,0.0669471,0.0337966,0.134789,0.0425505,0.0458094,0.0256231,0.0916177,0.639896,26.5527,16.991,0.845596,342.928,
0.846632,8.95249,0.0730106,0.0522174,0.0543048,0.115195,0.0420299,0.0371697,0.0382428,0.0719941,0.635999,27.2506,17.3313,0.807628,372.965,
0.8598,9.70583,0.123637,0.112574,0.117363,0.107079,0.0663952,0.0638755,0.0639452,0.0656293,0.566753,29.7184,16.843,0.654858,383.812,

0.881929,8.30086,0.0654299,0.042941,0.0695556,0.0687201,0.0288354,0.0239388,0.0383388,0.0270554,0.626266,24.9237,15.6089,0.851994,309.553,
0.919228,8.17766,0.0163093,0.0144443,0.0344557,0.0528296,0.0155219,0.00936685,0.0208016,0.0270834,0.746788,20.8296,15.5553,0.935986,281.601,
0.841497,8.04627,0.0426449,0.0416764,0.0311587,0.112575,0.0155981,0.0221965,0.012638,0.0641824,0.554404,27.9608,15.5016,0.718079,323.32,
0.893399,8.00198,0.0272313,0.0167903,0.0404967,0.0817565,0.0143398,0.00538077,0.0342235,0.0545989,0.692725,22.5326,15.6089,0.751277,308.718,
0.944088,8.24865,0.0482943,0.044002,0.0271072,0.0354794,0.0270705,0.030641,0.020534,0.0138298,0.773142,20.1889,15.6089,0.958658,267.417,
0.845239,7.74889,0.0110588,0.0374306,0.028421,0.120649,0.0089929,0.0293984,0.0134931,0.0798577,0.687894,21.2461,14.615,0.870731,260.742,

0.95691,11.2863,0.0653127,0.0609009,0.00927877,0.0397779,0.0475569,0.0416856,0.00844889,0.0328662,0.82163,26.3556,21.6545,0.924186,484.771,
0.881767,10.9139,0.0279404,0.0197395,0.050297,0.0990537,0.0164301,0.0102519,0.0288247,0.0709202,0.762914,28.8349,21.9986,0.872064,516.477,
0.833016,10.7227,0.0571665,0.0490816,0.0786431,0.127203,0.0277013,0.0247107,0.0473892,0.0818171,0.638203,34.4695,21.9986,0.801952,528.159,
0.80539,10.3857,0.0452453,0.0553292,0.0685935,0.164638,0.0291572,0.0395486,0.0445465,0.114434,0.710752,30.467,21.6545,0.817967,515.226,
0.747551,10.2592,0.0273502,0.0685813,0.0464442,0.214319,0.0161702,0.042861,0.0247525,0.146836,0.614678,35.6651,21.9226,0.79764,546.098,
0.911078,10.6864,0.0328173,0.0401099,0.0308033,0.0740659,0.0191158,0.0215772,0.0183769,0.0553874,0.691844,30.6241,21.1871,0.839627,491.863,

0.893028,8.04039,0.0179853,0.0410019,0.0152876,0.0891907,0.00616404,0.0298888,0.0225864,0.067617,0.775132,22.4212,17.3794,0.967037,311.221,
0.87533,7.90722,0.0114849,0.0521545,0.0176238,0.0986341,0.00786775,0.0401884,0.0293284,0.0666454,0.786436,21.3538,16.7934,0.916221,296.62,
0.903094,8.32799,0.0330447,0.0360811,0.0730913,0.0723522,0.0234719,0.0204505,0.0564904,0.0486963,0.671729,26.157,17.5704,0.801683,362.118,
0.853129,7.89721,0.0111463,0.0604021,0.0589337,0.111511,0.0114102,0.037384,0.0450606,0.0709025,0.668368,23.907,15.9787,0.831607,309.135,
0.845578,7.84769,0.0103834,0.0605124,0.025595,0.121079,0.00904789,0.0389713,0.0242765,0.0795558,0.715828,22.8269,16.3401,0.886021,298.706,
0.922245,8.03798,0.0275225,0.0256841,0.055368,0.068715,0.0223249,0.0290852,0.0483027,0.0556225,0.830455,20.2817,16.843,0.973994,287.859,

0.768114,7.93061,0.0356537,0.059592,0.0890099,0.182454,0.0134193,0.0298332,0.0526442,0.107292,0.642161,22.9363,14.7288,0.899296,287.442,
0.739439,8.00954,0.0581955,0.0543598,0.104828,0.204078,0.0335094,0.0239015,0.0640445,0.116327,0.607094,24.8147,15.0648,0.798893,306.215,
0.767417,8.50532,0.0900732,0.0175288,0.154905,0.189244,0.0492968,0.00464421,0.0916096,0.12388,0.58019,25.1901,14.615,0.796424,310.387,

0.938287,11.8993,0.0128014,0.00953554,0.0112892,0.0375663,0.0105617,0.00856474,0.0167322,0.0157972,0.778359,30.467,23.7143,0.902464,564.871,
0.910844,11.8164,0.0168784,0.00646984,0.00692369,0.0646841,0.0147085,0.00591523,0.0124715,0.0376513,0.791356,30.3642,24.0289,0.894872,618.271,
0.794377,11.7015,0.0550396,0.0681015,0.0625133,0.121642,0.0186481,0.0254161,0.00909844,0.0554137,0.611596,40.5736,24.8147,0.789667,715.058,
0.848834,12.2285,0.0541098,0.0777846,0.0734193,0.06985,0.0207477,0.0351802,0.0268182,0.021091,0.639039,38.408,24.5442,0.796935,700.039,
0.926539,12.1363,0.0238208,0.0240036,0.0388487,0.0531455,0.0167717,0.0153087,0.0291314,0.0338783,0.757371,31.3578,23.7495,0.906464,595.743,
0.80366,12.0188,0.0504514,0.0878225,0.0553065,0.115206,0.0140759,0.0395969,0.0104178,0.0592045,0.576004,42.3151,24.3736,0.708748,663.327,

0.737253,7.08988,0.0249916,0.0926103,0.05013,0.222216,0.0229219,0.0512534,0.0328145,0.15202,0.569827,24.4164,13.9131,0.829324,261.993,
0.727069,7.07398,0.0332058,0.0871824,0.0668741,0.231613,0.0196473,0.0456642,0.0454431,0.157628,0.596559,23.8196,14.2098,0.884831,267.834,
0.922445,8.21342,0.0403136,0.0583538,0.134623,0.0767791,0.0274113,0.0369173,0.0917641,0.0675163,0.692064,21.1181,14.615,0.887911,275.343,
0.930518,8.19412,0.0123635,0.0416685,0.0849132,0.0567714,0.00980828,0.0345769,0.0549079,0.0438703,0.75123,20.9196,15.7154,0.941707,284.521,
0.84205,8.11538,0.0441465,0.0711203,0.0676138,0.133802,0.0104722,0.0346815,0.037055,0.0965114,0.576427,25.5519,14.7288,0.720932,288.693,
0.816337,7.58611,0.0314604,0.0312919,0.0865543,0.145726,0.0180171,0.0306922,0.0596745,0.0951656,0.709404,19.6124,13.9131,0.890851,241.968,

0.868117,9.78868,0.0322533,0.0414116,0.0285668,0.0964814,0.0210784,0.0260753,0.0169277,0.0584382,0.685994,27.8037,19.0732,0.881439,424.696,
0.897081,9.88659,0.023386,0.0361329,0.036709,0.0749968,0.01536,0.021132,0.0184839,0.0449128,0.724286,25.7227,18.6306,0.905012,413.849,
0.917486,10.0213,0.0175176,0.0492622,0.0482373,0.0599231,0.0101511,0.0277558,0.0304266,0.0358491,0.759944,26.5527,20.1786,0.921485,426.782,
0.889794,9.91258,0.0201677,0.0517901,0.027501,0.0862323,0.0103501,0.0323354,0.0203227,0.0561684,0.737422,25.2645,18.6306,0.90714,423.027,
0.918151,10.0341,0.0271375,0.0344023,0.0221238,0.0659953,0.0203194,0.0210424,0.0177048,0.0463112,0.750727,25.8683,19.42,0.902405,419.273,
0.919508,9.95462,0.0270188,0.0410223,0.0207701,0.0605619,0.0202436,0.0248987,0.0134042,0.0375296,0.788377,23.2883,18.3599,0.89631,392.573,

0.868906,10.1437,0.0349069,0.0156214,0.0759618,0.105846,0.0231806,0.00872215,0.0496316,0.0706997,0.752882,25.9649,19.5485,0.992334,417.187,
0.843309,10.0975,0.0389254,0.0305266,0.07407,0.131411,0.0221509,0.0170769,0.0518385,0.0918876,0.709777,27.7812,19.7185,0.940827,434.291,
0.819928,9.93424,0.0533558,0.0159281,0.0864672,0.146069,0.0316252,0.00930055,0.0558163,0.0967823,0.619285,31.0099,19.204,0.841648,434.709,
0.777147,9.91851,0.0839042,0.0125076,0.0930307,0.180544,0.0512012,0.00785217,0.0540983,0.112782,0.651558,29.7395,19.377,0.895025,458.905,
0.762019,9.84567,0.0824639,0.0470741,0.0898956,0.186544,0.0449134,0.0235641,0.0501779,0.109687,0.595726,32.5267,19.377,0.84488,466.832,
0.806333,10.2335,0.0946838,0.0379412,0.0857942,0.147479,0.0532791,0.0208947,0.0491523,0.0894204,0.628005,31.3311,19.6761,0.825466,470.587,

0.941025,8.37479,0.00748554,0.0267494,0.0523581,0.0627318,0.00620798,0.0188399,0.0407461,0.0572952,0.785598,20.7996,16.3401,0.916984,297.037,
0.931014,8.31441,0.0222335,0.0283934,0.0759512,0.0689418,0.0130853,0.0236128,0.058216,0.0597344,0.738754,22.3933,16.5431,0.883071,297.037,
0.94729,8.1097,0.00129252,0.0130944,0.0713287,0.0488838,0.00642889,0.0112277,0.0497819,0.0367356,0.769605,20.2817,15.6089,0.949687,275.76,
0.951473,8.22406,0.00998525,0.012279,0.0592601,0.0375766,0.0110917,0.00945674,0.0449775,0.0321789,0.714335,22.0743,15.7684,0.925967,289.11,
0.984392,8.35297,0.0191615,0.0339655,0.0472845,0.0158148,0.0122177,0.0246452,0.0364839,0.0152248,0.778643,21.2461,16.5431,0.951072,282.853,
0.84214,8.29809,0.0901023,0.120752,0.115117,0.0794042,0.0409705,0.0582671,0.0537107,0.0271294,0.62166,26.0371,16.1862,0.749974,313.307,

0.534627,8.64775,0.0880401,0.157964,0.0955621,0.424972,0.047347,0.080027,0.0569187,0.285944,0.420375,40.0666,16.843,0.771316,494.784,
0.532853,8.6834,0.0439534,0.156967,0.0401399,0.427966,0.0203879,0.0818452,0.0198893,0.282963,0.414502,39.4211,16.3401,0.763214,493.115,
0.533446,8.80055,0.0154977,0.140114,0.025272,0.427993,0.00875031,0.0732871,0.0230051,0.284015,0.438902,38.3754,16.843,0.722919,523.569,

0.702594,7.67689,0.0495448,0.117673,0.0652769,0.236259,0.0252175,0.0600691,0.0367506,0.145033,0.55602,28.0725,15.6089,0.888164,325.406,
0.719455,7.5685,0.0399633,0.102505,0.0622643,0.22549,0.0191899,0.0597685,0.0404054,0.140427,0.587845,26.5527,15.6089,0.926444,315.393,
0.63786,7.27952,0.0531802,0.14795,0.0367824,0.293383,0.0249505,0.0723888,0.0240006,0.175429,0.477134,30.6309,14.615,0.794007,320.399,
0.688375,7.43586,0.0434858,0.0914803,0.0574825,0.255302,0.024566,0.0416897,0.0282178,0.155252,0.525492,28.6681,15.0648,0.790848,329.995,
0.747735,7.5131,0.0555591,0.0941969,0.0442856,0.190428,0.0294777,0.0502085,0.0193951,0.109756,0.586805,26.5998,15.6089,0.888891,294.117,
0.71758,7.33505,0.0292726,0.0854051,0.00683915,0.226162,0.0119904,0.0416656,0.00298453,0.139514,0.547775,26.8884,14.7288,0.890231,288.693,

0.953592,11.5275,0.0105324,0.0155389,0.0824764,0.0437332,0.0121096,0.00681667,0.0657087,0.0416013,0.841283,28.0204,23.5731,0.905122,559.03,
0.981557,11.6996,0.0102743,0.00619624,0.0665282,0.0251435,0.00349892,0.00196078,0.0541222,0.0295981,0.851211,27.9832,23.8196,0.963204,556.527,
0.988746,11.7494,0.0083623,0.0232862,0.0685311,0.00274819,0.00329966,0.0101519,0.0562979,0.0116666,0.848336,28.6098,24.2707,0.958676,570.294,
0.990815,11.778,0.00665454,0.0269881,0.0452885,0.0218032,0.00634823,0.0129823,0.035054,0.0284879,0.865426,28.3608,24.5442,0.937993,576.135,
0.951972,11.5324,0.0177976,0.00697525,0.0627852,0.0483101,0.0189732,0.0107068,0.048322,0.0437177,0.865052,27.2506,23.5731,0.961684,536.919,
0.946176,11.5549,0.00643435,0.00846115,0.0653958,0.0532542,0.00836433,0.00206202,0.0535782,0.0474502,0.846901,28.0428,23.7495,0.982756,548.183,

0.83484,8.46239,0.0137515,0.0294138,0.0544314,0.126743,0.00818148,0.0103712,0.0341012,0.0783324,0.706584,23.767,16.7934,0.909657,325.406,
0.883746,8.49193,0.00657223,0.0251201,0.051851,0.0854258,0.00624915,0.0134089,0.03547,0.0523233,0.745295,22.5326,16.7934,0.935119,307.049,
0.943345,8.77645,0.00587935,0.0396096,0.0119765,0.0357642,0.00839357,0.0218939,0.00996255,0.019275,0.778171,22.2718,17.3313,0.927166,315.81,
0.79937,8.27049,0.0312147,0.080879,0.0719366,0.145633,0.0161183,0.0408243,0.0397804,0.084491,0.654505,24.7305,16.1862,0.898929,312.473,
0.711201,8.12536,0.0726587,0.128168,0.0942798,0.202014,0.0318613,0.0583441,0.0476782,0.106716,0.524105,30.4876,15.9787,0.793865,332.081,
0.820254,8.63786,0.0376748,0.0454121,0.0542897,0.138293,0.0192363,0.0158188,0.0259042,0.0889968,0.584705,28.806,16.843,0.824736,347.517,

0.84853,8.61455,0.0112959,0.0145506,0.0250427,0.124381,0.00979359,0.0136977,0.0178552,0.0891254,0.761844,21.2461,16.1862,0.957166,299.123,
0.888054,8.73315,0.0246187,0.0109861,0.023683,0.0913399,0.0171785,0.00420387,0.0192603,0.0700165,0.718031,24.0028,17.2348,0.905443,342.928,
0.861757,7.96865,0.03228,0.0225634,0.0129906,0.117334,0.0200063,0.0257968,0.0133762,0.0877003,0.787589,19.1278,15.0648,0.961125,249.895,
0.867596,7.77315,0.0444539,0.0184405,0.0329809,0.108007,0.0355115,0.0252182,0.0491446,0.0834944,0.778407,18.7756,14.615,1.00333,230.704,
0.805684,7.50823,0.051639,0.017366,0.0734659,0.167919,0.0346353,0.0342476,0.0752816,0.123391,0.754605,18.9084,14.2684,0.968464,234.876,
0.764448,7.80462,0.0703088,0.00599155,0.0731355,0.203768,0.0483851,0.020365,0.0608046,0.144143,0.700301,20.8697,14.615,0.910599,262.828,

0.855461,10.028,0.0332801,0.0370161,0.0399869,0.112935,0.0191789,0.0257572,0.0228869,0.0728855,0.713831,29.1801,20.8296,0.920451,457.237,
0.835613,9.98185,0.0240943,0.026094,0.0105796,0.130654,0.0151647,0.0208008,0.00477835,0.0851392,0.673423,30.6921,20.6688,0.860982,474.341,
0.893346,10.1252,0.0195537,0.00259008,0.020141,0.0883149,0.0134575,0.00503037,0.0135358,0.0635146,0.793822,26.0371,20.6688,0.950074,449.727,
0.850959,9.98097,0.0184801,0.0524677,0.0133031,0.121727,0.0102932,0.0290107,0.00960831,0.0847983,0.701646,28.0428,19.6761,0.931988,450.979,
0.889479,10.3269,0.0231408,0.0353386,0.0177161,0.0885629,0.0170506,0.0201786,0.0123952,0.0620418,0.800819,26.7015,21.3831,0.950803,458.488,
0.843109,9.99088,0.0089122,0.0273647,0.0286837,0.127145,0.00732916,0.0141231,0.0190276,0.084292,0.744302,27.1662,20.2199,0.908795,463.077,

0.922207,9.03374,0.0275662,0.0164985,0.0271743,0.0651127,0.0161027,0.00850639,0.0181002,0.0483914,0.763015,22.0743,16.843,0.90715,310.804,
0.86995,8.82031,0.0223278,0.036652,0.0554857,0.106686,0.0177449,0.0250459,0.0435629,0.0763683,0.727675,22.2437,16.1862,0.952415,309.97,
0.79554,8.40587,0.0329479,0.0440049,0.0762894,0.168831,0.0152109,0.0290313,0.0491673,0.111863,0.685577,22.6894,15.5553,0.877144,293.7,

0.949267,5.78706,0.0906436,0.0217809,0.134039,0.0320538,0.0579804,0.0207844,0.0877994,0.0213938,0.563745,12.3399,6.95656,0.820497,90.1124,
0.846954,6.03676,0.0478713,0.127956,0.0453796,0.119015,0.0328947,0.112088,0.0223269,0.0671953,0.660347,14.1067,9.3153,0.870216,113.475,
0.812793,5.75214,0.043691,0.120939,0.12073,0.154245,0.0226137,0.0975942,0.0820831,0.0956065,0.607332,14.2684,8.66566,0.842936,104.297,
0.77353,6.03111,0.033817,0.0654285,0.151835,0.194318,0.0182879,0.0484502,0.109849,0.132444,0.561591,14.7288,8.27156,0.821776,125.156,

0.951561,9.1585,0.0127467,0.0192337,0.0191116,0.0292757,0.0105232,0.012056,0.0168036,0.0117385,0.757601,21.7026,16.4419,0.911633,294.117,
0.975797,9.0926,0.0232843,0.0351341,0.0399812,0.0145356,0.0138135,0.0261542,0.0250887,0.00824951,0.765348,20.3945,15.6089,0.879451,282.853,
0.908167,9.06491,0.0408534,0.00785507,0.0558171,0.0712494,0.0337993,0.0123732,0.0385843,0.045502,0.749429,22.0743,16.5431,0.927602,302.878,
0.90665,9.67144,0.0219929,0.0334971,0.0725751,0.0694518,0.0194265,0.0242099,0.0547376,0.0443317,0.659469,24.9321,16.4419,0.798248,353.357,
0.9593,9.31356,0.0109296,0.0386283,0.0242245,0.0288051,0.00322821,0.0284262,0.0170939,0.0146943,0.78187,21.029,16.4419,0.926092,302.043,
0.848875,8.96756,0.0283427,0.0347689,0.0534959,0.1166,0.0229333,0.0259045,0.0353021,0.0730514,0.652186,23.9332,15.6089,0.938088,315.393,

0.844207,8.52598,0.00600602,0.008171,0.0391496,0.116734,0.00604416,0.0215763,0.019649,0.0712455,0.662698,23.7143,15.7154,0.905262,303.295,
0.930318,8.94308,0.0305765,0.0368169,0.0363048,0.0505178,0.0218987,0.0318602,0.0277001,0.0279445,0.784465,20.8296,16.3401,0.940877,297.037,
0.896651,8.65254,0.0167062,0.0213423,0.0487591,0.0786392,0.00943463,0.0261419,0.0307085,0.0490743,0.761926,21.7122,16.5431,0.90821,304.964,
0.943894,9.13363,0.016033,0.0266575,0.0163786,0.0380436,0.0116775,0.0142894,0.00820046,0.0192693,0.74935,21.9416,16.4419,0.881703,308.718,
0.965036,9.31431,0.00791019,0.0494101,0.0260171,0.0200313,0.00408327,0.0343626,0.0208963,0.0103041,0.690015,23.8284,16.4419,0.843825,322.903,
0.979277,9.5769,0.0236597,0.0258266,0.0330271,0.014026,0.0202772,0.0238345,0.0199483,0.0046316,0.811396,21.6545,17.5704,0.9408,323.737,

0.66768,8.35308,0.0429105,0.0790463,0.0188446,0.298432,0.0216417,0.0429672,0.0285079,0.21085,0.524184,25.1321,13.1738,0.763385,305.798,
0.755776,8.13485,0.0519007,0.0279697,0.0559017,0.213739,0.0398594,0.0274808,0.0493315,0.151287,0.63693,20.2817,12.918,0.83514,248.643,
0.743604,8.12442,0.0675488,0.0743583,0.121714,0.228086,0.048369,0.0327413,0.101664,0.164549,0.60221,21.558,12.9824,0.847924,244.054,
0.704544,7.68636,0.0775386,0.0645889,0.0995177,0.252895,0.0579837,0.0366401,0.0850366,0.165952,0.538207,22.6434,12.1868,0.86096,228.618,
0.651357,7.77735,0.0783489,0.151857,0.0414381,0.305957,0.061911,0.100091,0.038582,0.203122,0.520846,24.5527,12.7882,0.843586,269.503,
0.694047,7.17514,0.047867,0.0914454,0.0369844,0.259723,0.0289009,0.062019,0.0317633,0.169382,0.512944,21.6641,11.1125,0.772095,200.25,

0.960536,8.88746,0.018177,0.0116601,0.0151715,0.0250536,0.0115499,0.0124479,0.00954428,0.0151613,0.78711,20.0333,15.7684,0.957604,273.257,
0.969115,9.04176,0.040371,0.0178296,0.0239203,0.026726,0.0230037,0.0138722,0.0183142,0.0220574,0.764199,20.4252,15.6089,0.874016,279.932,
0.958364,8.98789,0.0211388,0.00980671,0.0186804,0.0305691,0.0148692,0.0115382,0.0173945,0.0185141,0.793291,19.6761,15.6089,0.925292,282.435,
0.859151,8.81883,0.0489456,0.0316502,0.00731571,0.110836,0.0273514,0.0245139,0.0108576,0.0677689,0.701646,22.0932,15.5016,0.917171,290.779,
0.923314,9.11826,0.0595183,0.0134639,0.0283308,0.0587289,0.03236,0.0100128,0.013561,0.0407616,0.707107,22.2999,15.7684,0.823403,292.448,
0.931863,8.8501,0.0179778,0.0345168,0.0289782,0.0530931,0.0134703,0.0191601,0.023479,0.0378056,0.790184,20.6789,16.3401,0.9228,287.442,

0.905372,8.39544,0.0126098,0.0400753,0.03373,0.0762578,0.00550235,0.0330425,0.0259857,0.0499971,0.707107,20.8296,14.7288,0.880705,265.748,
0.934995,8.74448,0.0219405,0.0482668,0.0376181,0.0568412,0.0134468,0.020588,0.0181456,0.0432522,0.740164,21.0884,15.6089,0.868186,288.693,
0.93822,8.49809,0.00601389,0.0321143,0.0535511,0.0455277,0.00929895,0.0254602,0.0364073,0.0262839,0.752207,20.6082,15.5016,0.873358,267.834,
0.88055,8.11276,0.0362065,0.0239068,0.0758559,0.0926228,0.0154638,0.0179601,0.0456383,0.0592251,0.725163,19.6761,14.2684,0.90526,242.803,
0.869529,8.12394,0.027668,0.0210506,0.0449447,0.109726,0.0239092,0.0108197,0.0284741,0.0771088,0.694499,20.0333,13.9131,0.857504,248.643,
0.928714,8.67824,0.0403984,0.0362035,0.0437712,0.0646626,0.0256847,0.0279767,0.0243114,0.0518775,0.72806,20.2302,14.7288,0.881532,266.165,

0.949457,11.3575,0.0215193,0.0423976,0.0262294,0.0554202,0.0101416,0.0313632,0.0231561,0.054686,0.717518,28.806,20.6688,0.837849,497.704,
0.883434,9.53209,0.0144671,0.0245367,0.0130928,0.090058,0.0105836,0.0174102,0.00697756,0.0555169,0.755629,22.9363,17.3313,0.917724,350.854,
0.948701,10.3345,0.0144901,0.0518312,0.0172278,0.0364771,0.0101735,0.0393528,0.0177852,0.0181169,0.789349,23.8284,18.8089,0.875655,391.321,
0.866204,9.97329,0.00884856,0.0354812,0.0199794,0.105509,0.0084973,0.0220485,0.00971019,0.0693675,0.710445,25.7146,18.2688,0.856507,397.579,
0.899339,9.88689,0.0201425,0.0350419,0.0166508,0.0778568,0.0132742,0.0211826,0.0116327,0.0486415,0.759257,23.8196,18.0852,0.89277,368.793,
0.879981,10.8263,0.0296453,0.0252815,0.0250776,0.0996925,0.0234048,0.017603,0.0143246,0.0697172,0.669983,28.9216,19.377,0.692933,469.335,

0.913543,8.42288,0.0104053,0.0244111,0.0267893,0.0700059,0.00703087,0.0225171,0.0182453,0.0514875,0.789819,19.8975,15.7154,0.917983,278.681,
0.90052,8.40403,0.020444,0.0147321,0.0269638,0.080677,0.0148331,0.0154613,0.0232403,0.0575823,0.77741,21.8559,16.991,0.939529,302.878,
0.940205,8.54328,0.0216396,0.0421997,0.0150704,0.0415168,0.0153843,0.0326581,0.0150028,0.0241211,0.770497,21.4707,16.5431,0.90394,289.945,
0.908997,8.38787,0.0354062,0.0304841,0.0223254,0.0675449,0.0226294,0.0302968,0.0160971,0.0408689,0.759483,21.0389,15.9787,0.951072,282.853,
0.926042,8.44971,0.0168229,0.0108122,0.0191986,0.0551467,0.0138091,0.015713,0.0173928,0.0329397,0.818112,20.527,16.7934,0.942148,291.196,
0.962301,8.94036,0.0148757,0.0261983,0.0362669,0.0315541,0.0152705,0.0157147,0.0221801,0.0209601,0.69843,24.1155,16.843,0.810019,313.307,

